08/11/2026 04:38:55 - INFO - __main__ - === mBERT + Bi-LSTM + CRF | backbone=bert-base-multilingual-cased ===
08/11/2026 04:38:55 - INFO - __main__ - {
  "model_key": "mbert",
  "use_bilstm": true,
  "data_dir": "/root/phopunct/data/punctuation/News",
  "output_dir": "/root/phopunct/outputs/mbert_bilstm_news",
  "max_seq_length": 256,
  "lstm_hidden_size": 128,
  "train_batch_size": 16,
  "eval_batch_size": 32,
  "num_train_epochs": 8.0,
  "learning_rate": 2e-05,
  "warmup_ratio": 0.06,
  "max_grad_norm": 1.0,
  "seed": 42,
  "device": "cuda",
  "fp16": true,
  "max_train_examples": null,
  "max_eval_examples": null,
  "logging_steps": 50
}
08/11/2026 04:38:56 - INFO - httpx - HTTP Request: HEAD https://huggingface.co/bert-base-multilingual-cased/resolve/main/tokenizer_config.json "HTTP/1.1 200 OK"
08/11/2026 04:38:56 - INFO - httpx - HTTP Request: GET https://huggingface.co/api/models/bert-base-multilingual-cased/tree/main/additional_chat_templates?recursive=false&expand=false "HTTP/1.1 307 Temporary Redirect"
08/11/2026 04:38:56 - INFO - httpx - HTTP Request: GET https://huggingface.co/api/models/google-bert/bert-base-multilingual-cased/tree/main/additional_chat_templates?recursive=false&expand=false "HTTP/1.1 404 Not Found"
08/11/2026 04:38:56 - INFO - httpx - HTTP Request: GET https://huggingface.co/api/models/bert-base-multilingual-cased/tree/main?recursive=true&expand=false "HTTP/1.1 307 Temporary Redirect"
08/11/2026 04:38:57 - INFO - httpx - HTTP Request: GET https://huggingface.co/api/models/google-bert/bert-base-multilingual-cased/tree/main?recursive=true&expand=false "HTTP/1.1 200 OK"
08/11/2026 04:38:58 - INFO - httpx - HTTP Request: GET https://huggingface.co/api/models/bert-base-multilingual-cased "HTTP/1.1 307 Temporary Redirect"
08/11/2026 04:38:58 - INFO - httpx - HTTP Request: GET https://huggingface.co/api/models/google-bert/bert-base-multilingual-cased "HTTP/1.1 200 OK"
08/11/2026 04:38:58 - INFO - __main__ - Đang nạp dữ liệu train...
08/11/2026 04:40:38 - INFO - punc_dataset_word - convert_examples_to_features: 108000 examples -> 108000 features (0 rỗng bị bỏ, 30 bị truncate)
08/11/2026 04:40:46 - INFO - __main__ - Đang nạp dữ liệu valid...
08/11/2026 04:41:20 - INFO - punc_dataset_word - convert_examples_to_features: 36191 examples -> 36191 features (0 rỗng bị bỏ, 11 bị truncate)
08/11/2026 04:41:23 - INFO - __main__ - Train: 108000 features | Valid: 36191 features
08/11/2026 04:41:23 - INFO - httpx - HTTP Request: HEAD https://huggingface.co/bert-base-multilingual-cased/resolve/main/config.json "HTTP/1.1 200 OK"
Warning: You are sending unauthenticated requests to the HF Hub. Please set a HF_TOKEN to enable higher rate limits and faster downloads.
08/11/2026 04:41:23 - WARNING - huggingface_hub.utils._http - Warning: You are sending unauthenticated requests to the HF Hub. Please set a HF_TOKEN to enable higher rate limits and faster downloads.
08/11/2026 04:41:23 - INFO - httpx - HTTP Request: HEAD https://huggingface.co/bert-base-multilingual-cased/resolve/main/model.safetensors "HTTP/1.1 302 Found"
Loading weights:   0%|          | 0/199 [00:00<?, ?it/s]Loading weights: 100%|██████████| 199/199 [00:00<00:00, 4161.37it/s]
[transformers] [1mBertModel LOAD REPORT[0m from: bert-base-multilingual-cased
Key                                        | Status     |  | 
-------------------------------------------+------------+--+-
cls.seq_relationship.bias                  | UNEXPECTED |  | 
cls.predictions.bias                       | UNEXPECTED |  | 
cls.predictions.transform.dense.weight     | UNEXPECTED |  | 
cls.predictions.transform.LayerNorm.weight | UNEXPECTED |  | 
cls.predictions.transform.LayerNorm.bias   | UNEXPECTED |  | 
cls.seq_relationship.weight                | UNEXPECTED |  | 
cls.predictions.transform.dense.bias       | UNEXPECTED |  | 

Notes:
- UNEXPECTED:	can be ignored when loading from different task/architecture; not ok if you expect identical arch.
/root/phopunct/baseline_lstm_crf.py:247: FutureWarning: `torch.cuda.amp.GradScaler(args...)` is deprecated. Please use `torch.amp.GradScaler('cuda', args...)` instead.
  scaler = torch.cuda.amp.GradScaler(enabled=use_amp)
/root/phopunct/baseline_lstm_crf.py:261: FutureWarning: `torch.cuda.amp.autocast(args...)` is deprecated. Please use `torch.amp.autocast('cuda', args...)` instead.
  with torch.cuda.amp.autocast(enabled=use_amp):
/root/phopunct/baseline_lstm_crf.py:274: UserWarning: Detected call of `lr_scheduler.step()` before `optimizer.step()`. In PyTorch 1.1.0 and later, you should call them in the opposite order: `optimizer.step()` before `lr_scheduler.step()`.  Failure to do this will result in PyTorch skipping the first value of the learning rate schedule. See more details at https://pytorch.org/docs/stable/optim.html#how-to-adjust-learning-rate
  scheduler.step()
08/11/2026 04:41:45 - INFO - __main__ - [mBERT + Bi-LSTM + CRF] epoch 1 step 50/6750 loss=195.2360
08/11/2026 04:42:06 - INFO - __main__ - [mBERT + Bi-LSTM + CRF] epoch 1 step 100/6750 loss=141.6209
08/11/2026 04:42:28 - INFO - __main__ - [mBERT + Bi-LSTM + CRF] epoch 1 step 150/6750 loss=67.9254
08/11/2026 04:42:50 - INFO - __main__ - [mBERT + Bi-LSTM + CRF] epoch 1 step 200/6750 loss=40.9363
08/11/2026 04:43:12 - INFO - __main__ - [mBERT + Bi-LSTM + CRF] epoch 1 step 250/6750 loss=46.6795
08/11/2026 04:43:33 - INFO - __main__ - [mBERT + Bi-LSTM + CRF] epoch 1 step 300/6750 loss=42.0942
08/11/2026 04:43:55 - INFO - __main__ - [mBERT + Bi-LSTM + CRF] epoch 1 step 350/6750 loss=34.2798
08/11/2026 04:44:16 - INFO - __main__ - [mBERT + Bi-LSTM + CRF] epoch 1 step 400/6750 loss=37.8039
08/11/2026 04:44:38 - INFO - __main__ - [mBERT + Bi-LSTM + CRF] epoch 1 step 450/6750 loss=37.6010
08/11/2026 04:44:59 - INFO - __main__ - [mBERT + Bi-LSTM + CRF] epoch 1 step 500/6750 loss=32.0609
08/11/2026 04:45:20 - INFO - __main__ - [mBERT + Bi-LSTM + CRF] epoch 1 step 550/6750 loss=29.2350
08/11/2026 04:45:41 - INFO - __main__ - [mBERT + Bi-LSTM + CRF] epoch 1 step 600/6750 loss=31.9361
08/11/2026 04:46:02 - INFO - __main__ - [mBERT + Bi-LSTM + CRF] epoch 1 step 650/6750 loss=29.9184
08/11/2026 04:46:24 - INFO - __main__ - [mBERT + Bi-LSTM + CRF] epoch 1 step 700/6750 loss=25.8693
08/11/2026 04:46:46 - INFO - __main__ - [mBERT + Bi-LSTM + CRF] epoch 1 step 750/6750 loss=24.3090
08/11/2026 04:47:07 - INFO - __main__ - [mBERT + Bi-LSTM + CRF] epoch 1 step 800/6750 loss=24.8266
08/11/2026 04:47:29 - INFO - __main__ - [mBERT + Bi-LSTM + CRF] epoch 1 step 850/6750 loss=20.1111
08/11/2026 04:47:50 - INFO - __main__ - [mBERT + Bi-LSTM + CRF] epoch 1 step 900/6750 loss=25.2017
08/11/2026 04:48:12 - INFO - __main__ - [mBERT + Bi-LSTM + CRF] epoch 1 step 950/6750 loss=22.9023
08/11/2026 04:48:34 - INFO - __main__ - [mBERT + Bi-LSTM + CRF] epoch 1 step 1000/6750 loss=22.9767
08/11/2026 04:48:56 - INFO - __main__ - [mBERT + Bi-LSTM + CRF] epoch 1 step 1050/6750 loss=20.9779
08/11/2026 04:49:18 - INFO - __main__ - [mBERT + Bi-LSTM + CRF] epoch 1 step 1100/6750 loss=20.1043
08/11/2026 04:49:40 - INFO - __main__ - [mBERT + Bi-LSTM + CRF] epoch 1 step 1150/6750 loss=20.4356
08/11/2026 04:50:02 - INFO - __main__ - [mBERT + Bi-LSTM + CRF] epoch 1 step 1200/6750 loss=16.3178
08/11/2026 04:50:24 - INFO - __main__ - [mBERT + Bi-LSTM + CRF] epoch 1 step 1250/6750 loss=19.1979
08/11/2026 04:50:45 - INFO - __main__ - [mBERT + Bi-LSTM + CRF] epoch 1 step 1300/6750 loss=20.9900
08/11/2026 04:51:07 - INFO - __main__ - [mBERT + Bi-LSTM + CRF] epoch 1 step 1350/6750 loss=21.8070
08/11/2026 04:51:28 - INFO - __main__ - [mBERT + Bi-LSTM + CRF] epoch 1 step 1400/6750 loss=17.8287
08/11/2026 04:51:49 - INFO - __main__ - [mBERT + Bi-LSTM + CRF] epoch 1 step 1450/6750 loss=19.0085
08/11/2026 04:52:11 - INFO - __main__ - [mBERT + Bi-LSTM + CRF] epoch 1 step 1500/6750 loss=20.5014
08/11/2026 04:52:33 - INFO - __main__ - [mBERT + Bi-LSTM + CRF] epoch 1 step 1550/6750 loss=19.4856
08/11/2026 04:52:54 - INFO - __main__ - [mBERT + Bi-LSTM + CRF] epoch 1 step 1600/6750 loss=25.4045
08/11/2026 04:53:15 - INFO - __main__ - [mBERT + Bi-LSTM + CRF] epoch 1 step 1650/6750 loss=23.1440
08/11/2026 04:53:36 - INFO - __main__ - [mBERT + Bi-LSTM + CRF] epoch 1 step 1700/6750 loss=21.3884
08/11/2026 04:53:57 - INFO - __main__ - [mBERT + Bi-LSTM + CRF] epoch 1 step 1750/6750 loss=21.0566
08/11/2026 04:54:19 - INFO - __main__ - [mBERT + Bi-LSTM + CRF] epoch 1 step 1800/6750 loss=18.8496
08/11/2026 04:54:40 - INFO - __main__ - [mBERT + Bi-LSTM + CRF] epoch 1 step 1850/6750 loss=16.8152
08/11/2026 04:55:02 - INFO - __main__ - [mBERT + Bi-LSTM + CRF] epoch 1 step 1900/6750 loss=20.1956
08/11/2026 04:55:23 - INFO - __main__ - [mBERT + Bi-LSTM + CRF] epoch 1 step 1950/6750 loss=13.4849
08/11/2026 04:55:45 - INFO - __main__ - [mBERT + Bi-LSTM + CRF] epoch 1 step 2000/6750 loss=13.8625
08/11/2026 04:56:07 - INFO - __main__ - [mBERT + Bi-LSTM + CRF] epoch 1 step 2050/6750 loss=21.9033
08/11/2026 04:56:29 - INFO - __main__ - [mBERT + Bi-LSTM + CRF] epoch 1 step 2100/6750 loss=13.0448
08/11/2026 04:56:50 - INFO - __main__ - [mBERT + Bi-LSTM + CRF] epoch 1 step 2150/6750 loss=18.4589
08/11/2026 04:57:11 - INFO - __main__ - [mBERT + Bi-LSTM + CRF] epoch 1 step 2200/6750 loss=17.4803
08/11/2026 04:57:32 - INFO - __main__ - [mBERT + Bi-LSTM + CRF] epoch 1 step 2250/6750 loss=21.7982
08/11/2026 04:57:54 - INFO - __main__ - [mBERT + Bi-LSTM + CRF] epoch 1 step 2300/6750 loss=18.5534
08/11/2026 04:58:15 - INFO - __main__ - [mBERT + Bi-LSTM + CRF] epoch 1 step 2350/6750 loss=21.8095
08/11/2026 04:58:36 - INFO - __main__ - [mBERT + Bi-LSTM + CRF] epoch 1 step 2400/6750 loss=13.2626
08/11/2026 04:58:58 - INFO - __main__ - [mBERT + Bi-LSTM + CRF] epoch 1 step 2450/6750 loss=10.7985
08/11/2026 04:59:19 - INFO - __main__ - [mBERT + Bi-LSTM + CRF] epoch 1 step 2500/6750 loss=15.9964
08/11/2026 04:59:40 - INFO - __main__ - [mBERT + Bi-LSTM + CRF] epoch 1 step 2550/6750 loss=23.4164
08/11/2026 05:00:02 - INFO - __main__ - [mBERT + Bi-LSTM + CRF] epoch 1 step 2600/6750 loss=19.6980
08/11/2026 05:00:24 - INFO - __main__ - [mBERT + Bi-LSTM + CRF] epoch 1 step 2650/6750 loss=21.0955
08/11/2026 05:00:45 - INFO - __main__ - [mBERT + Bi-LSTM + CRF] epoch 1 step 2700/6750 loss=15.0868
08/11/2026 05:01:07 - INFO - __main__ - [mBERT + Bi-LSTM + CRF] epoch 1 step 2750/6750 loss=12.2941
08/11/2026 05:01:27 - INFO - __main__ - [mBERT + Bi-LSTM + CRF] epoch 1 step 2800/6750 loss=14.4123
08/11/2026 05:01:48 - INFO - __main__ - [mBERT + Bi-LSTM + CRF] epoch 1 step 2850/6750 loss=19.8886
08/11/2026 05:02:09 - INFO - __main__ - [mBERT + Bi-LSTM + CRF] epoch 1 step 2900/6750 loss=15.3781
08/11/2026 05:02:30 - INFO - __main__ - [mBERT + Bi-LSTM + CRF] epoch 1 step 2950/6750 loss=14.7635
08/11/2026 05:02:51 - INFO - __main__ - [mBERT + Bi-LSTM + CRF] epoch 1 step 3000/6750 loss=18.2180
08/11/2026 05:03:11 - INFO - __main__ - [mBERT + Bi-LSTM + CRF] epoch 1 step 3050/6750 loss=16.4134
08/11/2026 05:03:33 - INFO - __main__ - [mBERT + Bi-LSTM + CRF] epoch 1 step 3100/6750 loss=17.3005
08/11/2026 05:03:54 - INFO - __main__ - [mBERT + Bi-LSTM + CRF] epoch 1 step 3150/6750 loss=15.2660
08/11/2026 05:04:15 - INFO - __main__ - [mBERT + Bi-LSTM + CRF] epoch 1 step 3200/6750 loss=13.7334
08/11/2026 05:04:37 - INFO - __main__ - [mBERT + Bi-LSTM + CRF] epoch 1 step 3250/6750 loss=14.7680
08/11/2026 05:04:59 - INFO - __main__ - [mBERT + Bi-LSTM + CRF] epoch 1 step 3300/6750 loss=11.3100
08/11/2026 05:05:21 - INFO - __main__ - [mBERT + Bi-LSTM + CRF] epoch 1 step 3350/6750 loss=12.8183
08/11/2026 05:05:43 - INFO - __main__ - [mBERT + Bi-LSTM + CRF] epoch 1 step 3400/6750 loss=12.6803
08/11/2026 05:06:05 - INFO - __main__ - [mBERT + Bi-LSTM + CRF] epoch 1 step 3450/6750 loss=19.9295
08/11/2026 05:06:27 - INFO - __main__ - [mBERT + Bi-LSTM + CRF] epoch 1 step 3500/6750 loss=18.0344
08/11/2026 05:06:49 - INFO - __main__ - [mBERT + Bi-LSTM + CRF] epoch 1 step 3550/6750 loss=14.6380
08/11/2026 05:07:10 - INFO - __main__ - [mBERT + Bi-LSTM + CRF] epoch 1 step 3600/6750 loss=19.6453
08/11/2026 05:07:30 - INFO - __main__ - [mBERT + Bi-LSTM + CRF] epoch 1 step 3650/6750 loss=13.8367
08/11/2026 05:07:51 - INFO - __main__ - [mBERT + Bi-LSTM + CRF] epoch 1 step 3700/6750 loss=15.5341
08/11/2026 05:08:13 - INFO - __main__ - [mBERT + Bi-LSTM + CRF] epoch 1 step 3750/6750 loss=12.9450
08/11/2026 05:08:34 - INFO - __main__ - [mBERT + Bi-LSTM + CRF] epoch 1 step 3800/6750 loss=13.5861
08/11/2026 05:08:56 - INFO - __main__ - [mBERT + Bi-LSTM + CRF] epoch 1 step 3850/6750 loss=17.5582
08/11/2026 05:09:17 - INFO - __main__ - [mBERT + Bi-LSTM + CRF] epoch 1 step 3900/6750 loss=12.8001
08/11/2026 05:09:38 - INFO - __main__ - [mBERT + Bi-LSTM + CRF] epoch 1 step 3950/6750 loss=14.6198
08/11/2026 05:09:59 - INFO - __main__ - [mBERT + Bi-LSTM + CRF] epoch 1 step 4000/6750 loss=18.3230
08/11/2026 05:10:20 - INFO - __main__ - [mBERT + Bi-LSTM + CRF] epoch 1 step 4050/6750 loss=12.6131
08/11/2026 05:10:41 - INFO - __main__ - [mBERT + Bi-LSTM + CRF] epoch 1 step 4100/6750 loss=14.2502
08/11/2026 05:11:03 - INFO - __main__ - [mBERT + Bi-LSTM + CRF] epoch 1 step 4150/6750 loss=13.0037
08/11/2026 05:11:25 - INFO - __main__ - [mBERT + Bi-LSTM + CRF] epoch 1 step 4200/6750 loss=15.2134
08/11/2026 05:11:47 - INFO - __main__ - [mBERT + Bi-LSTM + CRF] epoch 1 step 4250/6750 loss=12.0481
08/11/2026 05:12:08 - INFO - __main__ - [mBERT + Bi-LSTM + CRF] epoch 1 step 4300/6750 loss=9.4362
08/11/2026 05:12:29 - INFO - __main__ - [mBERT + Bi-LSTM + CRF] epoch 1 step 4350/6750 loss=12.7107
08/11/2026 05:12:51 - INFO - __main__ - [mBERT + Bi-LSTM + CRF] epoch 1 step 4400/6750 loss=12.0778
08/11/2026 05:13:12 - INFO - __main__ - [mBERT + Bi-LSTM + CRF] epoch 1 step 4450/6750 loss=12.6069
08/11/2026 05:13:35 - INFO - __main__ - [mBERT + Bi-LSTM + CRF] epoch 1 step 4500/6750 loss=12.6132
08/11/2026 05:13:57 - INFO - __main__ - [mBERT + Bi-LSTM + CRF] epoch 1 step 4550/6750 loss=11.8197
08/11/2026 05:14:18 - INFO - __main__ - [mBERT + Bi-LSTM + CRF] epoch 1 step 4600/6750 loss=8.7576
08/11/2026 05:14:40 - INFO - __main__ - [mBERT + Bi-LSTM + CRF] epoch 1 step 4650/6750 loss=12.8134
08/11/2026 05:15:02 - INFO - __main__ - [mBERT + Bi-LSTM + CRF] epoch 1 step 4700/6750 loss=10.7964
08/11/2026 05:15:24 - INFO - __main__ - [mBERT + Bi-LSTM + CRF] epoch 1 step 4750/6750 loss=11.2714
08/11/2026 05:15:47 - INFO - __main__ - [mBERT + Bi-LSTM + CRF] epoch 1 step 4800/6750 loss=16.6890
08/11/2026 05:16:09 - INFO - __main__ - [mBERT + Bi-LSTM + CRF] epoch 1 step 4850/6750 loss=13.5506
08/11/2026 05:16:30 - INFO - __main__ - [mBERT + Bi-LSTM + CRF] epoch 1 step 4900/6750 loss=16.5519
08/11/2026 05:16:52 - INFO - __main__ - [mBERT + Bi-LSTM + CRF] epoch 1 step 4950/6750 loss=16.8985
08/11/2026 05:17:14 - INFO - __main__ - [mBERT + Bi-LSTM + CRF] epoch 1 step 5000/6750 loss=10.7655
08/11/2026 05:17:36 - INFO - __main__ - [mBERT + Bi-LSTM + CRF] epoch 1 step 5050/6750 loss=10.4122
08/11/2026 05:17:57 - INFO - __main__ - [mBERT + Bi-LSTM + CRF] epoch 1 step 5100/6750 loss=17.7474
08/11/2026 05:18:19 - INFO - __main__ - [mBERT + Bi-LSTM + CRF] epoch 1 step 5150/6750 loss=10.3934
08/11/2026 05:18:40 - INFO - __main__ - [mBERT + Bi-LSTM + CRF] epoch 1 step 5200/6750 loss=7.6965
08/11/2026 05:19:02 - INFO - __main__ - [mBERT + Bi-LSTM + CRF] epoch 1 step 5250/6750 loss=11.1621
08/11/2026 05:19:23 - INFO - __main__ - [mBERT + Bi-LSTM + CRF] epoch 1 step 5300/6750 loss=14.1095
08/11/2026 05:19:44 - INFO - __main__ - [mBERT + Bi-LSTM + CRF] epoch 1 step 5350/6750 loss=14.7433
08/11/2026 05:20:06 - INFO - __main__ - [mBERT + Bi-LSTM + CRF] epoch 1 step 5400/6750 loss=13.1885
08/11/2026 05:20:27 - INFO - __main__ - [mBERT + Bi-LSTM + CRF] epoch 1 step 5450/6750 loss=14.6218
08/11/2026 05:20:48 - INFO - __main__ - [mBERT + Bi-LSTM + CRF] epoch 1 step 5500/6750 loss=15.3650
08/11/2026 05:21:10 - INFO - __main__ - [mBERT + Bi-LSTM + CRF] epoch 1 step 5550/6750 loss=12.4566
08/11/2026 05:21:32 - INFO - __main__ - [mBERT + Bi-LSTM + CRF] epoch 1 step 5600/6750 loss=12.8255
08/11/2026 05:21:52 - INFO - __main__ - [mBERT + Bi-LSTM + CRF] epoch 1 step 5650/6750 loss=13.1848
08/11/2026 05:22:14 - INFO - __main__ - [mBERT + Bi-LSTM + CRF] epoch 1 step 5700/6750 loss=14.6444
08/11/2026 05:22:35 - INFO - __main__ - [mBERT + Bi-LSTM + CRF] epoch 1 step 5750/6750 loss=14.4482
08/11/2026 05:22:56 - INFO - __main__ - [mBERT + Bi-LSTM + CRF] epoch 1 step 5800/6750 loss=12.7276
08/11/2026 05:23:17 - INFO - __main__ - [mBERT + Bi-LSTM + CRF] epoch 1 step 5850/6750 loss=19.6696
08/11/2026 05:23:39 - INFO - __main__ - [mBERT + Bi-LSTM + CRF] epoch 1 step 5900/6750 loss=14.0419
08/11/2026 05:24:00 - INFO - __main__ - [mBERT + Bi-LSTM + CRF] epoch 1 step 5950/6750 loss=13.5961
08/11/2026 05:24:22 - INFO - __main__ - [mBERT + Bi-LSTM + CRF] epoch 1 step 6000/6750 loss=12.6699
08/11/2026 05:24:43 - INFO - __main__ - [mBERT + Bi-LSTM + CRF] epoch 1 step 6050/6750 loss=12.8170
08/11/2026 05:25:04 - INFO - __main__ - [mBERT + Bi-LSTM + CRF] epoch 1 step 6100/6750 loss=16.4666
08/11/2026 05:25:25 - INFO - __main__ - [mBERT + Bi-LSTM + CRF] epoch 1 step 6150/6750 loss=15.1752
08/11/2026 05:25:46 - INFO - __main__ - [mBERT + Bi-LSTM + CRF] epoch 1 step 6200/6750 loss=14.1256
08/11/2026 05:26:07 - INFO - __main__ - [mBERT + Bi-LSTM + CRF] epoch 1 step 6250/6750 loss=9.2822
08/11/2026 05:26:28 - INFO - __main__ - [mBERT + Bi-LSTM + CRF] epoch 1 step 6300/6750 loss=15.3361
08/11/2026 05:26:49 - INFO - __main__ - [mBERT + Bi-LSTM + CRF] epoch 1 step 6350/6750 loss=10.4456
08/11/2026 05:27:11 - INFO - __main__ - [mBERT + Bi-LSTM + CRF] epoch 1 step 6400/6750 loss=13.0397
08/11/2026 05:27:32 - INFO - __main__ - [mBERT + Bi-LSTM + CRF] epoch 1 step 6450/6750 loss=13.0232
08/11/2026 05:27:54 - INFO - __main__ - [mBERT + Bi-LSTM + CRF] epoch 1 step 6500/6750 loss=11.9628
08/11/2026 05:28:16 - INFO - __main__ - [mBERT + Bi-LSTM + CRF] epoch 1 step 6550/6750 loss=12.1549
08/11/2026 05:28:37 - INFO - __main__ - [mBERT + Bi-LSTM + CRF] epoch 1 step 6600/6750 loss=12.7959
08/11/2026 05:28:59 - INFO - __main__ - [mBERT + Bi-LSTM + CRF] epoch 1 step 6650/6750 loss=13.7770
08/11/2026 05:29:22 - INFO - __main__ - [mBERT + Bi-LSTM + CRF] epoch 1 step 6700/6750 loss=12.1416
08/11/2026 05:29:44 - INFO - __main__ - [mBERT + Bi-LSTM + CRF] epoch 1 step 6750/6750 loss=17.4930
08/11/2026 05:29:44 - INFO - __main__ - [mBERT + Bi-LSTM + CRF] Epoch 1 xong sau 2900.4s, avg_loss=20.8654
08/11/2026 05:33:33 - INFO - __main__ - [mBERT + Bi-LSTM + CRF] Epoch 1 - Valid macro F1 = 0.4083
              precision    recall  f1-score   support

      PERIOD     0.8163    0.7831    0.7994    140159
       COMMA     0.6981    0.6100    0.6511    162055
       COLON     0.5668    0.3610    0.4411     10825
       QMARK     0.5448    0.5092    0.5264      4884
      EXCLAM     0.0000    0.0000    0.0000      2556
   SEMICOLON     0.4384    0.0165    0.0317      1944

   micro avg     0.7477    0.6669    0.7050    322423
   macro avg     0.5107    0.3800    0.4083    322423
weighted avg     0.7356    0.6669    0.6977    322423

08/11/2026 05:33:37 - INFO - __main__ - -> [mBERT + Bi-LSTM + CRF] best checkpoint mới, macro F1 = 0.4083
/root/phopunct/baseline_lstm_crf.py:261: FutureWarning: `torch.cuda.amp.autocast(args...)` is deprecated. Please use `torch.amp.autocast('cuda', args...)` instead.
  with torch.cuda.amp.autocast(enabled=use_amp):
08/11/2026 05:33:58 - INFO - __main__ - [mBERT + Bi-LSTM + CRF] epoch 2 step 50/6750 loss=8.1579
08/11/2026 05:34:19 - INFO - __main__ - [mBERT + Bi-LSTM + CRF] epoch 2 step 100/6750 loss=12.6357
08/11/2026 05:34:41 - INFO - __main__ - [mBERT + Bi-LSTM + CRF] epoch 2 step 150/6750 loss=15.1992
08/11/2026 05:35:03 - INFO - __main__ - [mBERT + Bi-LSTM + CRF] epoch 2 step 200/6750 loss=10.4189
08/11/2026 05:35:24 - INFO - __main__ - [mBERT + Bi-LSTM + CRF] epoch 2 step 250/6750 loss=13.8502
08/11/2026 05:35:46 - INFO - __main__ - [mBERT + Bi-LSTM + CRF] epoch 2 step 300/6750 loss=8.4860
08/11/2026 05:36:08 - INFO - __main__ - [mBERT + Bi-LSTM + CRF] epoch 2 step 350/6750 loss=10.4877
08/11/2026 05:36:30 - INFO - __main__ - [mBERT + Bi-LSTM + CRF] epoch 2 step 400/6750 loss=12.3510
08/11/2026 05:36:52 - INFO - __main__ - [mBERT + Bi-LSTM + CRF] epoch 2 step 450/6750 loss=8.7142
08/11/2026 05:37:14 - INFO - __main__ - [mBERT + Bi-LSTM + CRF] epoch 2 step 500/6750 loss=12.5180
08/11/2026 05:37:35 - INFO - __main__ - [mBERT + Bi-LSTM + CRF] epoch 2 step 550/6750 loss=11.8899
08/11/2026 05:37:56 - INFO - __main__ - [mBERT + Bi-LSTM + CRF] epoch 2 step 600/6750 loss=10.8891
08/11/2026 05:38:17 - INFO - __main__ - [mBERT + Bi-LSTM + CRF] epoch 2 step 650/6750 loss=10.0025
08/11/2026 05:38:38 - INFO - __main__ - [mBERT + Bi-LSTM + CRF] epoch 2 step 700/6750 loss=12.1578
08/11/2026 05:38:59 - INFO - __main__ - [mBERT + Bi-LSTM + CRF] epoch 2 step 750/6750 loss=12.6540
08/11/2026 05:39:20 - INFO - __main__ - [mBERT + Bi-LSTM + CRF] epoch 2 step 800/6750 loss=9.9816
08/11/2026 05:39:41 - INFO - __main__ - [mBERT + Bi-LSTM + CRF] epoch 2 step 850/6750 loss=12.3904
08/11/2026 05:40:02 - INFO - __main__ - [mBERT + Bi-LSTM + CRF] epoch 2 step 900/6750 loss=10.7014
08/11/2026 05:40:23 - INFO - __main__ - [mBERT + Bi-LSTM + CRF] epoch 2 step 950/6750 loss=13.0367
08/11/2026 05:40:44 - INFO - __main__ - [mBERT + Bi-LSTM + CRF] epoch 2 step 1000/6750 loss=9.7388
08/11/2026 05:41:05 - INFO - __main__ - [mBERT + Bi-LSTM + CRF] epoch 2 step 1050/6750 loss=16.5645
08/11/2026 05:41:26 - INFO - __main__ - [mBERT + Bi-LSTM + CRF] epoch 2 step 1100/6750 loss=14.2189
08/11/2026 05:41:47 - INFO - __main__ - [mBERT + Bi-LSTM + CRF] epoch 2 step 1150/6750 loss=11.4023
08/11/2026 05:42:08 - INFO - __main__ - [mBERT + Bi-LSTM + CRF] epoch 2 step 1200/6750 loss=13.4088
08/11/2026 05:42:30 - INFO - __main__ - [mBERT + Bi-LSTM + CRF] epoch 2 step 1250/6750 loss=12.1578
08/11/2026 05:42:51 - INFO - __main__ - [mBERT + Bi-LSTM + CRF] epoch 2 step 1300/6750 loss=11.2840
08/11/2026 05:43:13 - INFO - __main__ - [mBERT + Bi-LSTM + CRF] epoch 2 step 1350/6750 loss=12.4618
08/11/2026 05:43:34 - INFO - __main__ - [mBERT + Bi-LSTM + CRF] epoch 2 step 1400/6750 loss=11.1694
08/11/2026 05:43:55 - INFO - __main__ - [mBERT + Bi-LSTM + CRF] epoch 2 step 1450/6750 loss=14.0806
08/11/2026 05:44:16 - INFO - __main__ - [mBERT + Bi-LSTM + CRF] epoch 2 step 1500/6750 loss=10.1740
08/11/2026 05:44:38 - INFO - __main__ - [mBERT + Bi-LSTM + CRF] epoch 2 step 1550/6750 loss=7.6552
08/11/2026 05:44:59 - INFO - __main__ - [mBERT + Bi-LSTM + CRF] epoch 2 step 1600/6750 loss=11.3037
08/11/2026 05:45:22 - INFO - __main__ - [mBERT + Bi-LSTM + CRF] epoch 2 step 1650/6750 loss=10.1950
08/11/2026 05:45:44 - INFO - __main__ - [mBERT + Bi-LSTM + CRF] epoch 2 step 1700/6750 loss=13.1288
08/11/2026 05:46:07 - INFO - __main__ - [mBERT + Bi-LSTM + CRF] epoch 2 step 1750/6750 loss=9.2783
08/11/2026 05:46:29 - INFO - __main__ - [mBERT + Bi-LSTM + CRF] epoch 2 step 1800/6750 loss=10.8249
08/11/2026 05:46:52 - INFO - __main__ - [mBERT + Bi-LSTM + CRF] epoch 2 step 1850/6750 loss=10.5267
08/11/2026 05:47:13 - INFO - __main__ - [mBERT + Bi-LSTM + CRF] epoch 2 step 1900/6750 loss=16.1199
08/11/2026 05:47:35 - INFO - __main__ - [mBERT + Bi-LSTM + CRF] epoch 2 step 1950/6750 loss=12.8169
08/11/2026 05:47:57 - INFO - __main__ - [mBERT + Bi-LSTM + CRF] epoch 2 step 2000/6750 loss=16.0568
08/11/2026 05:48:18 - INFO - __main__ - [mBERT + Bi-LSTM + CRF] epoch 2 step 2050/6750 loss=11.1320
08/11/2026 05:48:40 - INFO - __main__ - [mBERT + Bi-LSTM + CRF] epoch 2 step 2100/6750 loss=10.8983
08/11/2026 05:49:02 - INFO - __main__ - [mBERT + Bi-LSTM + CRF] epoch 2 step 2150/6750 loss=10.6143
08/11/2026 05:49:24 - INFO - __main__ - [mBERT + Bi-LSTM + CRF] epoch 2 step 2200/6750 loss=12.6207
08/11/2026 05:49:46 - INFO - __main__ - [mBERT + Bi-LSTM + CRF] epoch 2 step 2250/6750 loss=11.6401
08/11/2026 05:50:08 - INFO - __main__ - [mBERT + Bi-LSTM + CRF] epoch 2 step 2300/6750 loss=11.2536
08/11/2026 05:50:30 - INFO - __main__ - [mBERT + Bi-LSTM + CRF] epoch 2 step 2350/6750 loss=10.9991
08/11/2026 05:50:52 - INFO - __main__ - [mBERT + Bi-LSTM + CRF] epoch 2 step 2400/6750 loss=12.6089
08/11/2026 05:51:14 - INFO - __main__ - [mBERT + Bi-LSTM + CRF] epoch 2 step 2450/6750 loss=14.7737
08/11/2026 05:51:35 - INFO - __main__ - [mBERT + Bi-LSTM + CRF] epoch 2 step 2500/6750 loss=11.3581
08/11/2026 05:51:57 - INFO - __main__ - [mBERT + Bi-LSTM + CRF] epoch 2 step 2550/6750 loss=10.7914
08/11/2026 05:52:19 - INFO - __main__ - [mBERT + Bi-LSTM + CRF] epoch 2 step 2600/6750 loss=14.5421
08/11/2026 05:52:41 - INFO - __main__ - [mBERT + Bi-LSTM + CRF] epoch 2 step 2650/6750 loss=12.3683
08/11/2026 05:53:03 - INFO - __main__ - [mBERT + Bi-LSTM + CRF] epoch 2 step 2700/6750 loss=12.4325
08/11/2026 05:53:25 - INFO - __main__ - [mBERT + Bi-LSTM + CRF] epoch 2 step 2750/6750 loss=12.3510
08/11/2026 05:53:47 - INFO - __main__ - [mBERT + Bi-LSTM + CRF] epoch 2 step 2800/6750 loss=18.5985
08/11/2026 05:54:09 - INFO - __main__ - [mBERT + Bi-LSTM + CRF] epoch 2 step 2850/6750 loss=12.6929
08/11/2026 05:54:30 - INFO - __main__ - [mBERT + Bi-LSTM + CRF] epoch 2 step 2900/6750 loss=8.1100
08/11/2026 05:54:52 - INFO - __main__ - [mBERT + Bi-LSTM + CRF] epoch 2 step 2950/6750 loss=10.6334
08/11/2026 05:55:13 - INFO - __main__ - [mBERT + Bi-LSTM + CRF] epoch 2 step 3000/6750 loss=12.9585
08/11/2026 05:55:34 - INFO - __main__ - [mBERT + Bi-LSTM + CRF] epoch 2 step 3050/6750 loss=10.9964
08/11/2026 05:55:56 - INFO - __main__ - [mBERT + Bi-LSTM + CRF] epoch 2 step 3100/6750 loss=13.3728
08/11/2026 05:56:18 - INFO - __main__ - [mBERT + Bi-LSTM + CRF] epoch 2 step 3150/6750 loss=13.2831
08/11/2026 05:56:39 - INFO - __main__ - [mBERT + Bi-LSTM + CRF] epoch 2 step 3200/6750 loss=11.0019
08/11/2026 05:57:00 - INFO - __main__ - [mBERT + Bi-LSTM + CRF] epoch 2 step 3250/6750 loss=13.8678
08/11/2026 05:57:22 - INFO - __main__ - [mBERT + Bi-LSTM + CRF] epoch 2 step 3300/6750 loss=13.6427
08/11/2026 05:57:44 - INFO - __main__ - [mBERT + Bi-LSTM + CRF] epoch 2 step 3350/6750 loss=10.1871
08/11/2026 05:58:06 - INFO - __main__ - [mBERT + Bi-LSTM + CRF] epoch 2 step 3400/6750 loss=8.3775
08/11/2026 05:58:28 - INFO - __main__ - [mBERT + Bi-LSTM + CRF] epoch 2 step 3450/6750 loss=8.8066
08/11/2026 05:58:49 - INFO - __main__ - [mBERT + Bi-LSTM + CRF] epoch 2 step 3500/6750 loss=10.7114
08/11/2026 05:59:10 - INFO - __main__ - [mBERT + Bi-LSTM + CRF] epoch 2 step 3550/6750 loss=10.1760
08/11/2026 05:59:32 - INFO - __main__ - [mBERT + Bi-LSTM + CRF] epoch 2 step 3600/6750 loss=11.8635
08/11/2026 05:59:53 - INFO - __main__ - [mBERT + Bi-LSTM + CRF] epoch 2 step 3650/6750 loss=11.5608
08/11/2026 06:00:14 - INFO - __main__ - [mBERT + Bi-LSTM + CRF] epoch 2 step 3700/6750 loss=9.0507
08/11/2026 06:00:36 - INFO - __main__ - [mBERT + Bi-LSTM + CRF] epoch 2 step 3750/6750 loss=9.5011
08/11/2026 06:00:59 - INFO - __main__ - [mBERT + Bi-LSTM + CRF] epoch 2 step 3800/6750 loss=9.7636
08/11/2026 06:01:20 - INFO - __main__ - [mBERT + Bi-LSTM + CRF] epoch 2 step 3850/6750 loss=10.8493
08/11/2026 06:01:42 - INFO - __main__ - [mBERT + Bi-LSTM + CRF] epoch 2 step 3900/6750 loss=10.3520
08/11/2026 06:02:04 - INFO - __main__ - [mBERT + Bi-LSTM + CRF] epoch 2 step 3950/6750 loss=10.8702
08/11/2026 06:02:26 - INFO - __main__ - [mBERT + Bi-LSTM + CRF] epoch 2 step 4000/6750 loss=9.9553
08/11/2026 06:02:48 - INFO - __main__ - [mBERT + Bi-LSTM + CRF] epoch 2 step 4050/6750 loss=9.4364
08/11/2026 06:03:09 - INFO - __main__ - [mBERT + Bi-LSTM + CRF] epoch 2 step 4100/6750 loss=12.4611
08/11/2026 06:03:31 - INFO - __main__ - [mBERT + Bi-LSTM + CRF] epoch 2 step 4150/6750 loss=11.3727
08/11/2026 06:03:53 - INFO - __main__ - [mBERT + Bi-LSTM + CRF] epoch 2 step 4200/6750 loss=8.2741
08/11/2026 06:04:14 - INFO - __main__ - [mBERT + Bi-LSTM + CRF] epoch 2 step 4250/6750 loss=10.0293
08/11/2026 06:04:35 - INFO - __main__ - [mBERT + Bi-LSTM + CRF] epoch 2 step 4300/6750 loss=11.5232
08/11/2026 06:04:57 - INFO - __main__ - [mBERT + Bi-LSTM + CRF] epoch 2 step 4350/6750 loss=12.2226
08/11/2026 06:05:18 - INFO - __main__ - [mBERT + Bi-LSTM + CRF] epoch 2 step 4400/6750 loss=11.1042
08/11/2026 06:05:39 - INFO - __main__ - [mBERT + Bi-LSTM + CRF] epoch 2 step 4450/6750 loss=11.6199
08/11/2026 06:06:00 - INFO - __main__ - [mBERT + Bi-LSTM + CRF] epoch 2 step 4500/6750 loss=11.4167
08/11/2026 06:06:22 - INFO - __main__ - [mBERT + Bi-LSTM + CRF] epoch 2 step 4550/6750 loss=13.5213
08/11/2026 06:06:43 - INFO - __main__ - [mBERT + Bi-LSTM + CRF] epoch 2 step 4600/6750 loss=8.7121
08/11/2026 06:07:05 - INFO - __main__ - [mBERT + Bi-LSTM + CRF] epoch 2 step 4650/6750 loss=8.4054
08/11/2026 06:07:26 - INFO - __main__ - [mBERT + Bi-LSTM + CRF] epoch 2 step 4700/6750 loss=10.6638
08/11/2026 06:07:47 - INFO - __main__ - [mBERT + Bi-LSTM + CRF] epoch 2 step 4750/6750 loss=6.6830
08/11/2026 06:08:08 - INFO - __main__ - [mBERT + Bi-LSTM + CRF] epoch 2 step 4800/6750 loss=14.1940
08/11/2026 06:08:29 - INFO - __main__ - [mBERT + Bi-LSTM + CRF] epoch 2 step 4850/6750 loss=9.0698
08/11/2026 06:08:50 - INFO - __main__ - [mBERT + Bi-LSTM + CRF] epoch 2 step 4900/6750 loss=10.4412
08/11/2026 06:09:11 - INFO - __main__ - [mBERT + Bi-LSTM + CRF] epoch 2 step 4950/6750 loss=11.6491
08/11/2026 06:09:33 - INFO - __main__ - [mBERT + Bi-LSTM + CRF] epoch 2 step 5000/6750 loss=12.3528
08/11/2026 06:09:54 - INFO - __main__ - [mBERT + Bi-LSTM + CRF] epoch 2 step 5050/6750 loss=13.3208
08/11/2026 06:10:16 - INFO - __main__ - [mBERT + Bi-LSTM + CRF] epoch 2 step 5100/6750 loss=13.3423
08/11/2026 06:10:38 - INFO - __main__ - [mBERT + Bi-LSTM + CRF] epoch 2 step 5150/6750 loss=11.9571
08/11/2026 06:10:58 - INFO - __main__ - [mBERT + Bi-LSTM + CRF] epoch 2 step 5200/6750 loss=10.9278
08/11/2026 06:11:19 - INFO - __main__ - [mBERT + Bi-LSTM + CRF] epoch 2 step 5250/6750 loss=9.9655
08/11/2026 06:11:41 - INFO - __main__ - [mBERT + Bi-LSTM + CRF] epoch 2 step 5300/6750 loss=15.7871
08/11/2026 06:12:02 - INFO - __main__ - [mBERT + Bi-LSTM + CRF] epoch 2 step 5350/6750 loss=13.3891
08/11/2026 06:12:24 - INFO - __main__ - [mBERT + Bi-LSTM + CRF] epoch 2 step 5400/6750 loss=9.9198
08/11/2026 06:12:45 - INFO - __main__ - [mBERT + Bi-LSTM + CRF] epoch 2 step 5450/6750 loss=7.6925
08/11/2026 06:13:06 - INFO - __main__ - [mBERT + Bi-LSTM + CRF] epoch 2 step 5500/6750 loss=15.0467
08/11/2026 06:13:28 - INFO - __main__ - [mBERT + Bi-LSTM + CRF] epoch 2 step 5550/6750 loss=12.3397
08/11/2026 06:13:49 - INFO - __main__ - [mBERT + Bi-LSTM + CRF] epoch 2 step 5600/6750 loss=9.1993
08/11/2026 06:14:10 - INFO - __main__ - [mBERT + Bi-LSTM + CRF] epoch 2 step 5650/6750 loss=10.6574
08/11/2026 06:14:31 - INFO - __main__ - [mBERT + Bi-LSTM + CRF] epoch 2 step 5700/6750 loss=11.3039
08/11/2026 06:14:52 - INFO - __main__ - [mBERT + Bi-LSTM + CRF] epoch 2 step 5750/6750 loss=13.2954
08/11/2026 06:15:13 - INFO - __main__ - [mBERT + Bi-LSTM + CRF] epoch 2 step 5800/6750 loss=13.6773
08/11/2026 06:15:34 - INFO - __main__ - [mBERT + Bi-LSTM + CRF] epoch 2 step 5850/6750 loss=12.2923
08/11/2026 06:15:55 - INFO - __main__ - [mBERT + Bi-LSTM + CRF] epoch 2 step 5900/6750 loss=9.2536
08/11/2026 06:16:16 - INFO - __main__ - [mBERT + Bi-LSTM + CRF] epoch 2 step 5950/6750 loss=9.9895
08/11/2026 06:16:36 - INFO - __main__ - [mBERT + Bi-LSTM + CRF] epoch 2 step 6000/6750 loss=9.3255
08/11/2026 06:16:57 - INFO - __main__ - [mBERT + Bi-LSTM + CRF] epoch 2 step 6050/6750 loss=8.5889
08/11/2026 06:17:18 - INFO - __main__ - [mBERT + Bi-LSTM + CRF] epoch 2 step 6100/6750 loss=14.2509
08/11/2026 06:17:39 - INFO - __main__ - [mBERT + Bi-LSTM + CRF] epoch 2 step 6150/6750 loss=9.8081
08/11/2026 06:18:00 - INFO - __main__ - [mBERT + Bi-LSTM + CRF] epoch 2 step 6200/6750 loss=9.6063
08/11/2026 06:18:21 - INFO - __main__ - [mBERT + Bi-LSTM + CRF] epoch 2 step 6250/6750 loss=9.3594
08/11/2026 06:18:42 - INFO - __main__ - [mBERT + Bi-LSTM + CRF] epoch 2 step 6300/6750 loss=10.9223
08/11/2026 06:19:03 - INFO - __main__ - [mBERT + Bi-LSTM + CRF] epoch 2 step 6350/6750 loss=7.5488
08/11/2026 06:19:25 - INFO - __main__ - [mBERT + Bi-LSTM + CRF] epoch 2 step 6400/6750 loss=10.0727
08/11/2026 06:19:46 - INFO - __main__ - [mBERT + Bi-LSTM + CRF] epoch 2 step 6450/6750 loss=12.3537
08/11/2026 06:20:08 - INFO - __main__ - [mBERT + Bi-LSTM + CRF] epoch 2 step 6500/6750 loss=11.0335
08/11/2026 06:20:30 - INFO - __main__ - [mBERT + Bi-LSTM + CRF] epoch 2 step 6550/6750 loss=10.1713
08/11/2026 06:20:51 - INFO - __main__ - [mBERT + Bi-LSTM + CRF] epoch 2 step 6600/6750 loss=10.3341
08/11/2026 06:21:13 - INFO - __main__ - [mBERT + Bi-LSTM + CRF] epoch 2 step 6650/6750 loss=9.5013
08/11/2026 06:21:35 - INFO - __main__ - [mBERT + Bi-LSTM + CRF] epoch 2 step 6700/6750 loss=10.3465
08/11/2026 06:21:57 - INFO - __main__ - [mBERT + Bi-LSTM + CRF] epoch 2 step 6750/6750 loss=12.2697
08/11/2026 06:21:57 - INFO - __main__ - [mBERT + Bi-LSTM + CRF] Epoch 2 xong sau 2900.2s, avg_loss=11.4054
08/11/2026 06:25:45 - INFO - __main__ - [mBERT + Bi-LSTM + CRF] Epoch 2 - Valid macro F1 = 0.4668
              precision    recall  f1-score   support

      PERIOD     0.8055    0.8370    0.8210    140159
       COMMA     0.7118    0.6550    0.6822    162055
       COLON     0.6308    0.4073    0.4950     10825
       QMARK     0.6807    0.5473    0.6067      4884
      EXCLAM     0.5597    0.0696    0.1239      2556
   SEMICOLON     0.5245    0.0386    0.0719      1944

   micro avg     0.7539    0.7158    0.7343    322423
   macro avg     0.6521    0.4258    0.4668    322423
weighted avg     0.7470    0.7158    0.7270    322423

08/11/2026 06:25:51 - INFO - __main__ - -> [mBERT + Bi-LSTM + CRF] best checkpoint mới, macro F1 = 0.4668
/root/phopunct/baseline_lstm_crf.py:261: FutureWarning: `torch.cuda.amp.autocast(args...)` is deprecated. Please use `torch.amp.autocast('cuda', args...)` instead.
  with torch.cuda.amp.autocast(enabled=use_amp):
08/11/2026 06:26:12 - INFO - __main__ - [mBERT + Bi-LSTM + CRF] epoch 3 step 50/6750 loss=10.8851
08/11/2026 06:26:34 - INFO - __main__ - [mBERT + Bi-LSTM + CRF] epoch 3 step 100/6750 loss=8.0919
08/11/2026 06:26:55 - INFO - __main__ - [mBERT + Bi-LSTM + CRF] epoch 3 step 150/6750 loss=10.7062
08/11/2026 06:27:16 - INFO - __main__ - [mBERT + Bi-LSTM + CRF] epoch 3 step 200/6750 loss=10.1455
08/11/2026 06:27:37 - INFO - __main__ - [mBERT + Bi-LSTM + CRF] epoch 3 step 250/6750 loss=6.9728
08/11/2026 06:27:57 - INFO - __main__ - [mBERT + Bi-LSTM + CRF] epoch 3 step 300/6750 loss=8.4885
08/11/2026 06:28:18 - INFO - __main__ - [mBERT + Bi-LSTM + CRF] epoch 3 step 350/6750 loss=9.9757
08/11/2026 06:28:39 - INFO - __main__ - [mBERT + Bi-LSTM + CRF] epoch 3 step 400/6750 loss=7.7133
08/11/2026 06:29:00 - INFO - __main__ - [mBERT + Bi-LSTM + CRF] epoch 3 step 450/6750 loss=10.6446
08/11/2026 06:29:20 - INFO - __main__ - [mBERT + Bi-LSTM + CRF] epoch 3 step 500/6750 loss=11.8315
08/11/2026 06:29:42 - INFO - __main__ - [mBERT + Bi-LSTM + CRF] epoch 3 step 550/6750 loss=7.5197
08/11/2026 06:30:04 - INFO - __main__ - [mBERT + Bi-LSTM + CRF] epoch 3 step 600/6750 loss=7.3707
08/11/2026 06:30:26 - INFO - __main__ - [mBERT + Bi-LSTM + CRF] epoch 3 step 650/6750 loss=11.6650
08/11/2026 06:30:47 - INFO - __main__ - [mBERT + Bi-LSTM + CRF] epoch 3 step 700/6750 loss=11.4053
08/11/2026 06:31:09 - INFO - __main__ - [mBERT + Bi-LSTM + CRF] epoch 3 step 750/6750 loss=9.8082
08/11/2026 06:31:31 - INFO - __main__ - [mBERT + Bi-LSTM + CRF] epoch 3 step 800/6750 loss=12.0194
08/11/2026 06:31:52 - INFO - __main__ - [mBERT + Bi-LSTM + CRF] epoch 3 step 850/6750 loss=8.9128
08/11/2026 06:32:14 - INFO - __main__ - [mBERT + Bi-LSTM + CRF] epoch 3 step 900/6750 loss=8.9336
08/11/2026 06:32:37 - INFO - __main__ - [mBERT + Bi-LSTM + CRF] epoch 3 step 950/6750 loss=9.6886
08/11/2026 06:32:58 - INFO - __main__ - [mBERT + Bi-LSTM + CRF] epoch 3 step 1000/6750 loss=11.1383
08/11/2026 06:33:20 - INFO - __main__ - [mBERT + Bi-LSTM + CRF] epoch 3 step 1050/6750 loss=8.0496
08/11/2026 06:33:42 - INFO - __main__ - [mBERT + Bi-LSTM + CRF] epoch 3 step 1100/6750 loss=11.2292
08/11/2026 06:34:04 - INFO - __main__ - [mBERT + Bi-LSTM + CRF] epoch 3 step 1150/6750 loss=11.5135
08/11/2026 06:34:26 - INFO - __main__ - [mBERT + Bi-LSTM + CRF] epoch 3 step 1200/6750 loss=9.6435
08/11/2026 06:34:48 - INFO - __main__ - [mBERT + Bi-LSTM + CRF] epoch 3 step 1250/6750 loss=10.1203
08/11/2026 06:35:09 - INFO - __main__ - [mBERT + Bi-LSTM + CRF] epoch 3 step 1300/6750 loss=6.7943
08/11/2026 06:35:31 - INFO - __main__ - [mBERT + Bi-LSTM + CRF] epoch 3 step 1350/6750 loss=9.5399
08/11/2026 06:35:53 - INFO - __main__ - [mBERT + Bi-LSTM + CRF] epoch 3 step 1400/6750 loss=7.4253
08/11/2026 06:36:15 - INFO - __main__ - [mBERT + Bi-LSTM + CRF] epoch 3 step 1450/6750 loss=10.4645
08/11/2026 06:36:36 - INFO - __main__ - [mBERT + Bi-LSTM + CRF] epoch 3 step 1500/6750 loss=8.7152
08/11/2026 06:36:58 - INFO - __main__ - [mBERT + Bi-LSTM + CRF] epoch 3 step 1550/6750 loss=13.3706
08/11/2026 06:37:20 - INFO - __main__ - [mBERT + Bi-LSTM + CRF] epoch 3 step 1600/6750 loss=13.0854
08/11/2026 06:37:41 - INFO - __main__ - [mBERT + Bi-LSTM + CRF] epoch 3 step 1650/6750 loss=8.2395
08/11/2026 06:38:03 - INFO - __main__ - [mBERT + Bi-LSTM + CRF] epoch 3 step 1700/6750 loss=11.3861
08/11/2026 06:38:25 - INFO - __main__ - [mBERT + Bi-LSTM + CRF] epoch 3 step 1750/6750 loss=10.7188
08/11/2026 06:38:46 - INFO - __main__ - [mBERT + Bi-LSTM + CRF] epoch 3 step 1800/6750 loss=9.1599
08/11/2026 06:39:08 - INFO - __main__ - [mBERT + Bi-LSTM + CRF] epoch 3 step 1850/6750 loss=12.4970
08/11/2026 06:39:29 - INFO - __main__ - [mBERT + Bi-LSTM + CRF] epoch 3 step 1900/6750 loss=8.1611
08/11/2026 06:39:51 - INFO - __main__ - [mBERT + Bi-LSTM + CRF] epoch 3 step 1950/6750 loss=9.8656
08/11/2026 06:40:13 - INFO - __main__ - [mBERT + Bi-LSTM + CRF] epoch 3 step 2000/6750 loss=8.3575
08/11/2026 06:40:34 - INFO - __main__ - [mBERT + Bi-LSTM + CRF] epoch 3 step 2050/6750 loss=9.1735
08/11/2026 06:40:55 - INFO - __main__ - [mBERT + Bi-LSTM + CRF] epoch 3 step 2100/6750 loss=9.1212
08/11/2026 06:41:17 - INFO - __main__ - [mBERT + Bi-LSTM + CRF] epoch 3 step 2150/6750 loss=11.4129
08/11/2026 06:41:38 - INFO - __main__ - [mBERT + Bi-LSTM + CRF] epoch 3 step 2200/6750 loss=12.8337
08/11/2026 06:42:00 - INFO - __main__ - [mBERT + Bi-LSTM + CRF] epoch 3 step 2250/6750 loss=10.8425
08/11/2026 06:42:21 - INFO - __main__ - [mBERT + Bi-LSTM + CRF] epoch 3 step 2300/6750 loss=9.6280
08/11/2026 06:42:42 - INFO - __main__ - [mBERT + Bi-LSTM + CRF] epoch 3 step 2350/6750 loss=8.0773
08/11/2026 06:43:04 - INFO - __main__ - [mBERT + Bi-LSTM + CRF] epoch 3 step 2400/6750 loss=10.9461
08/11/2026 06:43:25 - INFO - __main__ - [mBERT + Bi-LSTM + CRF] epoch 3 step 2450/6750 loss=13.4718
08/11/2026 06:43:47 - INFO - __main__ - [mBERT + Bi-LSTM + CRF] epoch 3 step 2500/6750 loss=10.8250
08/11/2026 06:44:08 - INFO - __main__ - [mBERT + Bi-LSTM + CRF] epoch 3 step 2550/6750 loss=12.7354
08/11/2026 06:44:30 - INFO - __main__ - [mBERT + Bi-LSTM + CRF] epoch 3 step 2600/6750 loss=8.5963
08/11/2026 06:44:51 - INFO - __main__ - [mBERT + Bi-LSTM + CRF] epoch 3 step 2650/6750 loss=10.2032
08/11/2026 06:45:12 - INFO - __main__ - [mBERT + Bi-LSTM + CRF] epoch 3 step 2700/6750 loss=7.4091
08/11/2026 06:45:34 - INFO - __main__ - [mBERT + Bi-LSTM + CRF] epoch 3 step 2750/6750 loss=11.6396
08/11/2026 06:45:55 - INFO - __main__ - [mBERT + Bi-LSTM + CRF] epoch 3 step 2800/6750 loss=11.1619
08/11/2026 06:46:17 - INFO - __main__ - [mBERT + Bi-LSTM + CRF] epoch 3 step 2850/6750 loss=11.3588
08/11/2026 06:46:38 - INFO - __main__ - [mBERT + Bi-LSTM + CRF] epoch 3 step 2900/6750 loss=8.3336
08/11/2026 06:47:00 - INFO - __main__ - [mBERT + Bi-LSTM + CRF] epoch 3 step 2950/6750 loss=9.1972
08/11/2026 06:47:22 - INFO - __main__ - [mBERT + Bi-LSTM + CRF] epoch 3 step 3000/6750 loss=9.4569
08/11/2026 06:47:43 - INFO - __main__ - [mBERT + Bi-LSTM + CRF] epoch 3 step 3050/6750 loss=9.4861
08/11/2026 06:48:05 - INFO - __main__ - [mBERT + Bi-LSTM + CRF] epoch 3 step 3100/6750 loss=11.2777
08/11/2026 06:48:26 - INFO - __main__ - [mBERT + Bi-LSTM + CRF] epoch 3 step 3150/6750 loss=11.2571
08/11/2026 06:48:48 - INFO - __main__ - [mBERT + Bi-LSTM + CRF] epoch 3 step 3200/6750 loss=7.3806
08/11/2026 06:49:09 - INFO - __main__ - [mBERT + Bi-LSTM + CRF] epoch 3 step 3250/6750 loss=11.8192
08/11/2026 06:49:31 - INFO - __main__ - [mBERT + Bi-LSTM + CRF] epoch 3 step 3300/6750 loss=10.0068
08/11/2026 06:49:52 - INFO - __main__ - [mBERT + Bi-LSTM + CRF] epoch 3 step 3350/6750 loss=10.9077
08/11/2026 06:50:13 - INFO - __main__ - [mBERT + Bi-LSTM + CRF] epoch 3 step 3400/6750 loss=8.8574
08/11/2026 06:50:35 - INFO - __main__ - [mBERT + Bi-LSTM + CRF] epoch 3 step 3450/6750 loss=10.6221
08/11/2026 06:50:56 - INFO - __main__ - [mBERT + Bi-LSTM + CRF] epoch 3 step 3500/6750 loss=10.1288
08/11/2026 06:51:18 - INFO - __main__ - [mBERT + Bi-LSTM + CRF] epoch 3 step 3550/6750 loss=9.7901
08/11/2026 06:51:39 - INFO - __main__ - [mBERT + Bi-LSTM + CRF] epoch 3 step 3600/6750 loss=9.2253
08/11/2026 06:52:00 - INFO - __main__ - [mBERT + Bi-LSTM + CRF] epoch 3 step 3650/6750 loss=10.0435
08/11/2026 06:52:22 - INFO - __main__ - [mBERT + Bi-LSTM + CRF] epoch 3 step 3700/6750 loss=7.1536
08/11/2026 06:52:43 - INFO - __main__ - [mBERT + Bi-LSTM + CRF] epoch 3 step 3750/6750 loss=9.0319
08/11/2026 06:53:05 - INFO - __main__ - [mBERT + Bi-LSTM + CRF] epoch 3 step 3800/6750 loss=9.5929
08/11/2026 06:53:26 - INFO - __main__ - [mBERT + Bi-LSTM + CRF] epoch 3 step 3850/6750 loss=7.7888
08/11/2026 06:53:48 - INFO - __main__ - [mBERT + Bi-LSTM + CRF] epoch 3 step 3900/6750 loss=10.5865
08/11/2026 06:54:10 - INFO - __main__ - [mBERT + Bi-LSTM + CRF] epoch 3 step 3950/6750 loss=7.2588
08/11/2026 06:54:31 - INFO - __main__ - [mBERT + Bi-LSTM + CRF] epoch 3 step 4000/6750 loss=10.7365
08/11/2026 06:54:52 - INFO - __main__ - [mBERT + Bi-LSTM + CRF] epoch 3 step 4050/6750 loss=7.9968
08/11/2026 06:55:14 - INFO - __main__ - [mBERT + Bi-LSTM + CRF] epoch 3 step 4100/6750 loss=9.6826
08/11/2026 06:55:36 - INFO - __main__ - [mBERT + Bi-LSTM + CRF] epoch 3 step 4150/6750 loss=9.6829
08/11/2026 06:55:57 - INFO - __main__ - [mBERT + Bi-LSTM + CRF] epoch 3 step 4200/6750 loss=9.1063
08/11/2026 06:56:19 - INFO - __main__ - [mBERT + Bi-LSTM + CRF] epoch 3 step 4250/6750 loss=10.7698
08/11/2026 06:56:40 - INFO - __main__ - [mBERT + Bi-LSTM + CRF] epoch 3 step 4300/6750 loss=8.3858
08/11/2026 06:57:01 - INFO - __main__ - [mBERT + Bi-LSTM + CRF] epoch 3 step 4350/6750 loss=8.4214
08/11/2026 06:57:23 - INFO - __main__ - [mBERT + Bi-LSTM + CRF] epoch 3 step 4400/6750 loss=11.6625
08/11/2026 06:57:44 - INFO - __main__ - [mBERT + Bi-LSTM + CRF] epoch 3 step 4450/6750 loss=9.5261
08/11/2026 06:58:06 - INFO - __main__ - [mBERT + Bi-LSTM + CRF] epoch 3 step 4500/6750 loss=10.4917
08/11/2026 06:58:28 - INFO - __main__ - [mBERT + Bi-LSTM + CRF] epoch 3 step 4550/6750 loss=9.0537
08/11/2026 06:58:50 - INFO - __main__ - [mBERT + Bi-LSTM + CRF] epoch 3 step 4600/6750 loss=12.5096
08/11/2026 06:59:12 - INFO - __main__ - [mBERT + Bi-LSTM + CRF] epoch 3 step 4650/6750 loss=9.2278
08/11/2026 06:59:34 - INFO - __main__ - [mBERT + Bi-LSTM + CRF] epoch 3 step 4700/6750 loss=10.2019
08/11/2026 06:59:56 - INFO - __main__ - [mBERT + Bi-LSTM + CRF] epoch 3 step 4750/6750 loss=7.9431
08/11/2026 07:00:18 - INFO - __main__ - [mBERT + Bi-LSTM + CRF] epoch 3 step 4800/6750 loss=10.6844
08/11/2026 07:00:39 - INFO - __main__ - [mBERT + Bi-LSTM + CRF] epoch 3 step 4850/6750 loss=8.0523
08/11/2026 07:01:00 - INFO - __main__ - [mBERT + Bi-LSTM + CRF] epoch 3 step 4900/6750 loss=7.4534
08/11/2026 07:01:22 - INFO - __main__ - [mBERT + Bi-LSTM + CRF] epoch 3 step 4950/6750 loss=7.3688
08/11/2026 07:01:44 - INFO - __main__ - [mBERT + Bi-LSTM + CRF] epoch 3 step 5000/6750 loss=9.0111
08/11/2026 07:02:05 - INFO - __main__ - [mBERT + Bi-LSTM + CRF] epoch 3 step 5050/6750 loss=8.3454
08/11/2026 07:02:26 - INFO - __main__ - [mBERT + Bi-LSTM + CRF] epoch 3 step 5100/6750 loss=10.1215
08/11/2026 07:02:47 - INFO - __main__ - [mBERT + Bi-LSTM + CRF] epoch 3 step 5150/6750 loss=11.4397
08/11/2026 07:03:08 - INFO - __main__ - [mBERT + Bi-LSTM + CRF] epoch 3 step 5200/6750 loss=12.0346
08/11/2026 07:03:29 - INFO - __main__ - [mBERT + Bi-LSTM + CRF] epoch 3 step 5250/6750 loss=7.0401
08/11/2026 07:03:50 - INFO - __main__ - [mBERT + Bi-LSTM + CRF] epoch 3 step 5300/6750 loss=12.9820
08/11/2026 07:04:11 - INFO - __main__ - [mBERT + Bi-LSTM + CRF] epoch 3 step 5350/6750 loss=6.6805
08/11/2026 07:04:32 - INFO - __main__ - [mBERT + Bi-LSTM + CRF] epoch 3 step 5400/6750 loss=7.6284
08/11/2026 07:04:54 - INFO - __main__ - [mBERT + Bi-LSTM + CRF] epoch 3 step 5450/6750 loss=10.1573
08/11/2026 07:05:15 - INFO - __main__ - [mBERT + Bi-LSTM + CRF] epoch 3 step 5500/6750 loss=6.8598
08/11/2026 07:05:37 - INFO - __main__ - [mBERT + Bi-LSTM + CRF] epoch 3 step 5550/6750 loss=9.0379
08/11/2026 07:05:58 - INFO - __main__ - [mBERT + Bi-LSTM + CRF] epoch 3 step 5600/6750 loss=9.1051
08/11/2026 07:06:19 - INFO - __main__ - [mBERT + Bi-LSTM + CRF] epoch 3 step 5650/6750 loss=9.9267
08/11/2026 07:06:40 - INFO - __main__ - [mBERT + Bi-LSTM + CRF] epoch 3 step 5700/6750 loss=9.7619
08/11/2026 07:07:02 - INFO - __main__ - [mBERT + Bi-LSTM + CRF] epoch 3 step 5750/6750 loss=8.3532
08/11/2026 07:07:23 - INFO - __main__ - [mBERT + Bi-LSTM + CRF] epoch 3 step 5800/6750 loss=9.4996
08/11/2026 07:07:45 - INFO - __main__ - [mBERT + Bi-LSTM + CRF] epoch 3 step 5850/6750 loss=7.2377
08/11/2026 07:08:06 - INFO - __main__ - [mBERT + Bi-LSTM + CRF] epoch 3 step 5900/6750 loss=9.8187
08/11/2026 07:08:28 - INFO - __main__ - [mBERT + Bi-LSTM + CRF] epoch 3 step 5950/6750 loss=7.8272
08/11/2026 07:08:49 - INFO - __main__ - [mBERT + Bi-LSTM + CRF] epoch 3 step 6000/6750 loss=9.5322
08/11/2026 07:09:11 - INFO - __main__ - [mBERT + Bi-LSTM + CRF] epoch 3 step 6050/6750 loss=9.7576
08/11/2026 07:09:33 - INFO - __main__ - [mBERT + Bi-LSTM + CRF] epoch 3 step 6100/6750 loss=11.0053
08/11/2026 07:09:54 - INFO - __main__ - [mBERT + Bi-LSTM + CRF] epoch 3 step 6150/6750 loss=8.8214
08/11/2026 07:10:15 - INFO - __main__ - [mBERT + Bi-LSTM + CRF] epoch 3 step 6200/6750 loss=5.2547
08/11/2026 07:10:37 - INFO - __main__ - [mBERT + Bi-LSTM + CRF] epoch 3 step 6250/6750 loss=9.7575
08/11/2026 07:10:58 - INFO - __main__ - [mBERT + Bi-LSTM + CRF] epoch 3 step 6300/6750 loss=6.1172
08/11/2026 07:11:20 - INFO - __main__ - [mBERT + Bi-LSTM + CRF] epoch 3 step 6350/6750 loss=14.3777
08/11/2026 07:11:42 - INFO - __main__ - [mBERT + Bi-LSTM + CRF] epoch 3 step 6400/6750 loss=9.6977
08/11/2026 07:12:04 - INFO - __main__ - [mBERT + Bi-LSTM + CRF] epoch 3 step 6450/6750 loss=7.6727
08/11/2026 07:12:26 - INFO - __main__ - [mBERT + Bi-LSTM + CRF] epoch 3 step 6500/6750 loss=7.2108
08/11/2026 07:12:49 - INFO - __main__ - [mBERT + Bi-LSTM + CRF] epoch 3 step 6550/6750 loss=11.3554
08/11/2026 07:13:11 - INFO - __main__ - [mBERT + Bi-LSTM + CRF] epoch 3 step 6600/6750 loss=8.2181
08/11/2026 07:13:32 - INFO - __main__ - [mBERT + Bi-LSTM + CRF] epoch 3 step 6650/6750 loss=8.5679
08/11/2026 07:13:54 - INFO - __main__ - [mBERT + Bi-LSTM + CRF] epoch 3 step 6700/6750 loss=11.0918
08/11/2026 07:14:16 - INFO - __main__ - [mBERT + Bi-LSTM + CRF] epoch 3 step 6750/6750 loss=8.2884
08/11/2026 07:14:16 - INFO - __main__ - [mBERT + Bi-LSTM + CRF] Epoch 3 xong sau 2905.1s, avg_loss=9.7750
08/11/2026 07:18:08 - INFO - __main__ - [mBERT + Bi-LSTM + CRF] Epoch 3 - Valid macro F1 = 0.5065
              precision    recall  f1-score   support

      PERIOD     0.8282    0.8329    0.8305    140159
       COMMA     0.7260    0.6665    0.6950    162055
       COLON     0.6529    0.4075    0.5018     10825
       QMARK     0.6896    0.6069    0.6456      4884
      EXCLAM     0.5691    0.0966    0.1652      2556
   SEMICOLON     0.3871    0.1358    0.2011      1944

   micro avg     0.7706    0.7215    0.7452    322423
   macro avg     0.6422    0.4577    0.5065    322423
weighted avg     0.7642    0.7215    0.7395    322423

08/11/2026 07:18:14 - INFO - __main__ - -> [mBERT + Bi-LSTM + CRF] best checkpoint mới, macro F1 = 0.5065
/root/phopunct/baseline_lstm_crf.py:261: FutureWarning: `torch.cuda.amp.autocast(args...)` is deprecated. Please use `torch.amp.autocast('cuda', args...)` instead.
  with torch.cuda.amp.autocast(enabled=use_amp):
08/11/2026 07:18:37 - INFO - __main__ - [mBERT + Bi-LSTM + CRF] epoch 4 step 50/6750 loss=8.5395
08/11/2026 07:18:59 - INFO - __main__ - [mBERT + Bi-LSTM + CRF] epoch 4 step 100/6750 loss=7.3676
08/11/2026 07:19:22 - INFO - __main__ - [mBERT + Bi-LSTM + CRF] epoch 4 step 150/6750 loss=7.9669
08/11/2026 07:19:44 - INFO - __main__ - [mBERT + Bi-LSTM + CRF] epoch 4 step 200/6750 loss=9.7531
08/11/2026 07:20:06 - INFO - __main__ - [mBERT + Bi-LSTM + CRF] epoch 4 step 250/6750 loss=9.4908
08/11/2026 07:20:27 - INFO - __main__ - [mBERT + Bi-LSTM + CRF] epoch 4 step 300/6750 loss=8.0946
08/11/2026 07:20:49 - INFO - __main__ - [mBERT + Bi-LSTM + CRF] epoch 4 step 350/6750 loss=8.2229
08/11/2026 07:21:11 - INFO - __main__ - [mBERT + Bi-LSTM + CRF] epoch 4 step 400/6750 loss=11.8008
08/11/2026 07:21:33 - INFO - __main__ - [mBERT + Bi-LSTM + CRF] epoch 4 step 450/6750 loss=5.5327
08/11/2026 07:21:55 - INFO - __main__ - [mBERT + Bi-LSTM + CRF] epoch 4 step 500/6750 loss=9.4165
08/11/2026 07:22:16 - INFO - __main__ - [mBERT + Bi-LSTM + CRF] epoch 4 step 550/6750 loss=8.1792
08/11/2026 07:22:38 - INFO - __main__ - [mBERT + Bi-LSTM + CRF] epoch 4 step 600/6750 loss=6.8183
08/11/2026 07:22:59 - INFO - __main__ - [mBERT + Bi-LSTM + CRF] epoch 4 step 650/6750 loss=9.8237
08/11/2026 07:23:21 - INFO - __main__ - [mBERT + Bi-LSTM + CRF] epoch 4 step 700/6750 loss=9.3288
08/11/2026 07:23:42 - INFO - __main__ - [mBERT + Bi-LSTM + CRF] epoch 4 step 750/6750 loss=5.8871
08/11/2026 07:24:04 - INFO - __main__ - [mBERT + Bi-LSTM + CRF] epoch 4 step 800/6750 loss=9.5928
08/11/2026 07:24:26 - INFO - __main__ - [mBERT + Bi-LSTM + CRF] epoch 4 step 850/6750 loss=8.4861
08/11/2026 07:24:47 - INFO - __main__ - [mBERT + Bi-LSTM + CRF] epoch 4 step 900/6750 loss=5.8274
08/11/2026 07:25:09 - INFO - __main__ - [mBERT + Bi-LSTM + CRF] epoch 4 step 950/6750 loss=9.0298
08/11/2026 07:25:30 - INFO - __main__ - [mBERT + Bi-LSTM + CRF] epoch 4 step 1000/6750 loss=7.8455
08/11/2026 07:25:52 - INFO - __main__ - [mBERT + Bi-LSTM + CRF] epoch 4 step 1050/6750 loss=9.8094
08/11/2026 07:26:13 - INFO - __main__ - [mBERT + Bi-LSTM + CRF] epoch 4 step 1100/6750 loss=6.3559
08/11/2026 07:26:35 - INFO - __main__ - [mBERT + Bi-LSTM + CRF] epoch 4 step 1150/6750 loss=9.2071
08/11/2026 07:26:56 - INFO - __main__ - [mBERT + Bi-LSTM + CRF] epoch 4 step 1200/6750 loss=6.0627
08/11/2026 07:27:17 - INFO - __main__ - [mBERT + Bi-LSTM + CRF] epoch 4 step 1250/6750 loss=10.7611
08/11/2026 07:27:39 - INFO - __main__ - [mBERT + Bi-LSTM + CRF] epoch 4 step 1300/6750 loss=11.4517
08/11/2026 07:28:00 - INFO - __main__ - [mBERT + Bi-LSTM + CRF] epoch 4 step 1350/6750 loss=7.4582
08/11/2026 07:28:22 - INFO - __main__ - [mBERT + Bi-LSTM + CRF] epoch 4 step 1400/6750 loss=10.2103
08/11/2026 07:28:44 - INFO - __main__ - [mBERT + Bi-LSTM + CRF] epoch 4 step 1450/6750 loss=8.8985
08/11/2026 07:29:06 - INFO - __main__ - [mBERT + Bi-LSTM + CRF] epoch 4 step 1500/6750 loss=9.2362
08/11/2026 07:29:28 - INFO - __main__ - [mBERT + Bi-LSTM + CRF] epoch 4 step 1550/6750 loss=8.5228
08/11/2026 07:29:50 - INFO - __main__ - [mBERT + Bi-LSTM + CRF] epoch 4 step 1600/6750 loss=10.1812
08/11/2026 07:30:13 - INFO - __main__ - [mBERT + Bi-LSTM + CRF] epoch 4 step 1650/6750 loss=12.8807
08/11/2026 07:30:34 - INFO - __main__ - [mBERT + Bi-LSTM + CRF] epoch 4 step 1700/6750 loss=7.3967
08/11/2026 07:30:56 - INFO - __main__ - [mBERT + Bi-LSTM + CRF] epoch 4 step 1750/6750 loss=7.8903
08/11/2026 07:31:17 - INFO - __main__ - [mBERT + Bi-LSTM + CRF] epoch 4 step 1800/6750 loss=9.0201
08/11/2026 07:31:39 - INFO - __main__ - [mBERT + Bi-LSTM + CRF] epoch 4 step 1850/6750 loss=6.0741
08/11/2026 07:32:01 - INFO - __main__ - [mBERT + Bi-LSTM + CRF] epoch 4 step 1900/6750 loss=8.7738
08/11/2026 07:32:23 - INFO - __main__ - [mBERT + Bi-LSTM + CRF] epoch 4 step 1950/6750 loss=9.8210
08/11/2026 07:32:45 - INFO - __main__ - [mBERT + Bi-LSTM + CRF] epoch 4 step 2000/6750 loss=11.8118
08/11/2026 07:33:07 - INFO - __main__ - [mBERT + Bi-LSTM + CRF] epoch 4 step 2050/6750 loss=6.7285
08/11/2026 07:33:28 - INFO - __main__ - [mBERT + Bi-LSTM + CRF] epoch 4 step 2100/6750 loss=8.8561
08/11/2026 07:33:50 - INFO - __main__ - [mBERT + Bi-LSTM + CRF] epoch 4 step 2150/6750 loss=8.5998
08/11/2026 07:34:12 - INFO - __main__ - [mBERT + Bi-LSTM + CRF] epoch 4 step 2200/6750 loss=7.6078
08/11/2026 07:34:34 - INFO - __main__ - [mBERT + Bi-LSTM + CRF] epoch 4 step 2250/6750 loss=5.4254
08/11/2026 07:34:55 - INFO - __main__ - [mBERT + Bi-LSTM + CRF] epoch 4 step 2300/6750 loss=6.7400
08/11/2026 07:35:17 - INFO - __main__ - [mBERT + Bi-LSTM + CRF] epoch 4 step 2350/6750 loss=8.0295
08/11/2026 07:35:39 - INFO - __main__ - [mBERT + Bi-LSTM + CRF] epoch 4 step 2400/6750 loss=8.2454
08/11/2026 07:36:01 - INFO - __main__ - [mBERT + Bi-LSTM + CRF] epoch 4 step 2450/6750 loss=7.1989
08/11/2026 07:36:22 - INFO - __main__ - [mBERT + Bi-LSTM + CRF] epoch 4 step 2500/6750 loss=10.0271
08/11/2026 07:36:45 - INFO - __main__ - [mBERT + Bi-LSTM + CRF] epoch 4 step 2550/6750 loss=8.1065
08/11/2026 07:37:07 - INFO - __main__ - [mBERT + Bi-LSTM + CRF] epoch 4 step 2600/6750 loss=12.7990
08/11/2026 07:37:29 - INFO - __main__ - [mBERT + Bi-LSTM + CRF] epoch 4 step 2650/6750 loss=10.3852
08/11/2026 07:37:51 - INFO - __main__ - [mBERT + Bi-LSTM + CRF] epoch 4 step 2700/6750 loss=10.8063
08/11/2026 07:38:13 - INFO - __main__ - [mBERT + Bi-LSTM + CRF] epoch 4 step 2750/6750 loss=5.3478
08/11/2026 07:38:35 - INFO - __main__ - [mBERT + Bi-LSTM + CRF] epoch 4 step 2800/6750 loss=8.5908
08/11/2026 07:38:56 - INFO - __main__ - [mBERT + Bi-LSTM + CRF] epoch 4 step 2850/6750 loss=7.2815
08/11/2026 07:39:18 - INFO - __main__ - [mBERT + Bi-LSTM + CRF] epoch 4 step 2900/6750 loss=11.7960
08/11/2026 07:39:40 - INFO - __main__ - [mBERT + Bi-LSTM + CRF] epoch 4 step 2950/6750 loss=6.7072
08/11/2026 07:40:01 - INFO - __main__ - [mBERT + Bi-LSTM + CRF] epoch 4 step 3000/6750 loss=7.0099
08/11/2026 07:40:23 - INFO - __main__ - [mBERT + Bi-LSTM + CRF] epoch 4 step 3050/6750 loss=8.6846
08/11/2026 07:40:45 - INFO - __main__ - [mBERT + Bi-LSTM + CRF] epoch 4 step 3100/6750 loss=7.4648
08/11/2026 07:41:07 - INFO - __main__ - [mBERT + Bi-LSTM + CRF] epoch 4 step 3150/6750 loss=8.6103
08/11/2026 07:41:29 - INFO - __main__ - [mBERT + Bi-LSTM + CRF] epoch 4 step 3200/6750 loss=9.4320
08/11/2026 07:41:51 - INFO - __main__ - [mBERT + Bi-LSTM + CRF] epoch 4 step 3250/6750 loss=9.8984
08/11/2026 07:42:13 - INFO - __main__ - [mBERT + Bi-LSTM + CRF] epoch 4 step 3300/6750 loss=9.6578
08/11/2026 07:42:35 - INFO - __main__ - [mBERT + Bi-LSTM + CRF] epoch 4 step 3350/6750 loss=8.4192
08/11/2026 07:42:58 - INFO - __main__ - [mBERT + Bi-LSTM + CRF] epoch 4 step 3400/6750 loss=6.8697
08/11/2026 07:43:19 - INFO - __main__ - [mBERT + Bi-LSTM + CRF] epoch 4 step 3450/6750 loss=7.1767
08/11/2026 07:43:41 - INFO - __main__ - [mBERT + Bi-LSTM + CRF] epoch 4 step 3500/6750 loss=7.5314
08/11/2026 07:44:03 - INFO - __main__ - [mBERT + Bi-LSTM + CRF] epoch 4 step 3550/6750 loss=7.4709
08/11/2026 07:44:25 - INFO - __main__ - [mBERT + Bi-LSTM + CRF] epoch 4 step 3600/6750 loss=6.1187
08/11/2026 07:44:47 - INFO - __main__ - [mBERT + Bi-LSTM + CRF] epoch 4 step 3650/6750 loss=8.3256
08/11/2026 07:45:09 - INFO - __main__ - [mBERT + Bi-LSTM + CRF] epoch 4 step 3700/6750 loss=7.4628
08/11/2026 07:45:32 - INFO - __main__ - [mBERT + Bi-LSTM + CRF] epoch 4 step 3750/6750 loss=9.8054
08/11/2026 07:45:54 - INFO - __main__ - [mBERT + Bi-LSTM + CRF] epoch 4 step 3800/6750 loss=9.8772
08/11/2026 07:46:16 - INFO - __main__ - [mBERT + Bi-LSTM + CRF] epoch 4 step 3850/6750 loss=8.1452
08/11/2026 07:46:37 - INFO - __main__ - [mBERT + Bi-LSTM + CRF] epoch 4 step 3900/6750 loss=7.6248
08/11/2026 07:47:00 - INFO - __main__ - [mBERT + Bi-LSTM + CRF] epoch 4 step 3950/6750 loss=8.9966
08/11/2026 07:47:21 - INFO - __main__ - [mBERT + Bi-LSTM + CRF] epoch 4 step 4000/6750 loss=8.3462
08/11/2026 07:47:42 - INFO - __main__ - [mBERT + Bi-LSTM + CRF] epoch 4 step 4050/6750 loss=10.6870
08/11/2026 07:48:03 - INFO - __main__ - [mBERT + Bi-LSTM + CRF] epoch 4 step 4100/6750 loss=9.8248
08/11/2026 07:48:24 - INFO - __main__ - [mBERT + Bi-LSTM + CRF] epoch 4 step 4150/6750 loss=9.2436
08/11/2026 07:48:45 - INFO - __main__ - [mBERT + Bi-LSTM + CRF] epoch 4 step 4200/6750 loss=6.2958
08/11/2026 07:49:06 - INFO - __main__ - [mBERT + Bi-LSTM + CRF] epoch 4 step 4250/6750 loss=9.0708
08/11/2026 07:49:27 - INFO - __main__ - [mBERT + Bi-LSTM + CRF] epoch 4 step 4300/6750 loss=7.6061
08/11/2026 07:49:49 - INFO - __main__ - [mBERT + Bi-LSTM + CRF] epoch 4 step 4350/6750 loss=7.1090
08/11/2026 07:50:10 - INFO - __main__ - [mBERT + Bi-LSTM + CRF] epoch 4 step 4400/6750 loss=6.1522
08/11/2026 07:50:31 - INFO - __main__ - [mBERT + Bi-LSTM + CRF] epoch 4 step 4450/6750 loss=7.7551
08/11/2026 07:50:51 - INFO - __main__ - [mBERT + Bi-LSTM + CRF] epoch 4 step 4500/6750 loss=7.5361
08/11/2026 07:51:12 - INFO - __main__ - [mBERT + Bi-LSTM + CRF] epoch 4 step 4550/6750 loss=7.5223
08/11/2026 07:51:33 - INFO - __main__ - [mBERT + Bi-LSTM + CRF] epoch 4 step 4600/6750 loss=10.6388
08/11/2026 07:51:54 - INFO - __main__ - [mBERT + Bi-LSTM + CRF] epoch 4 step 4650/6750 loss=8.7062
08/11/2026 07:52:16 - INFO - __main__ - [mBERT + Bi-LSTM + CRF] epoch 4 step 4700/6750 loss=8.9928
08/11/2026 07:52:37 - INFO - __main__ - [mBERT + Bi-LSTM + CRF] epoch 4 step 4750/6750 loss=7.5387
08/11/2026 07:52:58 - INFO - __main__ - [mBERT + Bi-LSTM + CRF] epoch 4 step 4800/6750 loss=8.1839
08/11/2026 07:53:20 - INFO - __main__ - [mBERT + Bi-LSTM + CRF] epoch 4 step 4850/6750 loss=7.5044
08/11/2026 07:53:41 - INFO - __main__ - [mBERT + Bi-LSTM + CRF] epoch 4 step 4900/6750 loss=8.5952
08/11/2026 07:54:02 - INFO - __main__ - [mBERT + Bi-LSTM + CRF] epoch 4 step 4950/6750 loss=6.4309
08/11/2026 07:54:23 - INFO - __main__ - [mBERT + Bi-LSTM + CRF] epoch 4 step 5000/6750 loss=7.4029
08/11/2026 07:54:44 - INFO - __main__ - [mBERT + Bi-LSTM + CRF] epoch 4 step 5050/6750 loss=8.5533
08/11/2026 07:55:05 - INFO - __main__ - [mBERT + Bi-LSTM + CRF] epoch 4 step 5100/6750 loss=6.8977
08/11/2026 07:55:27 - INFO - __main__ - [mBERT + Bi-LSTM + CRF] epoch 4 step 5150/6750 loss=9.3932
08/11/2026 07:55:48 - INFO - __main__ - [mBERT + Bi-LSTM + CRF] epoch 4 step 5200/6750 loss=7.8158
08/11/2026 07:56:09 - INFO - __main__ - [mBERT + Bi-LSTM + CRF] epoch 4 step 5250/6750 loss=9.1502
08/11/2026 07:56:31 - INFO - __main__ - [mBERT + Bi-LSTM + CRF] epoch 4 step 5300/6750 loss=10.7546
08/11/2026 07:56:52 - INFO - __main__ - [mBERT + Bi-LSTM + CRF] epoch 4 step 5350/6750 loss=7.6432
08/11/2026 07:57:14 - INFO - __main__ - [mBERT + Bi-LSTM + CRF] epoch 4 step 5400/6750 loss=6.0533
08/11/2026 07:57:36 - INFO - __main__ - [mBERT + Bi-LSTM + CRF] epoch 4 step 5450/6750 loss=9.4117
08/11/2026 07:57:58 - INFO - __main__ - [mBERT + Bi-LSTM + CRF] epoch 4 step 5500/6750 loss=8.1546
08/11/2026 07:58:19 - INFO - __main__ - [mBERT + Bi-LSTM + CRF] epoch 4 step 5550/6750 loss=9.1951
08/11/2026 07:58:41 - INFO - __main__ - [mBERT + Bi-LSTM + CRF] epoch 4 step 5600/6750 loss=7.6838
08/11/2026 07:59:03 - INFO - __main__ - [mBERT + Bi-LSTM + CRF] epoch 4 step 5650/6750 loss=6.3498
08/11/2026 07:59:24 - INFO - __main__ - [mBERT + Bi-LSTM + CRF] epoch 4 step 5700/6750 loss=8.7710
08/11/2026 07:59:46 - INFO - __main__ - [mBERT + Bi-LSTM + CRF] epoch 4 step 5750/6750 loss=9.7372
08/11/2026 08:00:08 - INFO - __main__ - [mBERT + Bi-LSTM + CRF] epoch 4 step 5800/6750 loss=5.5366
08/11/2026 08:00:30 - INFO - __main__ - [mBERT + Bi-LSTM + CRF] epoch 4 step 5850/6750 loss=9.8933
08/11/2026 08:00:51 - INFO - __main__ - [mBERT + Bi-LSTM + CRF] epoch 4 step 5900/6750 loss=6.9271
08/11/2026 08:01:13 - INFO - __main__ - [mBERT + Bi-LSTM + CRF] epoch 4 step 5950/6750 loss=7.2820
08/11/2026 08:01:35 - INFO - __main__ - [mBERT + Bi-LSTM + CRF] epoch 4 step 6000/6750 loss=9.6870
08/11/2026 08:01:57 - INFO - __main__ - [mBERT + Bi-LSTM + CRF] epoch 4 step 6050/6750 loss=7.9773
08/11/2026 08:02:19 - INFO - __main__ - [mBERT + Bi-LSTM + CRF] epoch 4 step 6100/6750 loss=5.3058
08/11/2026 08:02:41 - INFO - __main__ - [mBERT + Bi-LSTM + CRF] epoch 4 step 6150/6750 loss=6.3677
08/11/2026 08:03:02 - INFO - __main__ - [mBERT + Bi-LSTM + CRF] epoch 4 step 6200/6750 loss=9.7866
08/11/2026 08:03:24 - INFO - __main__ - [mBERT + Bi-LSTM + CRF] epoch 4 step 6250/6750 loss=9.8688
08/11/2026 08:03:46 - INFO - __main__ - [mBERT + Bi-LSTM + CRF] epoch 4 step 6300/6750 loss=9.7243
08/11/2026 08:04:08 - INFO - __main__ - [mBERT + Bi-LSTM + CRF] epoch 4 step 6350/6750 loss=8.7566
08/11/2026 08:04:31 - INFO - __main__ - [mBERT + Bi-LSTM + CRF] epoch 4 step 6400/6750 loss=11.9972
08/11/2026 08:04:53 - INFO - __main__ - [mBERT + Bi-LSTM + CRF] epoch 4 step 6450/6750 loss=5.9926
08/11/2026 08:05:15 - INFO - __main__ - [mBERT + Bi-LSTM + CRF] epoch 4 step 6500/6750 loss=8.5081
08/11/2026 08:05:36 - INFO - __main__ - [mBERT + Bi-LSTM + CRF] epoch 4 step 6550/6750 loss=7.1312
08/11/2026 08:05:59 - INFO - __main__ - [mBERT + Bi-LSTM + CRF] epoch 4 step 6600/6750 loss=7.8330
08/11/2026 08:06:21 - INFO - __main__ - [mBERT + Bi-LSTM + CRF] epoch 4 step 6650/6750 loss=8.9873
08/11/2026 08:06:42 - INFO - __main__ - [mBERT + Bi-LSTM + CRF] epoch 4 step 6700/6750 loss=9.0214
08/11/2026 08:07:04 - INFO - __main__ - [mBERT + Bi-LSTM + CRF] epoch 4 step 6750/6750 loss=8.4895
08/11/2026 08:07:04 - INFO - __main__ - [mBERT + Bi-LSTM + CRF] Epoch 4 xong sau 2929.7s, avg_loss=8.6964
08/11/2026 08:10:55 - INFO - __main__ - [mBERT + Bi-LSTM + CRF] Epoch 4 - Valid macro F1 = 0.5178
              precision    recall  f1-score   support

      PERIOD     0.8134    0.8567    0.8345    140159
       COMMA     0.7395    0.6633    0.6993    162055
       COLON     0.6412    0.4698    0.5423     10825
       QMARK     0.6927    0.6255    0.6574      4884
      EXCLAM     0.5928    0.1037    0.1765      2556
   SEMICOLON     0.3935    0.1312    0.1968      1944

   micro avg     0.7709    0.7326    0.7513    322423
   macro avg     0.6455    0.4750    0.5178    322423
weighted avg     0.7643    0.7326    0.7450    322423

08/11/2026 08:11:01 - INFO - __main__ - -> [mBERT + Bi-LSTM + CRF] best checkpoint mới, macro F1 = 0.5178
/root/phopunct/baseline_lstm_crf.py:261: FutureWarning: `torch.cuda.amp.autocast(args...)` is deprecated. Please use `torch.amp.autocast('cuda', args...)` instead.
  with torch.cuda.amp.autocast(enabled=use_amp):
08/11/2026 08:11:23 - INFO - __main__ - [mBERT + Bi-LSTM + CRF] epoch 5 step 50/6750 loss=6.1764
08/11/2026 08:11:44 - INFO - __main__ - [mBERT + Bi-LSTM + CRF] epoch 5 step 100/6750 loss=8.7832
08/11/2026 08:12:07 - INFO - __main__ - [mBERT + Bi-LSTM + CRF] epoch 5 step 150/6750 loss=8.4711
08/11/2026 08:12:29 - INFO - __main__ - [mBERT + Bi-LSTM + CRF] epoch 5 step 200/6750 loss=6.6658
08/11/2026 08:12:51 - INFO - __main__ - [mBERT + Bi-LSTM + CRF] epoch 5 step 250/6750 loss=8.2312
08/11/2026 08:13:13 - INFO - __main__ - [mBERT + Bi-LSTM + CRF] epoch 5 step 300/6750 loss=7.0425
08/11/2026 08:13:35 - INFO - __main__ - [mBERT + Bi-LSTM + CRF] epoch 5 step 350/6750 loss=8.3466
08/11/2026 08:13:57 - INFO - __main__ - [mBERT + Bi-LSTM + CRF] epoch 5 step 400/6750 loss=8.8574
08/11/2026 08:14:19 - INFO - __main__ - [mBERT + Bi-LSTM + CRF] epoch 5 step 450/6750 loss=8.5530
08/11/2026 08:14:40 - INFO - __main__ - [mBERT + Bi-LSTM + CRF] epoch 5 step 500/6750 loss=5.9598
08/11/2026 08:15:02 - INFO - __main__ - [mBERT + Bi-LSTM + CRF] epoch 5 step 550/6750 loss=6.6016
08/11/2026 08:15:23 - INFO - __main__ - [mBERT + Bi-LSTM + CRF] epoch 5 step 600/6750 loss=8.2312
08/11/2026 08:15:44 - INFO - __main__ - [mBERT + Bi-LSTM + CRF] epoch 5 step 650/6750 loss=5.0171
08/11/2026 08:16:05 - INFO - __main__ - [mBERT + Bi-LSTM + CRF] epoch 5 step 700/6750 loss=5.8578
08/11/2026 08:16:26 - INFO - __main__ - [mBERT + Bi-LSTM + CRF] epoch 5 step 750/6750 loss=7.7933
08/11/2026 08:16:47 - INFO - __main__ - [mBERT + Bi-LSTM + CRF] epoch 5 step 800/6750 loss=10.6758
08/11/2026 08:17:09 - INFO - __main__ - [mBERT + Bi-LSTM + CRF] epoch 5 step 850/6750 loss=5.9757
08/11/2026 08:17:30 - INFO - __main__ - [mBERT + Bi-LSTM + CRF] epoch 5 step 900/6750 loss=6.4915
08/11/2026 08:17:51 - INFO - __main__ - [mBERT + Bi-LSTM + CRF] epoch 5 step 950/6750 loss=8.0570
08/11/2026 08:18:12 - INFO - __main__ - [mBERT + Bi-LSTM + CRF] epoch 5 step 1000/6750 loss=10.7600
08/11/2026 08:18:34 - INFO - __main__ - [mBERT + Bi-LSTM + CRF] epoch 5 step 1050/6750 loss=8.1935
08/11/2026 08:18:55 - INFO - __main__ - [mBERT + Bi-LSTM + CRF] epoch 5 step 1100/6750 loss=8.9660
08/11/2026 08:19:17 - INFO - __main__ - [mBERT + Bi-LSTM + CRF] epoch 5 step 1150/6750 loss=6.3607
08/11/2026 08:19:38 - INFO - __main__ - [mBERT + Bi-LSTM + CRF] epoch 5 step 1200/6750 loss=6.4114
08/11/2026 08:20:00 - INFO - __main__ - [mBERT + Bi-LSTM + CRF] epoch 5 step 1250/6750 loss=7.6507
08/11/2026 08:20:22 - INFO - __main__ - [mBERT + Bi-LSTM + CRF] epoch 5 step 1300/6750 loss=8.4200
08/11/2026 08:20:44 - INFO - __main__ - [mBERT + Bi-LSTM + CRF] epoch 5 step 1350/6750 loss=5.8539
08/11/2026 08:21:05 - INFO - __main__ - [mBERT + Bi-LSTM + CRF] epoch 5 step 1400/6750 loss=11.2737
08/11/2026 08:21:27 - INFO - __main__ - [mBERT + Bi-LSTM + CRF] epoch 5 step 1450/6750 loss=5.3965
08/11/2026 08:21:48 - INFO - __main__ - [mBERT + Bi-LSTM + CRF] epoch 5 step 1500/6750 loss=10.7266
08/11/2026 08:22:10 - INFO - __main__ - [mBERT + Bi-LSTM + CRF] epoch 5 step 1550/6750 loss=9.7394
08/11/2026 08:22:32 - INFO - __main__ - [mBERT + Bi-LSTM + CRF] epoch 5 step 1600/6750 loss=7.7278
08/11/2026 08:22:53 - INFO - __main__ - [mBERT + Bi-LSTM + CRF] epoch 5 step 1650/6750 loss=7.8044
08/11/2026 08:23:15 - INFO - __main__ - [mBERT + Bi-LSTM + CRF] epoch 5 step 1700/6750 loss=7.8554
08/11/2026 08:23:36 - INFO - __main__ - [mBERT + Bi-LSTM + CRF] epoch 5 step 1750/6750 loss=8.1416
08/11/2026 08:23:58 - INFO - __main__ - [mBERT + Bi-LSTM + CRF] epoch 5 step 1800/6750 loss=6.3276
08/11/2026 08:24:19 - INFO - __main__ - [mBERT + Bi-LSTM + CRF] epoch 5 step 1850/6750 loss=7.2470
08/11/2026 08:24:40 - INFO - __main__ - [mBERT + Bi-LSTM + CRF] epoch 5 step 1900/6750 loss=8.4687
08/11/2026 08:25:02 - INFO - __main__ - [mBERT + Bi-LSTM + CRF] epoch 5 step 1950/6750 loss=9.5857
08/11/2026 08:25:24 - INFO - __main__ - [mBERT + Bi-LSTM + CRF] epoch 5 step 2000/6750 loss=8.0710
08/11/2026 08:25:45 - INFO - __main__ - [mBERT + Bi-LSTM + CRF] epoch 5 step 2050/6750 loss=6.6795
08/11/2026 08:26:06 - INFO - __main__ - [mBERT + Bi-LSTM + CRF] epoch 5 step 2100/6750 loss=4.4676
08/11/2026 08:26:27 - INFO - __main__ - [mBERT + Bi-LSTM + CRF] epoch 5 step 2150/6750 loss=6.7445
08/11/2026 08:26:48 - INFO - __main__ - [mBERT + Bi-LSTM + CRF] epoch 5 step 2200/6750 loss=6.0774
08/11/2026 08:27:09 - INFO - __main__ - [mBERT + Bi-LSTM + CRF] epoch 5 step 2250/6750 loss=8.3431
08/11/2026 08:27:30 - INFO - __main__ - [mBERT + Bi-LSTM + CRF] epoch 5 step 2300/6750 loss=7.4578
08/11/2026 08:27:51 - INFO - __main__ - [mBERT + Bi-LSTM + CRF] epoch 5 step 2350/6750 loss=5.2646
08/11/2026 08:28:12 - INFO - __main__ - [mBERT + Bi-LSTM + CRF] epoch 5 step 2400/6750 loss=6.5863
08/11/2026 08:28:34 - INFO - __main__ - [mBERT + Bi-LSTM + CRF] epoch 5 step 2450/6750 loss=9.4761
08/11/2026 08:28:56 - INFO - __main__ - [mBERT + Bi-LSTM + CRF] epoch 5 step 2500/6750 loss=8.8846
08/11/2026 08:29:18 - INFO - __main__ - [mBERT + Bi-LSTM + CRF] epoch 5 step 2550/6750 loss=9.2106
08/11/2026 08:29:40 - INFO - __main__ - [mBERT + Bi-LSTM + CRF] epoch 5 step 2600/6750 loss=5.9352
08/11/2026 08:30:01 - INFO - __main__ - [mBERT + Bi-LSTM + CRF] epoch 5 step 2650/6750 loss=4.6812
08/11/2026 08:30:22 - INFO - __main__ - [mBERT + Bi-LSTM + CRF] epoch 5 step 2700/6750 loss=11.3018
08/11/2026 08:30:44 - INFO - __main__ - [mBERT + Bi-LSTM + CRF] epoch 5 step 2750/6750 loss=6.5032
08/11/2026 08:31:05 - INFO - __main__ - [mBERT + Bi-LSTM + CRF] epoch 5 step 2800/6750 loss=7.0045
08/11/2026 08:31:27 - INFO - __main__ - [mBERT + Bi-LSTM + CRF] epoch 5 step 2850/6750 loss=7.8956
08/11/2026 08:31:49 - INFO - __main__ - [mBERT + Bi-LSTM + CRF] epoch 5 step 2900/6750 loss=5.2612
08/11/2026 08:32:10 - INFO - __main__ - [mBERT + Bi-LSTM + CRF] epoch 5 step 2950/6750 loss=9.3953
08/11/2026 08:32:32 - INFO - __main__ - [mBERT + Bi-LSTM + CRF] epoch 5 step 3000/6750 loss=10.5531
08/11/2026 08:32:54 - INFO - __main__ - [mBERT + Bi-LSTM + CRF] epoch 5 step 3050/6750 loss=12.5185
08/11/2026 08:33:15 - INFO - __main__ - [mBERT + Bi-LSTM + CRF] epoch 5 step 3100/6750 loss=6.5373
08/11/2026 08:33:37 - INFO - __main__ - [mBERT + Bi-LSTM + CRF] epoch 5 step 3150/6750 loss=8.0498
08/11/2026 08:33:59 - INFO - __main__ - [mBERT + Bi-LSTM + CRF] epoch 5 step 3200/6750 loss=7.1984
08/11/2026 08:34:20 - INFO - __main__ - [mBERT + Bi-LSTM + CRF] epoch 5 step 3250/6750 loss=5.8801
08/11/2026 08:34:42 - INFO - __main__ - [mBERT + Bi-LSTM + CRF] epoch 5 step 3300/6750 loss=8.3563
08/11/2026 08:35:03 - INFO - __main__ - [mBERT + Bi-LSTM + CRF] epoch 5 step 3350/6750 loss=8.6749
08/11/2026 08:35:25 - INFO - __main__ - [mBERT + Bi-LSTM + CRF] epoch 5 step 3400/6750 loss=5.9458
08/11/2026 08:35:47 - INFO - __main__ - [mBERT + Bi-LSTM + CRF] epoch 5 step 3450/6750 loss=5.2240
08/11/2026 08:36:09 - INFO - __main__ - [mBERT + Bi-LSTM + CRF] epoch 5 step 3500/6750 loss=6.6164
08/11/2026 08:36:31 - INFO - __main__ - [mBERT + Bi-LSTM + CRF] epoch 5 step 3550/6750 loss=10.5135
08/11/2026 08:36:53 - INFO - __main__ - [mBERT + Bi-LSTM + CRF] epoch 5 step 3600/6750 loss=6.6749
08/11/2026 08:37:15 - INFO - __main__ - [mBERT + Bi-LSTM + CRF] epoch 5 step 3650/6750 loss=6.5203
08/11/2026 08:37:37 - INFO - __main__ - [mBERT + Bi-LSTM + CRF] epoch 5 step 3700/6750 loss=4.1352
08/11/2026 08:37:59 - INFO - __main__ - [mBERT + Bi-LSTM + CRF] epoch 5 step 3750/6750 loss=10.4080
08/11/2026 08:38:21 - INFO - __main__ - [mBERT + Bi-LSTM + CRF] epoch 5 step 3800/6750 loss=8.6711
08/11/2026 08:38:42 - INFO - __main__ - [mBERT + Bi-LSTM + CRF] epoch 5 step 3850/6750 loss=7.4186
08/11/2026 08:39:04 - INFO - __main__ - [mBERT + Bi-LSTM + CRF] epoch 5 step 3900/6750 loss=12.4459
08/11/2026 08:39:26 - INFO - __main__ - [mBERT + Bi-LSTM + CRF] epoch 5 step 3950/6750 loss=8.6352
08/11/2026 08:39:48 - INFO - __main__ - [mBERT + Bi-LSTM + CRF] epoch 5 step 4000/6750 loss=6.7534
08/11/2026 08:40:10 - INFO - __main__ - [mBERT + Bi-LSTM + CRF] epoch 5 step 4050/6750 loss=7.9917
08/11/2026 08:40:32 - INFO - __main__ - [mBERT + Bi-LSTM + CRF] epoch 5 step 4100/6750 loss=6.2188
08/11/2026 08:40:53 - INFO - __main__ - [mBERT + Bi-LSTM + CRF] epoch 5 step 4150/6750 loss=12.0587
08/11/2026 08:41:15 - INFO - __main__ - [mBERT + Bi-LSTM + CRF] epoch 5 step 4200/6750 loss=7.7955
08/11/2026 08:41:37 - INFO - __main__ - [mBERT + Bi-LSTM + CRF] epoch 5 step 4250/6750 loss=9.0696
08/11/2026 08:41:59 - INFO - __main__ - [mBERT + Bi-LSTM + CRF] epoch 5 step 4300/6750 loss=7.5282
08/11/2026 08:42:21 - INFO - __main__ - [mBERT + Bi-LSTM + CRF] epoch 5 step 4350/6750 loss=6.7038
08/11/2026 08:42:43 - INFO - __main__ - [mBERT + Bi-LSTM + CRF] epoch 5 step 4400/6750 loss=7.0149
08/11/2026 08:43:05 - INFO - __main__ - [mBERT + Bi-LSTM + CRF] epoch 5 step 4450/6750 loss=7.0538
08/11/2026 08:43:26 - INFO - __main__ - [mBERT + Bi-LSTM + CRF] epoch 5 step 4500/6750 loss=7.8836
08/11/2026 08:43:48 - INFO - __main__ - [mBERT + Bi-LSTM + CRF] epoch 5 step 4550/6750 loss=7.5115
08/11/2026 08:44:09 - INFO - __main__ - [mBERT + Bi-LSTM + CRF] epoch 5 step 4600/6750 loss=9.2145
08/11/2026 08:44:31 - INFO - __main__ - [mBERT + Bi-LSTM + CRF] epoch 5 step 4650/6750 loss=9.9388
08/11/2026 08:44:52 - INFO - __main__ - [mBERT + Bi-LSTM + CRF] epoch 5 step 4700/6750 loss=5.5843
08/11/2026 08:45:14 - INFO - __main__ - [mBERT + Bi-LSTM + CRF] epoch 5 step 4750/6750 loss=9.9118
08/11/2026 08:45:35 - INFO - __main__ - [mBERT + Bi-LSTM + CRF] epoch 5 step 4800/6750 loss=7.2020
08/11/2026 08:45:56 - INFO - __main__ - [mBERT + Bi-LSTM + CRF] epoch 5 step 4850/6750 loss=6.2204
08/11/2026 08:46:18 - INFO - __main__ - [mBERT + Bi-LSTM + CRF] epoch 5 step 4900/6750 loss=5.4801
08/11/2026 08:46:39 - INFO - __main__ - [mBERT + Bi-LSTM + CRF] epoch 5 step 4950/6750 loss=7.3504
08/11/2026 08:47:02 - INFO - __main__ - [mBERT + Bi-LSTM + CRF] epoch 5 step 5000/6750 loss=7.3589
08/11/2026 08:47:24 - INFO - __main__ - [mBERT + Bi-LSTM + CRF] epoch 5 step 5050/6750 loss=8.5550
08/11/2026 08:47:45 - INFO - __main__ - [mBERT + Bi-LSTM + CRF] epoch 5 step 5100/6750 loss=7.4080
08/11/2026 08:48:06 - INFO - __main__ - [mBERT + Bi-LSTM + CRF] epoch 5 step 5150/6750 loss=9.4746
08/11/2026 08:48:28 - INFO - __main__ - [mBERT + Bi-LSTM + CRF] epoch 5 step 5200/6750 loss=6.4825
08/11/2026 08:48:49 - INFO - __main__ - [mBERT + Bi-LSTM + CRF] epoch 5 step 5250/6750 loss=5.9155
08/11/2026 08:49:11 - INFO - __main__ - [mBERT + Bi-LSTM + CRF] epoch 5 step 5300/6750 loss=7.2482
08/11/2026 08:49:32 - INFO - __main__ - [mBERT + Bi-LSTM + CRF] epoch 5 step 5350/6750 loss=7.8930
08/11/2026 08:49:54 - INFO - __main__ - [mBERT + Bi-LSTM + CRF] epoch 5 step 5400/6750 loss=4.9556
08/11/2026 08:50:16 - INFO - __main__ - [mBERT + Bi-LSTM + CRF] epoch 5 step 5450/6750 loss=5.9624
08/11/2026 08:50:37 - INFO - __main__ - [mBERT + Bi-LSTM + CRF] epoch 5 step 5500/6750 loss=9.2047
08/11/2026 08:50:58 - INFO - __main__ - [mBERT + Bi-LSTM + CRF] epoch 5 step 5550/6750 loss=6.1061
08/11/2026 08:51:21 - INFO - __main__ - [mBERT + Bi-LSTM + CRF] epoch 5 step 5600/6750 loss=8.1887
08/11/2026 08:51:43 - INFO - __main__ - [mBERT + Bi-LSTM + CRF] epoch 5 step 5650/6750 loss=7.4915
08/11/2026 08:52:05 - INFO - __main__ - [mBERT + Bi-LSTM + CRF] epoch 5 step 5700/6750 loss=7.4367
08/11/2026 08:52:26 - INFO - __main__ - [mBERT + Bi-LSTM + CRF] epoch 5 step 5750/6750 loss=7.3998
08/11/2026 08:52:48 - INFO - __main__ - [mBERT + Bi-LSTM + CRF] epoch 5 step 5800/6750 loss=9.4284
08/11/2026 08:53:10 - INFO - __main__ - [mBERT + Bi-LSTM + CRF] epoch 5 step 5850/6750 loss=8.6366
08/11/2026 08:53:32 - INFO - __main__ - [mBERT + Bi-LSTM + CRF] epoch 5 step 5900/6750 loss=8.5907
08/11/2026 08:53:54 - INFO - __main__ - [mBERT + Bi-LSTM + CRF] epoch 5 step 5950/6750 loss=7.1935
08/11/2026 08:54:17 - INFO - __main__ - [mBERT + Bi-LSTM + CRF] epoch 5 step 6000/6750 loss=5.3748
08/11/2026 08:54:39 - INFO - __main__ - [mBERT + Bi-LSTM + CRF] epoch 5 step 6050/6750 loss=9.9794
08/11/2026 08:55:01 - INFO - __main__ - [mBERT + Bi-LSTM + CRF] epoch 5 step 6100/6750 loss=8.6086
08/11/2026 08:55:23 - INFO - __main__ - [mBERT + Bi-LSTM + CRF] epoch 5 step 6150/6750 loss=7.6223
08/11/2026 08:55:46 - INFO - __main__ - [mBERT + Bi-LSTM + CRF] epoch 5 step 6200/6750 loss=9.3294
08/11/2026 08:56:08 - INFO - __main__ - [mBERT + Bi-LSTM + CRF] epoch 5 step 6250/6750 loss=11.2894
08/11/2026 08:56:29 - INFO - __main__ - [mBERT + Bi-LSTM + CRF] epoch 5 step 6300/6750 loss=4.7080
08/11/2026 08:56:51 - INFO - __main__ - [mBERT + Bi-LSTM + CRF] epoch 5 step 6350/6750 loss=8.2308
08/11/2026 08:57:12 - INFO - __main__ - [mBERT + Bi-LSTM + CRF] epoch 5 step 6400/6750 loss=9.4794
08/11/2026 08:57:33 - INFO - __main__ - [mBERT + Bi-LSTM + CRF] epoch 5 step 6450/6750 loss=7.8882
08/11/2026 08:57:55 - INFO - __main__ - [mBERT + Bi-LSTM + CRF] epoch 5 step 6500/6750 loss=7.9107
08/11/2026 08:58:16 - INFO - __main__ - [mBERT + Bi-LSTM + CRF] epoch 5 step 6550/6750 loss=5.3788
08/11/2026 08:58:38 - INFO - __main__ - [mBERT + Bi-LSTM + CRF] epoch 5 step 6600/6750 loss=8.9352
08/11/2026 08:58:59 - INFO - __main__ - [mBERT + Bi-LSTM + CRF] epoch 5 step 6650/6750 loss=5.9262
08/11/2026 08:59:20 - INFO - __main__ - [mBERT + Bi-LSTM + CRF] epoch 5 step 6700/6750 loss=9.6993
08/11/2026 08:59:42 - INFO - __main__ - [mBERT + Bi-LSTM + CRF] epoch 5 step 6750/6750 loss=8.5986
08/11/2026 08:59:42 - INFO - __main__ - [mBERT + Bi-LSTM + CRF] Epoch 5 xong sau 2921.0s, avg_loss=7.8710
08/11/2026 09:03:30 - INFO - __main__ - [mBERT + Bi-LSTM + CRF] Epoch 5 - Valid macro F1 = 0.5224
              precision    recall  f1-score   support

      PERIOD     0.8431    0.8350    0.8390    140159
       COMMA     0.7218    0.6959    0.7086    162055
       COLON     0.6047    0.5022    0.5487     10825
       QMARK     0.7239    0.6169    0.6662      4884
      EXCLAM     0.5277    0.1342    0.2140      2556
   SEMICOLON     0.4342    0.0967    0.1582      1944

   micro avg     0.7720    0.7406    0.7560    322423
   macro avg     0.6426    0.4801    0.5224    322423
weighted avg     0.7673    0.7406    0.7520    322423

08/11/2026 09:03:35 - INFO - __main__ - -> [mBERT + Bi-LSTM + CRF] best checkpoint mới, macro F1 = 0.5224
/root/phopunct/baseline_lstm_crf.py:261: FutureWarning: `torch.cuda.amp.autocast(args...)` is deprecated. Please use `torch.amp.autocast('cuda', args...)` instead.
  with torch.cuda.amp.autocast(enabled=use_amp):
08/11/2026 09:03:57 - INFO - __main__ - [mBERT + Bi-LSTM + CRF] epoch 6 step 50/6750 loss=6.6766
08/11/2026 09:04:18 - INFO - __main__ - [mBERT + Bi-LSTM + CRF] epoch 6 step 100/6750 loss=5.9138
08/11/2026 09:04:40 - INFO - __main__ - [mBERT + Bi-LSTM + CRF] epoch 6 step 150/6750 loss=6.0361
08/11/2026 09:05:01 - INFO - __main__ - [mBERT + Bi-LSTM + CRF] epoch 6 step 200/6750 loss=8.7670
08/11/2026 09:05:23 - INFO - __main__ - [mBERT + Bi-LSTM + CRF] epoch 6 step 250/6750 loss=8.5010
08/11/2026 09:05:45 - INFO - __main__ - [mBERT + Bi-LSTM + CRF] epoch 6 step 300/6750 loss=5.7738
08/11/2026 09:06:07 - INFO - __main__ - [mBERT + Bi-LSTM + CRF] epoch 6 step 350/6750 loss=5.4499
08/11/2026 09:06:29 - INFO - __main__ - [mBERT + Bi-LSTM + CRF] epoch 6 step 400/6750 loss=7.4455
08/11/2026 09:06:51 - INFO - __main__ - [mBERT + Bi-LSTM + CRF] epoch 6 step 450/6750 loss=7.5354
08/11/2026 09:07:12 - INFO - __main__ - [mBERT + Bi-LSTM + CRF] epoch 6 step 500/6750 loss=6.3752
08/11/2026 09:07:34 - INFO - __main__ - [mBERT + Bi-LSTM + CRF] epoch 6 step 550/6750 loss=6.6151
08/11/2026 09:07:56 - INFO - __main__ - [mBERT + Bi-LSTM + CRF] epoch 6 step 600/6750 loss=4.4378
08/11/2026 09:08:18 - INFO - __main__ - [mBERT + Bi-LSTM + CRF] epoch 6 step 650/6750 loss=5.7492
08/11/2026 09:08:40 - INFO - __main__ - [mBERT + Bi-LSTM + CRF] epoch 6 step 700/6750 loss=6.4479
08/11/2026 09:09:02 - INFO - __main__ - [mBERT + Bi-LSTM + CRF] epoch 6 step 750/6750 loss=6.0104
08/11/2026 09:09:24 - INFO - __main__ - [mBERT + Bi-LSTM + CRF] epoch 6 step 800/6750 loss=7.9392
08/11/2026 09:09:45 - INFO - __main__ - [mBERT + Bi-LSTM + CRF] epoch 6 step 850/6750 loss=7.3498
08/11/2026 09:10:07 - INFO - __main__ - [mBERT + Bi-LSTM + CRF] epoch 6 step 900/6750 loss=5.2010
08/11/2026 09:10:29 - INFO - __main__ - [mBERT + Bi-LSTM + CRF] epoch 6 step 950/6750 loss=7.9935
08/11/2026 09:10:51 - INFO - __main__ - [mBERT + Bi-LSTM + CRF] epoch 6 step 1000/6750 loss=8.8396
08/11/2026 09:11:13 - INFO - __main__ - [mBERT + Bi-LSTM + CRF] epoch 6 step 1050/6750 loss=8.4947
08/11/2026 09:11:34 - INFO - __main__ - [mBERT + Bi-LSTM + CRF] epoch 6 step 1100/6750 loss=4.7212
08/11/2026 09:11:56 - INFO - __main__ - [mBERT + Bi-LSTM + CRF] epoch 6 step 1150/6750 loss=7.3242
08/11/2026 09:12:18 - INFO - __main__ - [mBERT + Bi-LSTM + CRF] epoch 6 step 1200/6750 loss=7.4410
08/11/2026 09:12:39 - INFO - __main__ - [mBERT + Bi-LSTM + CRF] epoch 6 step 1250/6750 loss=7.0208
08/11/2026 09:13:01 - INFO - __main__ - [mBERT + Bi-LSTM + CRF] epoch 6 step 1300/6750 loss=7.7444
08/11/2026 09:13:23 - INFO - __main__ - [mBERT + Bi-LSTM + CRF] epoch 6 step 1350/6750 loss=7.5236
08/11/2026 09:13:44 - INFO - __main__ - [mBERT + Bi-LSTM + CRF] epoch 6 step 1400/6750 loss=8.4931
08/11/2026 09:14:06 - INFO - __main__ - [mBERT + Bi-LSTM + CRF] epoch 6 step 1450/6750 loss=6.9866
08/11/2026 09:14:28 - INFO - __main__ - [mBERT + Bi-LSTM + CRF] epoch 6 step 1500/6750 loss=6.2844
08/11/2026 09:14:50 - INFO - __main__ - [mBERT + Bi-LSTM + CRF] epoch 6 step 1550/6750 loss=5.9084
08/11/2026 09:15:11 - INFO - __main__ - [mBERT + Bi-LSTM + CRF] epoch 6 step 1600/6750 loss=8.9607
08/11/2026 09:15:33 - INFO - __main__ - [mBERT + Bi-LSTM + CRF] epoch 6 step 1650/6750 loss=5.4349
08/11/2026 09:15:55 - INFO - __main__ - [mBERT + Bi-LSTM + CRF] epoch 6 step 1700/6750 loss=5.3172
08/11/2026 09:16:17 - INFO - __main__ - [mBERT + Bi-LSTM + CRF] epoch 6 step 1750/6750 loss=6.3743
08/11/2026 09:16:39 - INFO - __main__ - [mBERT + Bi-LSTM + CRF] epoch 6 step 1800/6750 loss=6.1615
08/11/2026 09:17:01 - INFO - __main__ - [mBERT + Bi-LSTM + CRF] epoch 6 step 1850/6750 loss=7.5748
08/11/2026 09:17:22 - INFO - __main__ - [mBERT + Bi-LSTM + CRF] epoch 6 step 1900/6750 loss=7.1553
08/11/2026 09:17:44 - INFO - __main__ - [mBERT + Bi-LSTM + CRF] epoch 6 step 1950/6750 loss=7.0596
08/11/2026 09:18:06 - INFO - __main__ - [mBERT + Bi-LSTM + CRF] epoch 6 step 2000/6750 loss=7.3882
08/11/2026 09:18:28 - INFO - __main__ - [mBERT + Bi-LSTM + CRF] epoch 6 step 2050/6750 loss=6.3841
08/11/2026 09:18:50 - INFO - __main__ - [mBERT + Bi-LSTM + CRF] epoch 6 step 2100/6750 loss=5.8371
08/11/2026 09:19:12 - INFO - __main__ - [mBERT + Bi-LSTM + CRF] epoch 6 step 2150/6750 loss=6.1739
08/11/2026 09:19:34 - INFO - __main__ - [mBERT + Bi-LSTM + CRF] epoch 6 step 2200/6750 loss=6.6479
08/11/2026 09:19:57 - INFO - __main__ - [mBERT + Bi-LSTM + CRF] epoch 6 step 2250/6750 loss=9.3535
08/11/2026 09:20:19 - INFO - __main__ - [mBERT + Bi-LSTM + CRF] epoch 6 step 2300/6750 loss=6.9500
08/11/2026 09:20:40 - INFO - __main__ - [mBERT + Bi-LSTM + CRF] epoch 6 step 2350/6750 loss=8.5466
08/11/2026 09:21:02 - INFO - __main__ - [mBERT + Bi-LSTM + CRF] epoch 6 step 2400/6750 loss=8.1199
08/11/2026 09:21:24 - INFO - __main__ - [mBERT + Bi-LSTM + CRF] epoch 6 step 2450/6750 loss=8.3932
08/11/2026 09:21:46 - INFO - __main__ - [mBERT + Bi-LSTM + CRF] epoch 6 step 2500/6750 loss=6.8228
08/11/2026 09:22:07 - INFO - __main__ - [mBERT + Bi-LSTM + CRF] epoch 6 step 2550/6750 loss=7.5140
08/11/2026 09:22:29 - INFO - __main__ - [mBERT + Bi-LSTM + CRF] epoch 6 step 2600/6750 loss=5.8945
08/11/2026 09:22:50 - INFO - __main__ - [mBERT + Bi-LSTM + CRF] epoch 6 step 2650/6750 loss=7.5801
08/11/2026 09:23:12 - INFO - __main__ - [mBERT + Bi-LSTM + CRF] epoch 6 step 2700/6750 loss=7.5926
08/11/2026 09:23:33 - INFO - __main__ - [mBERT + Bi-LSTM + CRF] epoch 6 step 2750/6750 loss=5.9431
08/11/2026 09:23:54 - INFO - __main__ - [mBERT + Bi-LSTM + CRF] epoch 6 step 2800/6750 loss=6.8601
08/11/2026 09:24:15 - INFO - __main__ - [mBERT + Bi-LSTM + CRF] epoch 6 step 2850/6750 loss=5.3415
08/11/2026 09:24:36 - INFO - __main__ - [mBERT + Bi-LSTM + CRF] epoch 6 step 2900/6750 loss=8.4873
08/11/2026 09:24:56 - INFO - __main__ - [mBERT + Bi-LSTM + CRF] epoch 6 step 2950/6750 loss=7.6133
08/11/2026 09:25:18 - INFO - __main__ - [mBERT + Bi-LSTM + CRF] epoch 6 step 3000/6750 loss=8.6006
08/11/2026 09:25:39 - INFO - __main__ - [mBERT + Bi-LSTM + CRF] epoch 6 step 3050/6750 loss=9.5392
08/11/2026 09:26:01 - INFO - __main__ - [mBERT + Bi-LSTM + CRF] epoch 6 step 3100/6750 loss=9.6462
08/11/2026 09:26:23 - INFO - __main__ - [mBERT + Bi-LSTM + CRF] epoch 6 step 3150/6750 loss=8.1330
08/11/2026 09:26:45 - INFO - __main__ - [mBERT + Bi-LSTM + CRF] epoch 6 step 3200/6750 loss=5.7615
08/11/2026 09:27:07 - INFO - __main__ - [mBERT + Bi-LSTM + CRF] epoch 6 step 3250/6750 loss=5.4514
08/11/2026 09:27:28 - INFO - __main__ - [mBERT + Bi-LSTM + CRF] epoch 6 step 3300/6750 loss=6.8458
08/11/2026 09:27:50 - INFO - __main__ - [mBERT + Bi-LSTM + CRF] epoch 6 step 3350/6750 loss=7.5338
08/11/2026 09:28:12 - INFO - __main__ - [mBERT + Bi-LSTM + CRF] epoch 6 step 3400/6750 loss=7.7320
08/11/2026 09:28:34 - INFO - __main__ - [mBERT + Bi-LSTM + CRF] epoch 6 step 3450/6750 loss=6.8171
08/11/2026 09:28:56 - INFO - __main__ - [mBERT + Bi-LSTM + CRF] epoch 6 step 3500/6750 loss=9.1015
08/11/2026 09:29:18 - INFO - __main__ - [mBERT + Bi-LSTM + CRF] epoch 6 step 3550/6750 loss=6.6990
08/11/2026 09:29:40 - INFO - __main__ - [mBERT + Bi-LSTM + CRF] epoch 6 step 3600/6750 loss=8.1614
08/11/2026 09:30:02 - INFO - __main__ - [mBERT + Bi-LSTM + CRF] epoch 6 step 3650/6750 loss=8.0917
08/11/2026 09:30:23 - INFO - __main__ - [mBERT + Bi-LSTM + CRF] epoch 6 step 3700/6750 loss=8.2146
08/11/2026 09:30:45 - INFO - __main__ - [mBERT + Bi-LSTM + CRF] epoch 6 step 3750/6750 loss=8.1617
08/11/2026 09:31:07 - INFO - __main__ - [mBERT + Bi-LSTM + CRF] epoch 6 step 3800/6750 loss=5.8427
08/11/2026 09:31:29 - INFO - __main__ - [mBERT + Bi-LSTM + CRF] epoch 6 step 3850/6750 loss=7.1213
08/11/2026 09:31:51 - INFO - __main__ - [mBERT + Bi-LSTM + CRF] epoch 6 step 3900/6750 loss=7.6642
08/11/2026 09:32:13 - INFO - __main__ - [mBERT + Bi-LSTM + CRF] epoch 6 step 3950/6750 loss=8.0027
08/11/2026 09:32:35 - INFO - __main__ - [mBERT + Bi-LSTM + CRF] epoch 6 step 4000/6750 loss=6.3734
08/11/2026 09:32:56 - INFO - __main__ - [mBERT + Bi-LSTM + CRF] epoch 6 step 4050/6750 loss=5.7624
08/11/2026 09:33:19 - INFO - __main__ - [mBERT + Bi-LSTM + CRF] epoch 6 step 4100/6750 loss=5.3528
08/11/2026 09:33:41 - INFO - __main__ - [mBERT + Bi-LSTM + CRF] epoch 6 step 4150/6750 loss=5.8304
08/11/2026 09:34:03 - INFO - __main__ - [mBERT + Bi-LSTM + CRF] epoch 6 step 4200/6750 loss=7.1493
08/11/2026 09:34:24 - INFO - __main__ - [mBERT + Bi-LSTM + CRF] epoch 6 step 4250/6750 loss=7.1181
08/11/2026 09:34:46 - INFO - __main__ - [mBERT + Bi-LSTM + CRF] epoch 6 step 4300/6750 loss=5.9705
08/11/2026 09:35:07 - INFO - __main__ - [mBERT + Bi-LSTM + CRF] epoch 6 step 4350/6750 loss=9.3302
08/11/2026 09:35:29 - INFO - __main__ - [mBERT + Bi-LSTM + CRF] epoch 6 step 4400/6750 loss=4.3086
08/11/2026 09:35:51 - INFO - __main__ - [mBERT + Bi-LSTM + CRF] epoch 6 step 4450/6750 loss=6.1920
08/11/2026 09:36:13 - INFO - __main__ - [mBERT + Bi-LSTM + CRF] epoch 6 step 4500/6750 loss=5.9908
08/11/2026 09:36:35 - INFO - __main__ - [mBERT + Bi-LSTM + CRF] epoch 6 step 4550/6750 loss=6.4213
08/11/2026 09:36:56 - INFO - __main__ - [mBERT + Bi-LSTM + CRF] epoch 6 step 4600/6750 loss=9.2787
08/11/2026 09:37:18 - INFO - __main__ - [mBERT + Bi-LSTM + CRF] epoch 6 step 4650/6750 loss=7.7595
08/11/2026 09:37:40 - INFO - __main__ - [mBERT + Bi-LSTM + CRF] epoch 6 step 4700/6750 loss=7.8310
08/11/2026 09:38:02 - INFO - __main__ - [mBERT + Bi-LSTM + CRF] epoch 6 step 4750/6750 loss=6.5569
08/11/2026 09:38:24 - INFO - __main__ - [mBERT + Bi-LSTM + CRF] epoch 6 step 4800/6750 loss=6.1893
08/11/2026 09:38:46 - INFO - __main__ - [mBERT + Bi-LSTM + CRF] epoch 6 step 4850/6750 loss=5.5604
08/11/2026 09:39:08 - INFO - __main__ - [mBERT + Bi-LSTM + CRF] epoch 6 step 4900/6750 loss=8.4410
08/11/2026 09:39:30 - INFO - __main__ - [mBERT + Bi-LSTM + CRF] epoch 6 step 4950/6750 loss=10.5311
08/11/2026 09:39:52 - INFO - __main__ - [mBERT + Bi-LSTM + CRF] epoch 6 step 5000/6750 loss=6.7242
08/11/2026 09:40:14 - INFO - __main__ - [mBERT + Bi-LSTM + CRF] epoch 6 step 5050/6750 loss=7.0916
08/11/2026 09:40:36 - INFO - __main__ - [mBERT + Bi-LSTM + CRF] epoch 6 step 5100/6750 loss=7.0043
08/11/2026 09:40:58 - INFO - __main__ - [mBERT + Bi-LSTM + CRF] epoch 6 step 5150/6750 loss=6.1844
08/11/2026 09:41:20 - INFO - __main__ - [mBERT + Bi-LSTM + CRF] epoch 6 step 5200/6750 loss=7.3160
08/11/2026 09:41:42 - INFO - __main__ - [mBERT + Bi-LSTM + CRF] epoch 6 step 5250/6750 loss=8.9156
08/11/2026 09:42:03 - INFO - __main__ - [mBERT + Bi-LSTM + CRF] epoch 6 step 5300/6750 loss=7.2044
08/11/2026 09:42:25 - INFO - __main__ - [mBERT + Bi-LSTM + CRF] epoch 6 step 5350/6750 loss=7.0809
08/11/2026 09:42:47 - INFO - __main__ - [mBERT + Bi-LSTM + CRF] epoch 6 step 5400/6750 loss=6.7576
08/11/2026 09:43:09 - INFO - __main__ - [mBERT + Bi-LSTM + CRF] epoch 6 step 5450/6750 loss=8.2290
08/11/2026 09:43:31 - INFO - __main__ - [mBERT + Bi-LSTM + CRF] epoch 6 step 5500/6750 loss=8.4361
08/11/2026 09:43:53 - INFO - __main__ - [mBERT + Bi-LSTM + CRF] epoch 6 step 5550/6750 loss=5.3967
08/11/2026 09:44:15 - INFO - __main__ - [mBERT + Bi-LSTM + CRF] epoch 6 step 5600/6750 loss=8.4915
08/11/2026 09:44:36 - INFO - __main__ - [mBERT + Bi-LSTM + CRF] epoch 6 step 5650/6750 loss=5.6505
08/11/2026 09:44:58 - INFO - __main__ - [mBERT + Bi-LSTM + CRF] epoch 6 step 5700/6750 loss=7.1116
08/11/2026 09:45:20 - INFO - __main__ - [mBERT + Bi-LSTM + CRF] epoch 6 step 5750/6750 loss=8.5233
08/11/2026 09:45:42 - INFO - __main__ - [mBERT + Bi-LSTM + CRF] epoch 6 step 5800/6750 loss=8.0693
08/11/2026 09:46:04 - INFO - __main__ - [mBERT + Bi-LSTM + CRF] epoch 6 step 5850/6750 loss=7.2561
08/11/2026 09:46:26 - INFO - __main__ - [mBERT + Bi-LSTM + CRF] epoch 6 step 5900/6750 loss=7.8266
08/11/2026 09:46:47 - INFO - __main__ - [mBERT + Bi-LSTM + CRF] epoch 6 step 5950/6750 loss=7.1875
08/11/2026 09:47:10 - INFO - __main__ - [mBERT + Bi-LSTM + CRF] epoch 6 step 6000/6750 loss=5.2703
08/11/2026 09:47:31 - INFO - __main__ - [mBERT + Bi-LSTM + CRF] epoch 6 step 6050/6750 loss=6.6428
08/11/2026 09:47:53 - INFO - __main__ - [mBERT + Bi-LSTM + CRF] epoch 6 step 6100/6750 loss=7.2617
08/11/2026 09:48:15 - INFO - __main__ - [mBERT + Bi-LSTM + CRF] epoch 6 step 6150/6750 loss=4.7611
08/11/2026 09:48:36 - INFO - __main__ - [mBERT + Bi-LSTM + CRF] epoch 6 step 6200/6750 loss=7.7995
08/11/2026 09:48:57 - INFO - __main__ - [mBERT + Bi-LSTM + CRF] epoch 6 step 6250/6750 loss=5.7511
08/11/2026 09:49:18 - INFO - __main__ - [mBERT + Bi-LSTM + CRF] epoch 6 step 6300/6750 loss=5.0257
08/11/2026 09:49:41 - INFO - __main__ - [mBERT + Bi-LSTM + CRF] epoch 6 step 6350/6750 loss=7.6456
08/11/2026 09:50:03 - INFO - __main__ - [mBERT + Bi-LSTM + CRF] epoch 6 step 6400/6750 loss=4.8544
08/11/2026 09:50:24 - INFO - __main__ - [mBERT + Bi-LSTM + CRF] epoch 6 step 6450/6750 loss=5.6192
08/11/2026 09:50:45 - INFO - __main__ - [mBERT + Bi-LSTM + CRF] epoch 6 step 6500/6750 loss=8.9588
08/11/2026 09:51:07 - INFO - __main__ - [mBERT + Bi-LSTM + CRF] epoch 6 step 6550/6750 loss=8.7847
08/11/2026 09:51:29 - INFO - __main__ - [mBERT + Bi-LSTM + CRF] epoch 6 step 6600/6750 loss=7.5622
08/11/2026 09:51:50 - INFO - __main__ - [mBERT + Bi-LSTM + CRF] epoch 6 step 6650/6750 loss=8.1555
08/11/2026 09:52:12 - INFO - __main__ - [mBERT + Bi-LSTM + CRF] epoch 6 step 6700/6750 loss=6.4583
08/11/2026 09:52:33 - INFO - __main__ - [mBERT + Bi-LSTM + CRF] epoch 6 step 6750/6750 loss=7.6660
08/11/2026 09:52:33 - INFO - __main__ - [mBERT + Bi-LSTM + CRF] Epoch 6 xong sau 2937.8s, avg_loss=7.2086
08/11/2026 09:56:25 - INFO - __main__ - [mBERT + Bi-LSTM + CRF] Epoch 6 - Valid macro F1 = 0.5314
              precision    recall  f1-score   support

      PERIOD     0.8331    0.8475    0.8403    140159
       COMMA     0.7413    0.6746    0.7064    162055
       COLON     0.6200    0.5014    0.5544     10825
       QMARK     0.6988    0.6568    0.6772      4884
      EXCLAM     0.4712    0.1346    0.2094      2556
   SEMICOLON     0.3997    0.1343    0.2010      1944

   micro avg     0.7788    0.7362    0.7569    322423
   macro avg     0.6274    0.4915    0.5314    322423
weighted avg     0.7723    0.7362    0.7521    322423

08/11/2026 09:56:30 - INFO - __main__ - -> [mBERT + Bi-LSTM + CRF] best checkpoint mới, macro F1 = 0.5314
/root/phopunct/baseline_lstm_crf.py:261: FutureWarning: `torch.cuda.amp.autocast(args...)` is deprecated. Please use `torch.amp.autocast('cuda', args...)` instead.
  with torch.cuda.amp.autocast(enabled=use_amp):
08/11/2026 09:56:52 - INFO - __main__ - [mBERT + Bi-LSTM + CRF] epoch 7 step 50/6750 loss=6.1719
08/11/2026 09:57:13 - INFO - __main__ - [mBERT + Bi-LSTM + CRF] epoch 7 step 100/6750 loss=5.9192
08/11/2026 09:57:34 - INFO - __main__ - [mBERT + Bi-LSTM + CRF] epoch 7 step 150/6750 loss=6.4283
08/11/2026 09:57:55 - INFO - __main__ - [mBERT + Bi-LSTM + CRF] epoch 7 step 200/6750 loss=6.0279
08/11/2026 09:58:16 - INFO - __main__ - [mBERT + Bi-LSTM + CRF] epoch 7 step 250/6750 loss=6.2792
08/11/2026 09:58:37 - INFO - __main__ - [mBERT + Bi-LSTM + CRF] epoch 7 step 300/6750 loss=5.5558
08/11/2026 09:58:59 - INFO - __main__ - [mBERT + Bi-LSTM + CRF] epoch 7 step 350/6750 loss=5.1864
08/11/2026 09:59:20 - INFO - __main__ - [mBERT + Bi-LSTM + CRF] epoch 7 step 400/6750 loss=3.4860
08/11/2026 09:59:41 - INFO - __main__ - [mBERT + Bi-LSTM + CRF] epoch 7 step 450/6750 loss=8.3060
08/11/2026 10:00:02 - INFO - __main__ - [mBERT + Bi-LSTM + CRF] epoch 7 step 500/6750 loss=5.4364
08/11/2026 10:00:23 - INFO - __main__ - [mBERT + Bi-LSTM + CRF] epoch 7 step 550/6750 loss=7.7222
08/11/2026 10:00:45 - INFO - __main__ - [mBERT + Bi-LSTM + CRF] epoch 7 step 600/6750 loss=6.8539
08/11/2026 10:01:07 - INFO - __main__ - [mBERT + Bi-LSTM + CRF] epoch 7 step 650/6750 loss=4.8276
08/11/2026 10:01:30 - INFO - __main__ - [mBERT + Bi-LSTM + CRF] epoch 7 step 700/6750 loss=5.9759
08/11/2026 10:01:51 - INFO - __main__ - [mBERT + Bi-LSTM + CRF] epoch 7 step 750/6750 loss=6.2600
08/11/2026 10:02:13 - INFO - __main__ - [mBERT + Bi-LSTM + CRF] epoch 7 step 800/6750 loss=5.8445
08/11/2026 10:02:35 - INFO - __main__ - [mBERT + Bi-LSTM + CRF] epoch 7 step 850/6750 loss=7.1132
08/11/2026 10:02:56 - INFO - __main__ - [mBERT + Bi-LSTM + CRF] epoch 7 step 900/6750 loss=6.4037
08/11/2026 10:03:17 - INFO - __main__ - [mBERT + Bi-LSTM + CRF] epoch 7 step 950/6750 loss=6.9214
08/11/2026 10:03:38 - INFO - __main__ - [mBERT + Bi-LSTM + CRF] epoch 7 step 1000/6750 loss=5.8306
08/11/2026 10:04:00 - INFO - __main__ - [mBERT + Bi-LSTM + CRF] epoch 7 step 1050/6750 loss=8.1691
08/11/2026 10:04:22 - INFO - __main__ - [mBERT + Bi-LSTM + CRF] epoch 7 step 1100/6750 loss=6.5486
08/11/2026 10:04:44 - INFO - __main__ - [mBERT + Bi-LSTM + CRF] epoch 7 step 1150/6750 loss=5.9968
08/11/2026 10:05:05 - INFO - __main__ - [mBERT + Bi-LSTM + CRF] epoch 7 step 1200/6750 loss=7.0383
08/11/2026 10:05:27 - INFO - __main__ - [mBERT + Bi-LSTM + CRF] epoch 7 step 1250/6750 loss=5.5398
08/11/2026 10:05:48 - INFO - __main__ - [mBERT + Bi-LSTM + CRF] epoch 7 step 1300/6750 loss=4.6207
08/11/2026 10:06:09 - INFO - __main__ - [mBERT + Bi-LSTM + CRF] epoch 7 step 1350/6750 loss=4.9506
08/11/2026 10:06:31 - INFO - __main__ - [mBERT + Bi-LSTM + CRF] epoch 7 step 1400/6750 loss=6.9768
08/11/2026 10:06:53 - INFO - __main__ - [mBERT + Bi-LSTM + CRF] epoch 7 step 1450/6750 loss=6.6973
08/11/2026 10:07:14 - INFO - __main__ - [mBERT + Bi-LSTM + CRF] epoch 7 step 1500/6750 loss=7.1060
08/11/2026 10:07:35 - INFO - __main__ - [mBERT + Bi-LSTM + CRF] epoch 7 step 1550/6750 loss=7.9996
08/11/2026 10:07:57 - INFO - __main__ - [mBERT + Bi-LSTM + CRF] epoch 7 step 1600/6750 loss=8.1525
08/11/2026 10:08:19 - INFO - __main__ - [mBERT + Bi-LSTM + CRF] epoch 7 step 1650/6750 loss=6.2958
08/11/2026 10:08:41 - INFO - __main__ - [mBERT + Bi-LSTM + CRF] epoch 7 step 1700/6750 loss=5.5318
08/11/2026 10:09:03 - INFO - __main__ - [mBERT + Bi-LSTM + CRF] epoch 7 step 1750/6750 loss=4.9844
08/11/2026 10:09:24 - INFO - __main__ - [mBERT + Bi-LSTM + CRF] epoch 7 step 1800/6750 loss=5.3170
08/11/2026 10:09:45 - INFO - __main__ - [mBERT + Bi-LSTM + CRF] epoch 7 step 1850/6750 loss=7.1484
08/11/2026 10:10:06 - INFO - __main__ - [mBERT + Bi-LSTM + CRF] epoch 7 step 1900/6750 loss=7.6449
08/11/2026 10:10:27 - INFO - __main__ - [mBERT + Bi-LSTM + CRF] epoch 7 step 1950/6750 loss=4.7943
08/11/2026 10:10:49 - INFO - __main__ - [mBERT + Bi-LSTM + CRF] epoch 7 step 2000/6750 loss=8.2573
08/11/2026 10:11:10 - INFO - __main__ - [mBERT + Bi-LSTM + CRF] epoch 7 step 2050/6750 loss=7.2555
08/11/2026 10:11:31 - INFO - __main__ - [mBERT + Bi-LSTM + CRF] epoch 7 step 2100/6750 loss=5.0415
08/11/2026 10:11:52 - INFO - __main__ - [mBERT + Bi-LSTM + CRF] epoch 7 step 2150/6750 loss=7.0183
08/11/2026 10:12:14 - INFO - __main__ - [mBERT + Bi-LSTM + CRF] epoch 7 step 2200/6750 loss=5.2604
08/11/2026 10:12:35 - INFO - __main__ - [mBERT + Bi-LSTM + CRF] epoch 7 step 2250/6750 loss=6.1342
08/11/2026 10:12:56 - INFO - __main__ - [mBERT + Bi-LSTM + CRF] epoch 7 step 2300/6750 loss=5.0811
08/11/2026 10:13:17 - INFO - __main__ - [mBERT + Bi-LSTM + CRF] epoch 7 step 2350/6750 loss=6.8794
08/11/2026 10:13:39 - INFO - __main__ - [mBERT + Bi-LSTM + CRF] epoch 7 step 2400/6750 loss=5.8800
08/11/2026 10:14:00 - INFO - __main__ - [mBERT + Bi-LSTM + CRF] epoch 7 step 2450/6750 loss=4.8985
08/11/2026 10:14:21 - INFO - __main__ - [mBERT + Bi-LSTM + CRF] epoch 7 step 2500/6750 loss=10.9530
08/11/2026 10:14:43 - INFO - __main__ - [mBERT + Bi-LSTM + CRF] epoch 7 step 2550/6750 loss=8.6922
08/11/2026 10:15:04 - INFO - __main__ - [mBERT + Bi-LSTM + CRF] epoch 7 step 2600/6750 loss=5.7576
08/11/2026 10:15:25 - INFO - __main__ - [mBERT + Bi-LSTM + CRF] epoch 7 step 2650/6750 loss=6.2692
08/11/2026 10:15:47 - INFO - __main__ - [mBERT + Bi-LSTM + CRF] epoch 7 step 2700/6750 loss=6.9099
08/11/2026 10:16:08 - INFO - __main__ - [mBERT + Bi-LSTM + CRF] epoch 7 step 2750/6750 loss=6.6659
08/11/2026 10:16:29 - INFO - __main__ - [mBERT + Bi-LSTM + CRF] epoch 7 step 2800/6750 loss=5.2503
08/11/2026 10:16:51 - INFO - __main__ - [mBERT + Bi-LSTM + CRF] epoch 7 step 2850/6750 loss=5.7831
08/11/2026 10:17:12 - INFO - __main__ - [mBERT + Bi-LSTM + CRF] epoch 7 step 2900/6750 loss=6.8649
08/11/2026 10:17:33 - INFO - __main__ - [mBERT + Bi-LSTM + CRF] epoch 7 step 2950/6750 loss=9.8944
08/11/2026 10:17:54 - INFO - __main__ - [mBERT + Bi-LSTM + CRF] epoch 7 step 3000/6750 loss=7.4660
08/11/2026 10:18:15 - INFO - __main__ - [mBERT + Bi-LSTM + CRF] epoch 7 step 3050/6750 loss=7.0781
08/11/2026 10:18:36 - INFO - __main__ - [mBERT + Bi-LSTM + CRF] epoch 7 step 3100/6750 loss=7.9790
08/11/2026 10:18:56 - INFO - __main__ - [mBERT + Bi-LSTM + CRF] epoch 7 step 3150/6750 loss=6.4025
08/11/2026 10:19:17 - INFO - __main__ - [mBERT + Bi-LSTM + CRF] epoch 7 step 3200/6750 loss=4.9156
08/11/2026 10:19:38 - INFO - __main__ - [mBERT + Bi-LSTM + CRF] epoch 7 step 3250/6750 loss=5.2656
08/11/2026 10:19:59 - INFO - __main__ - [mBERT + Bi-LSTM + CRF] epoch 7 step 3300/6750 loss=5.0019
08/11/2026 10:20:20 - INFO - __main__ - [mBERT + Bi-LSTM + CRF] epoch 7 step 3350/6750 loss=4.9335
08/11/2026 10:20:41 - INFO - __main__ - [mBERT + Bi-LSTM + CRF] epoch 7 step 3400/6750 loss=6.5410
08/11/2026 10:21:03 - INFO - __main__ - [mBERT + Bi-LSTM + CRF] epoch 7 step 3450/6750 loss=5.3022
08/11/2026 10:21:24 - INFO - __main__ - [mBERT + Bi-LSTM + CRF] epoch 7 step 3500/6750 loss=5.5275
08/11/2026 10:21:46 - INFO - __main__ - [mBERT + Bi-LSTM + CRF] epoch 7 step 3550/6750 loss=7.8339
08/11/2026 10:22:08 - INFO - __main__ - [mBERT + Bi-LSTM + CRF] epoch 7 step 3600/6750 loss=8.6945
08/11/2026 10:22:30 - INFO - __main__ - [mBERT + Bi-LSTM + CRF] epoch 7 step 3650/6750 loss=6.8801
08/11/2026 10:22:51 - INFO - __main__ - [mBERT + Bi-LSTM + CRF] epoch 7 step 3700/6750 loss=7.0036
08/11/2026 10:23:13 - INFO - __main__ - [mBERT + Bi-LSTM + CRF] epoch 7 step 3750/6750 loss=8.9998
08/11/2026 10:23:35 - INFO - __main__ - [mBERT + Bi-LSTM + CRF] epoch 7 step 3800/6750 loss=6.9758
08/11/2026 10:23:56 - INFO - __main__ - [mBERT + Bi-LSTM + CRF] epoch 7 step 3850/6750 loss=7.3526
08/11/2026 10:24:18 - INFO - __main__ - [mBERT + Bi-LSTM + CRF] epoch 7 step 3900/6750 loss=4.3769
08/11/2026 10:24:39 - INFO - __main__ - [mBERT + Bi-LSTM + CRF] epoch 7 step 3950/6750 loss=4.9889
08/11/2026 10:25:01 - INFO - __main__ - [mBERT + Bi-LSTM + CRF] epoch 7 step 4000/6750 loss=7.1752
08/11/2026 10:25:23 - INFO - __main__ - [mBERT + Bi-LSTM + CRF] epoch 7 step 4050/6750 loss=8.4376
08/11/2026 10:25:44 - INFO - __main__ - [mBERT + Bi-LSTM + CRF] epoch 7 step 4100/6750 loss=7.5060
08/11/2026 10:26:05 - INFO - __main__ - [mBERT + Bi-LSTM + CRF] epoch 7 step 4150/6750 loss=5.0360
08/11/2026 10:26:26 - INFO - __main__ - [mBERT + Bi-LSTM + CRF] epoch 7 step 4200/6750 loss=6.5834
08/11/2026 10:26:48 - INFO - __main__ - [mBERT + Bi-LSTM + CRF] epoch 7 step 4250/6750 loss=5.4376
08/11/2026 10:27:09 - INFO - __main__ - [mBERT + Bi-LSTM + CRF] epoch 7 step 4300/6750 loss=8.8666
08/11/2026 10:27:31 - INFO - __main__ - [mBERT + Bi-LSTM + CRF] epoch 7 step 4350/6750 loss=6.7517
08/11/2026 10:27:52 - INFO - __main__ - [mBERT + Bi-LSTM + CRF] epoch 7 step 4400/6750 loss=6.7974
08/11/2026 10:28:14 - INFO - __main__ - [mBERT + Bi-LSTM + CRF] epoch 7 step 4450/6750 loss=5.4717
08/11/2026 10:28:36 - INFO - __main__ - [mBERT + Bi-LSTM + CRF] epoch 7 step 4500/6750 loss=7.1738
08/11/2026 10:28:57 - INFO - __main__ - [mBERT + Bi-LSTM + CRF] epoch 7 step 4550/6750 loss=7.5548
08/11/2026 10:29:19 - INFO - __main__ - [mBERT + Bi-LSTM + CRF] epoch 7 step 4600/6750 loss=6.2984
08/11/2026 10:29:40 - INFO - __main__ - [mBERT + Bi-LSTM + CRF] epoch 7 step 4650/6750 loss=8.1662
08/11/2026 10:30:02 - INFO - __main__ - [mBERT + Bi-LSTM + CRF] epoch 7 step 4700/6750 loss=6.1470
08/11/2026 10:30:24 - INFO - __main__ - [mBERT + Bi-LSTM + CRF] epoch 7 step 4750/6750 loss=7.7609
08/11/2026 10:30:46 - INFO - __main__ - [mBERT + Bi-LSTM + CRF] epoch 7 step 4800/6750 loss=7.1794
08/11/2026 10:31:08 - INFO - __main__ - [mBERT + Bi-LSTM + CRF] epoch 7 step 4850/6750 loss=7.1611
08/11/2026 10:31:29 - INFO - __main__ - [mBERT + Bi-LSTM + CRF] epoch 7 step 4900/6750 loss=6.3137
08/11/2026 10:31:51 - INFO - __main__ - [mBERT + Bi-LSTM + CRF] epoch 7 step 4950/6750 loss=10.2414
08/11/2026 10:32:12 - INFO - __main__ - [mBERT + Bi-LSTM + CRF] epoch 7 step 5000/6750 loss=8.7218
08/11/2026 10:32:33 - INFO - __main__ - [mBERT + Bi-LSTM + CRF] epoch 7 step 5050/6750 loss=7.3106
08/11/2026 10:32:55 - INFO - __main__ - [mBERT + Bi-LSTM + CRF] epoch 7 step 5100/6750 loss=5.4486
08/11/2026 10:33:17 - INFO - __main__ - [mBERT + Bi-LSTM + CRF] epoch 7 step 5150/6750 loss=7.7032
08/11/2026 10:33:39 - INFO - __main__ - [mBERT + Bi-LSTM + CRF] epoch 7 step 5200/6750 loss=6.5547
08/11/2026 10:34:01 - INFO - __main__ - [mBERT + Bi-LSTM + CRF] epoch 7 step 5250/6750 loss=8.4058
08/11/2026 10:34:22 - INFO - __main__ - [mBERT + Bi-LSTM + CRF] epoch 7 step 5300/6750 loss=4.7848
08/11/2026 10:34:44 - INFO - __main__ - [mBERT + Bi-LSTM + CRF] epoch 7 step 5350/6750 loss=7.7385
08/11/2026 10:35:06 - INFO - __main__ - [mBERT + Bi-LSTM + CRF] epoch 7 step 5400/6750 loss=7.9032
08/11/2026 10:35:27 - INFO - __main__ - [mBERT + Bi-LSTM + CRF] epoch 7 step 5450/6750 loss=5.7614
08/11/2026 10:35:49 - INFO - __main__ - [mBERT + Bi-LSTM + CRF] epoch 7 step 5500/6750 loss=7.2169
08/11/2026 10:36:11 - INFO - __main__ - [mBERT + Bi-LSTM + CRF] epoch 7 step 5550/6750 loss=9.2834
08/11/2026 10:36:32 - INFO - __main__ - [mBERT + Bi-LSTM + CRF] epoch 7 step 5600/6750 loss=6.7677
08/11/2026 10:36:53 - INFO - __main__ - [mBERT + Bi-LSTM + CRF] epoch 7 step 5650/6750 loss=6.6363
08/11/2026 10:37:14 - INFO - __main__ - [mBERT + Bi-LSTM + CRF] epoch 7 step 5700/6750 loss=7.2478
08/11/2026 10:37:36 - INFO - __main__ - [mBERT + Bi-LSTM + CRF] epoch 7 step 5750/6750 loss=6.1128
08/11/2026 10:37:57 - INFO - __main__ - [mBERT + Bi-LSTM + CRF] epoch 7 step 5800/6750 loss=5.6529
08/11/2026 10:38:18 - INFO - __main__ - [mBERT + Bi-LSTM + CRF] epoch 7 step 5850/6750 loss=5.2393
08/11/2026 10:38:39 - INFO - __main__ - [mBERT + Bi-LSTM + CRF] epoch 7 step 5900/6750 loss=6.3873
08/11/2026 10:39:00 - INFO - __main__ - [mBERT + Bi-LSTM + CRF] epoch 7 step 5950/6750 loss=6.0957
08/11/2026 10:39:22 - INFO - __main__ - [mBERT + Bi-LSTM + CRF] epoch 7 step 6000/6750 loss=6.7282
08/11/2026 10:39:43 - INFO - __main__ - [mBERT + Bi-LSTM + CRF] epoch 7 step 6050/6750 loss=7.0277
08/11/2026 10:40:04 - INFO - __main__ - [mBERT + Bi-LSTM + CRF] epoch 7 step 6100/6750 loss=4.0439
08/11/2026 10:40:26 - INFO - __main__ - [mBERT + Bi-LSTM + CRF] epoch 7 step 6150/6750 loss=7.7259
08/11/2026 10:40:47 - INFO - __main__ - [mBERT + Bi-LSTM + CRF] epoch 7 step 6200/6750 loss=6.5518
08/11/2026 10:41:09 - INFO - __main__ - [mBERT + Bi-LSTM + CRF] epoch 7 step 6250/6750 loss=8.4390
08/11/2026 10:41:30 - INFO - __main__ - [mBERT + Bi-LSTM + CRF] epoch 7 step 6300/6750 loss=8.2893
08/11/2026 10:41:52 - INFO - __main__ - [mBERT + Bi-LSTM + CRF] epoch 7 step 6350/6750 loss=4.8930
08/11/2026 10:42:13 - INFO - __main__ - [mBERT + Bi-LSTM + CRF] epoch 7 step 6400/6750 loss=5.1624
08/11/2026 10:42:34 - INFO - __main__ - [mBERT + Bi-LSTM + CRF] epoch 7 step 6450/6750 loss=6.0786
08/11/2026 10:42:55 - INFO - __main__ - [mBERT + Bi-LSTM + CRF] epoch 7 step 6500/6750 loss=6.1898
08/11/2026 10:43:16 - INFO - __main__ - [mBERT + Bi-LSTM + CRF] epoch 7 step 6550/6750 loss=9.6334
08/11/2026 10:43:38 - INFO - __main__ - [mBERT + Bi-LSTM + CRF] epoch 7 step 6600/6750 loss=7.7720
08/11/2026 10:44:00 - INFO - __main__ - [mBERT + Bi-LSTM + CRF] epoch 7 step 6650/6750 loss=5.0144
08/11/2026 10:44:21 - INFO - __main__ - [mBERT + Bi-LSTM + CRF] epoch 7 step 6700/6750 loss=7.6248
08/11/2026 10:44:43 - INFO - __main__ - [mBERT + Bi-LSTM + CRF] epoch 7 step 6750/6750 loss=6.2808
08/11/2026 10:44:43 - INFO - __main__ - [mBERT + Bi-LSTM + CRF] Epoch 7 xong sau 2892.7s, avg_loss=6.6856
08/11/2026 10:48:33 - INFO - __main__ - [mBERT + Bi-LSTM + CRF] Epoch 7 - Valid macro F1 = 0.5353
              precision    recall  f1-score   support

      PERIOD     0.8282    0.8551    0.8414    140159
       COMMA     0.7390    0.6825    0.7097    162055
       COLON     0.6213    0.5031    0.5560     10825
       QMARK     0.6791    0.6724    0.6757      4884
      EXCLAM     0.4993    0.1373    0.2154      2556
   SEMICOLON     0.3620    0.1517    0.2138      1944

   micro avg     0.7749    0.7438    0.7591    322423
   macro avg     0.6215    0.5004    0.5353    322423
weighted avg     0.7687    0.7438    0.7543    322423

08/11/2026 10:48:39 - INFO - __main__ - -> [mBERT + Bi-LSTM + CRF] best checkpoint mới, macro F1 = 0.5353
/root/phopunct/baseline_lstm_crf.py:261: FutureWarning: `torch.cuda.amp.autocast(args...)` is deprecated. Please use `torch.amp.autocast('cuda', args...)` instead.
  with torch.cuda.amp.autocast(enabled=use_amp):
08/11/2026 10:49:01 - INFO - __main__ - [mBERT + Bi-LSTM + CRF] epoch 8 step 50/6750 loss=7.0286
08/11/2026 10:49:23 - INFO - __main__ - [mBERT + Bi-LSTM + CRF] epoch 8 step 100/6750 loss=5.8186
08/11/2026 10:49:45 - INFO - __main__ - [mBERT + Bi-LSTM + CRF] epoch 8 step 150/6750 loss=5.5524
08/11/2026 10:50:06 - INFO - __main__ - [mBERT + Bi-LSTM + CRF] epoch 8 step 200/6750 loss=8.0063
08/11/2026 10:50:28 - INFO - __main__ - [mBERT + Bi-LSTM + CRF] epoch 8 step 250/6750 loss=5.8459
08/11/2026 10:50:49 - INFO - __main__ - [mBERT + Bi-LSTM + CRF] epoch 8 step 300/6750 loss=5.5519
08/11/2026 10:51:12 - INFO - __main__ - [mBERT + Bi-LSTM + CRF] epoch 8 step 350/6750 loss=8.2463
08/11/2026 10:51:33 - INFO - __main__ - [mBERT + Bi-LSTM + CRF] epoch 8 step 400/6750 loss=5.6411
08/11/2026 10:51:54 - INFO - __main__ - [mBERT + Bi-LSTM + CRF] epoch 8 step 450/6750 loss=7.3893
08/11/2026 10:52:16 - INFO - __main__ - [mBERT + Bi-LSTM + CRF] epoch 8 step 500/6750 loss=7.2428
08/11/2026 10:52:37 - INFO - __main__ - [mBERT + Bi-LSTM + CRF] epoch 8 step 550/6750 loss=5.8333
08/11/2026 10:52:58 - INFO - __main__ - [mBERT + Bi-LSTM + CRF] epoch 8 step 600/6750 loss=5.5733
08/11/2026 10:53:20 - INFO - __main__ - [mBERT + Bi-LSTM + CRF] epoch 8 step 650/6750 loss=8.3507
08/11/2026 10:53:41 - INFO - __main__ - [mBERT + Bi-LSTM + CRF] epoch 8 step 700/6750 loss=6.2497
08/11/2026 10:54:03 - INFO - __main__ - [mBERT + Bi-LSTM + CRF] epoch 8 step 750/6750 loss=7.8774
08/11/2026 10:54:25 - INFO - __main__ - [mBERT + Bi-LSTM + CRF] epoch 8 step 800/6750 loss=8.0042
08/11/2026 10:54:47 - INFO - __main__ - [mBERT + Bi-LSTM + CRF] epoch 8 step 850/6750 loss=6.1177
08/11/2026 10:55:08 - INFO - __main__ - [mBERT + Bi-LSTM + CRF] epoch 8 step 900/6750 loss=4.6381
08/11/2026 10:55:30 - INFO - __main__ - [mBERT + Bi-LSTM + CRF] epoch 8 step 950/6750 loss=9.1794
08/11/2026 10:55:52 - INFO - __main__ - [mBERT + Bi-LSTM + CRF] epoch 8 step 1000/6750 loss=4.4051
08/11/2026 10:56:14 - INFO - __main__ - [mBERT + Bi-LSTM + CRF] epoch 8 step 1050/6750 loss=7.1328
08/11/2026 10:56:36 - INFO - __main__ - [mBERT + Bi-LSTM + CRF] epoch 8 step 1100/6750 loss=4.6843
08/11/2026 10:56:57 - INFO - __main__ - [mBERT + Bi-LSTM + CRF] epoch 8 step 1150/6750 loss=6.5372
08/11/2026 10:57:18 - INFO - __main__ - [mBERT + Bi-LSTM + CRF] epoch 8 step 1200/6750 loss=5.0582
08/11/2026 10:57:40 - INFO - __main__ - [mBERT + Bi-LSTM + CRF] epoch 8 step 1250/6750 loss=5.0185
08/11/2026 10:58:02 - INFO - __main__ - [mBERT + Bi-LSTM + CRF] epoch 8 step 1300/6750 loss=6.8335
08/11/2026 10:58:24 - INFO - __main__ - [mBERT + Bi-LSTM + CRF] epoch 8 step 1350/6750 loss=5.1846
08/11/2026 10:58:46 - INFO - __main__ - [mBERT + Bi-LSTM + CRF] epoch 8 step 1400/6750 loss=5.6197
08/11/2026 10:59:07 - INFO - __main__ - [mBERT + Bi-LSTM + CRF] epoch 8 step 1450/6750 loss=6.1063
08/11/2026 10:59:28 - INFO - __main__ - [mBERT + Bi-LSTM + CRF] epoch 8 step 1500/6750 loss=6.3958
08/11/2026 10:59:49 - INFO - __main__ - [mBERT + Bi-LSTM + CRF] epoch 8 step 1550/6750 loss=6.4770
08/11/2026 11:00:10 - INFO - __main__ - [mBERT + Bi-LSTM + CRF] epoch 8 step 1600/6750 loss=3.9380
08/11/2026 11:00:32 - INFO - __main__ - [mBERT + Bi-LSTM + CRF] epoch 8 step 1650/6750 loss=4.3447
08/11/2026 11:00:52 - INFO - __main__ - [mBERT + Bi-LSTM + CRF] epoch 8 step 1700/6750 loss=8.3384
08/11/2026 11:01:13 - INFO - __main__ - [mBERT + Bi-LSTM + CRF] epoch 8 step 1750/6750 loss=6.0841
08/11/2026 11:01:35 - INFO - __main__ - [mBERT + Bi-LSTM + CRF] epoch 8 step 1800/6750 loss=4.7668
08/11/2026 11:01:56 - INFO - __main__ - [mBERT + Bi-LSTM + CRF] epoch 8 step 1850/6750 loss=10.2200
08/11/2026 11:02:18 - INFO - __main__ - [mBERT + Bi-LSTM + CRF] epoch 8 step 1900/6750 loss=5.8787
08/11/2026 11:02:40 - INFO - __main__ - [mBERT + Bi-LSTM + CRF] epoch 8 step 1950/6750 loss=5.4714
08/11/2026 11:03:02 - INFO - __main__ - [mBERT + Bi-LSTM + CRF] epoch 8 step 2000/6750 loss=5.8791
08/11/2026 11:03:24 - INFO - __main__ - [mBERT + Bi-LSTM + CRF] epoch 8 step 2050/6750 loss=4.1793
08/11/2026 11:03:45 - INFO - __main__ - [mBERT + Bi-LSTM + CRF] epoch 8 step 2100/6750 loss=5.9618
08/11/2026 11:04:07 - INFO - __main__ - [mBERT + Bi-LSTM + CRF] epoch 8 step 2150/6750 loss=5.5963
08/11/2026 11:04:29 - INFO - __main__ - [mBERT + Bi-LSTM + CRF] epoch 8 step 2200/6750 loss=9.6272
08/11/2026 11:04:50 - INFO - __main__ - [mBERT + Bi-LSTM + CRF] epoch 8 step 2250/6750 loss=4.4202
08/11/2026 11:05:13 - INFO - __main__ - [mBERT + Bi-LSTM + CRF] epoch 8 step 2300/6750 loss=6.5113
08/11/2026 11:05:35 - INFO - __main__ - [mBERT + Bi-LSTM + CRF] epoch 8 step 2350/6750 loss=7.6465
08/11/2026 11:05:57 - INFO - __main__ - [mBERT + Bi-LSTM + CRF] epoch 8 step 2400/6750 loss=6.9725
08/11/2026 11:06:19 - INFO - __main__ - [mBERT + Bi-LSTM + CRF] epoch 8 step 2450/6750 loss=6.4526
08/11/2026 11:06:41 - INFO - __main__ - [mBERT + Bi-LSTM + CRF] epoch 8 step 2500/6750 loss=7.6088
08/11/2026 11:07:03 - INFO - __main__ - [mBERT + Bi-LSTM + CRF] epoch 8 step 2550/6750 loss=6.9544
08/11/2026 11:07:25 - INFO - __main__ - [mBERT + Bi-LSTM + CRF] epoch 8 step 2600/6750 loss=7.8771
08/11/2026 11:07:46 - INFO - __main__ - [mBERT + Bi-LSTM + CRF] epoch 8 step 2650/6750 loss=7.1999
08/11/2026 11:08:07 - INFO - __main__ - [mBERT + Bi-LSTM + CRF] epoch 8 step 2700/6750 loss=5.4525
08/11/2026 11:08:28 - INFO - __main__ - [mBERT + Bi-LSTM + CRF] epoch 8 step 2750/6750 loss=5.1891
08/11/2026 11:08:49 - INFO - __main__ - [mBERT + Bi-LSTM + CRF] epoch 8 step 2800/6750 loss=7.0932
08/11/2026 11:09:11 - INFO - __main__ - [mBERT + Bi-LSTM + CRF] epoch 8 step 2850/6750 loss=6.0578
08/11/2026 11:09:32 - INFO - __main__ - [mBERT + Bi-LSTM + CRF] epoch 8 step 2900/6750 loss=4.8228
08/11/2026 11:09:53 - INFO - __main__ - [mBERT + Bi-LSTM + CRF] epoch 8 step 2950/6750 loss=7.3476
08/11/2026 11:10:14 - INFO - __main__ - [mBERT + Bi-LSTM + CRF] epoch 8 step 3000/6750 loss=5.3124
08/11/2026 11:10:35 - INFO - __main__ - [mBERT + Bi-LSTM + CRF] epoch 8 step 3050/6750 loss=7.2164
08/11/2026 11:10:57 - INFO - __main__ - [mBERT + Bi-LSTM + CRF] epoch 8 step 3100/6750 loss=6.4760
08/11/2026 11:11:18 - INFO - __main__ - [mBERT + Bi-LSTM + CRF] epoch 8 step 3150/6750 loss=6.3163
08/11/2026 11:11:40 - INFO - __main__ - [mBERT + Bi-LSTM + CRF] epoch 8 step 3200/6750 loss=9.1378
08/11/2026 11:12:01 - INFO - __main__ - [mBERT + Bi-LSTM + CRF] epoch 8 step 3250/6750 loss=5.5965
08/11/2026 11:12:22 - INFO - __main__ - [mBERT + Bi-LSTM + CRF] epoch 8 step 3300/6750 loss=4.3072
08/11/2026 11:12:44 - INFO - __main__ - [mBERT + Bi-LSTM + CRF] epoch 8 step 3350/6750 loss=5.6861
08/11/2026 11:13:06 - INFO - __main__ - [mBERT + Bi-LSTM + CRF] epoch 8 step 3400/6750 loss=5.5855
08/11/2026 11:13:27 - INFO - __main__ - [mBERT + Bi-LSTM + CRF] epoch 8 step 3450/6750 loss=5.8333
08/11/2026 11:13:49 - INFO - __main__ - [mBERT + Bi-LSTM + CRF] epoch 8 step 3500/6750 loss=4.4532
08/11/2026 11:14:11 - INFO - __main__ - [mBERT + Bi-LSTM + CRF] epoch 8 step 3550/6750 loss=4.9955
08/11/2026 11:14:33 - INFO - __main__ - [mBERT + Bi-LSTM + CRF] epoch 8 step 3600/6750 loss=5.1626
08/11/2026 11:14:55 - INFO - __main__ - [mBERT + Bi-LSTM + CRF] epoch 8 step 3650/6750 loss=5.7692
08/11/2026 11:15:17 - INFO - __main__ - [mBERT + Bi-LSTM + CRF] epoch 8 step 3700/6750 loss=5.7401
08/11/2026 11:15:39 - INFO - __main__ - [mBERT + Bi-LSTM + CRF] epoch 8 step 3750/6750 loss=7.6105
08/11/2026 11:16:00 - INFO - __main__ - [mBERT + Bi-LSTM + CRF] epoch 8 step 3800/6750 loss=8.3392
08/11/2026 11:16:22 - INFO - __main__ - [mBERT + Bi-LSTM + CRF] epoch 8 step 3850/6750 loss=6.8777
08/11/2026 11:16:44 - INFO - __main__ - [mBERT + Bi-LSTM + CRF] epoch 8 step 3900/6750 loss=5.2393
08/11/2026 11:17:05 - INFO - __main__ - [mBERT + Bi-LSTM + CRF] epoch 8 step 3950/6750 loss=5.4845
08/11/2026 11:17:27 - INFO - __main__ - [mBERT + Bi-LSTM + CRF] epoch 8 step 4000/6750 loss=6.7630
08/11/2026 11:17:48 - INFO - __main__ - [mBERT + Bi-LSTM + CRF] epoch 8 step 4050/6750 loss=9.7298
08/11/2026 11:18:09 - INFO - __main__ - [mBERT + Bi-LSTM + CRF] epoch 8 step 4100/6750 loss=7.2809
08/11/2026 11:18:30 - INFO - __main__ - [mBERT + Bi-LSTM + CRF] epoch 8 step 4150/6750 loss=6.5983
08/11/2026 11:18:51 - INFO - __main__ - [mBERT + Bi-LSTM + CRF] epoch 8 step 4200/6750 loss=6.5344
08/11/2026 11:19:13 - INFO - __main__ - [mBERT + Bi-LSTM + CRF] epoch 8 step 4250/6750 loss=6.7557
08/11/2026 11:19:34 - INFO - __main__ - [mBERT + Bi-LSTM + CRF] epoch 8 step 4300/6750 loss=7.7222
08/11/2026 11:19:55 - INFO - __main__ - [mBERT + Bi-LSTM + CRF] epoch 8 step 4350/6750 loss=6.8709
08/11/2026 11:20:17 - INFO - __main__ - [mBERT + Bi-LSTM + CRF] epoch 8 step 4400/6750 loss=7.8512
08/11/2026 11:20:38 - INFO - __main__ - [mBERT + Bi-LSTM + CRF] epoch 8 step 4450/6750 loss=6.6268
08/11/2026 11:20:58 - INFO - __main__ - [mBERT + Bi-LSTM + CRF] epoch 8 step 4500/6750 loss=5.6307
08/11/2026 11:21:19 - INFO - __main__ - [mBERT + Bi-LSTM + CRF] epoch 8 step 4550/6750 loss=7.9386
08/11/2026 11:21:40 - INFO - __main__ - [mBERT + Bi-LSTM + CRF] epoch 8 step 4600/6750 loss=6.9047
08/11/2026 11:22:01 - INFO - __main__ - [mBERT + Bi-LSTM + CRF] epoch 8 step 4650/6750 loss=10.1735
08/11/2026 11:22:22 - INFO - __main__ - [mBERT + Bi-LSTM + CRF] epoch 8 step 4700/6750 loss=7.9377
08/11/2026 11:22:43 - INFO - __main__ - [mBERT + Bi-LSTM + CRF] epoch 8 step 4750/6750 loss=6.2566
08/11/2026 11:23:04 - INFO - __main__ - [mBERT + Bi-LSTM + CRF] epoch 8 step 4800/6750 loss=9.1067
08/11/2026 11:23:25 - INFO - __main__ - [mBERT + Bi-LSTM + CRF] epoch 8 step 4850/6750 loss=6.1449
08/11/2026 11:23:46 - INFO - __main__ - [mBERT + Bi-LSTM + CRF] epoch 8 step 4900/6750 loss=6.4149
08/11/2026 11:24:07 - INFO - __main__ - [mBERT + Bi-LSTM + CRF] epoch 8 step 4950/6750 loss=7.2751
08/11/2026 11:24:28 - INFO - __main__ - [mBERT + Bi-LSTM + CRF] epoch 8 step 5000/6750 loss=5.7572
08/11/2026 11:24:49 - INFO - __main__ - [mBERT + Bi-LSTM + CRF] epoch 8 step 5050/6750 loss=3.8342
08/11/2026 11:25:11 - INFO - __main__ - [mBERT + Bi-LSTM + CRF] epoch 8 step 5100/6750 loss=5.4207
08/11/2026 11:25:32 - INFO - __main__ - [mBERT + Bi-LSTM + CRF] epoch 8 step 5150/6750 loss=6.4981
08/11/2026 11:25:53 - INFO - __main__ - [mBERT + Bi-LSTM + CRF] epoch 8 step 5200/6750 loss=6.9801
08/11/2026 11:26:15 - INFO - __main__ - [mBERT + Bi-LSTM + CRF] epoch 8 step 5250/6750 loss=5.7463
08/11/2026 11:26:36 - INFO - __main__ - [mBERT + Bi-LSTM + CRF] epoch 8 step 5300/6750 loss=7.0852
08/11/2026 11:26:57 - INFO - __main__ - [mBERT + Bi-LSTM + CRF] epoch 8 step 5350/6750 loss=5.4409
08/11/2026 11:27:18 - INFO - __main__ - [mBERT + Bi-LSTM + CRF] epoch 8 step 5400/6750 loss=4.8905
08/11/2026 11:27:40 - INFO - __main__ - [mBERT + Bi-LSTM + CRF] epoch 8 step 5450/6750 loss=4.7758
08/11/2026 11:28:01 - INFO - __main__ - [mBERT + Bi-LSTM + CRF] epoch 8 step 5500/6750 loss=5.7502
08/11/2026 11:28:22 - INFO - __main__ - [mBERT + Bi-LSTM + CRF] epoch 8 step 5550/6750 loss=7.2813
08/11/2026 11:28:43 - INFO - __main__ - [mBERT + Bi-LSTM + CRF] epoch 8 step 5600/6750 loss=5.3493
08/11/2026 11:29:05 - INFO - __main__ - [mBERT + Bi-LSTM + CRF] epoch 8 step 5650/6750 loss=6.4619
08/11/2026 11:29:26 - INFO - __main__ - [mBERT + Bi-LSTM + CRF] epoch 8 step 5700/6750 loss=6.2400
08/11/2026 11:29:47 - INFO - __main__ - [mBERT + Bi-LSTM + CRF] epoch 8 step 5750/6750 loss=5.5466
08/11/2026 11:30:08 - INFO - __main__ - [mBERT + Bi-LSTM + CRF] epoch 8 step 5800/6750 loss=5.9474
08/11/2026 11:30:29 - INFO - __main__ - [mBERT + Bi-LSTM + CRF] epoch 8 step 5850/6750 loss=5.8805
08/11/2026 11:30:50 - INFO - __main__ - [mBERT + Bi-LSTM + CRF] epoch 8 step 5900/6750 loss=6.5328
08/11/2026 11:31:11 - INFO - __main__ - [mBERT + Bi-LSTM + CRF] epoch 8 step 5950/6750 loss=9.5173
08/11/2026 11:31:33 - INFO - __main__ - [mBERT + Bi-LSTM + CRF] epoch 8 step 6000/6750 loss=7.2623
08/11/2026 11:31:54 - INFO - __main__ - [mBERT + Bi-LSTM + CRF] epoch 8 step 6050/6750 loss=4.4789
08/11/2026 11:32:15 - INFO - __main__ - [mBERT + Bi-LSTM + CRF] epoch 8 step 6100/6750 loss=6.1911
08/11/2026 11:32:36 - INFO - __main__ - [mBERT + Bi-LSTM + CRF] epoch 8 step 6150/6750 loss=12.6993
08/11/2026 11:32:57 - INFO - __main__ - [mBERT + Bi-LSTM + CRF] epoch 8 step 6200/6750 loss=6.7404
08/11/2026 11:33:18 - INFO - __main__ - [mBERT + Bi-LSTM + CRF] epoch 8 step 6250/6750 loss=6.2747
08/11/2026 11:33:39 - INFO - __main__ - [mBERT + Bi-LSTM + CRF] epoch 8 step 6300/6750 loss=4.3827
08/11/2026 11:34:00 - INFO - __main__ - [mBERT + Bi-LSTM + CRF] epoch 8 step 6350/6750 loss=5.5978
08/11/2026 11:34:22 - INFO - __main__ - [mBERT + Bi-LSTM + CRF] epoch 8 step 6400/6750 loss=4.9740
08/11/2026 11:34:44 - INFO - __main__ - [mBERT + Bi-LSTM + CRF] epoch 8 step 6450/6750 loss=6.0183
08/11/2026 11:35:06 - INFO - __main__ - [mBERT + Bi-LSTM + CRF] epoch 8 step 6500/6750 loss=6.0208
08/11/2026 11:35:27 - INFO - __main__ - [mBERT + Bi-LSTM + CRF] epoch 8 step 6550/6750 loss=5.0068
08/11/2026 11:35:49 - INFO - __main__ - [mBERT + Bi-LSTM + CRF] epoch 8 step 6600/6750 loss=6.4076
08/11/2026 11:36:11 - INFO - __main__ - [mBERT + Bi-LSTM + CRF] epoch 8 step 6650/6750 loss=5.4517
08/11/2026 11:36:32 - INFO - __main__ - [mBERT + Bi-LSTM + CRF] epoch 8 step 6700/6750 loss=7.0759
08/11/2026 11:36:54 - INFO - __main__ - [mBERT + Bi-LSTM + CRF] epoch 8 step 6750/6750 loss=6.2490
08/11/2026 11:36:54 - INFO - __main__ - [mBERT + Bi-LSTM + CRF] Epoch 8 xong sau 2895.1s, avg_loss=6.3072
08/11/2026 11:40:42 - INFO - __main__ - [mBERT + Bi-LSTM + CRF] Epoch 8 - Valid macro F1 = 0.5354
              precision    recall  f1-score   support

      PERIOD     0.8328    0.8510    0.8418    140159
       COMMA     0.7297    0.6939    0.7114    162055
       COLON     0.6264    0.4956    0.5534     10825
       QMARK     0.6942    0.6618    0.6776      4884
      EXCLAM     0.4971    0.1358    0.2133      2556
   SEMICOLON     0.3692    0.1517    0.2151      1944

   micro avg     0.7722    0.7474    0.7596    322423
   macro avg     0.6249    0.4983    0.5354    322423
weighted avg     0.7665    0.7474    0.7553    322423

08/11/2026 11:40:48 - INFO - __main__ - -> [mBERT + Bi-LSTM + CRF] best checkpoint mới, macro F1 = 0.5354
08/11/2026 11:40:48 - INFO - __main__ - [mBERT + Bi-LSTM + CRF] Train xong. Best macro F1 = 0.5354. Checkpoint tại /root/phopunct/outputs/mbert_bilstm_news
