08/10/2026 21:22:17 - INFO - __main__ - === vELECTRA + Bi-LSTM + CRF | backbone=FPTAI/velectra-base-discriminator-cased ===
08/10/2026 21:22:17 - INFO - __main__ - {
  "model_key": "velectra",
  "use_bilstm": true,
  "data_dir": "/root/phopunct/data/punctuation/News",
  "output_dir": "/root/phopunct/outputs/velectra_bilstm_news",
  "max_seq_length": 256,
  "lstm_hidden_size": 128,
  "train_batch_size": 16,
  "eval_batch_size": 32,
  "num_train_epochs": 8.0,
  "learning_rate": 2e-05,
  "warmup_ratio": 0.06,
  "max_grad_norm": 1.0,
  "seed": 42,
  "device": "cuda",
  "fp16": true,
  "max_train_examples": null,
  "max_eval_examples": null,
  "logging_steps": 50
}
08/10/2026 21:22:18 - INFO - httpx - HTTP Request: HEAD https://huggingface.co/FPTAI/velectra-base-discriminator-cased/resolve/main/config.json "HTTP/1.1 307 Temporary Redirect"
Warning: You are sending unauthenticated requests to the HF Hub. Please set a HF_TOKEN to enable higher rate limits and faster downloads.
08/10/2026 21:22:18 - WARNING - huggingface_hub.utils._http - Warning: You are sending unauthenticated requests to the HF Hub. Please set a HF_TOKEN to enable higher rate limits and faster downloads.
08/10/2026 21:22:18 - INFO - httpx - HTTP Request: HEAD https://huggingface.co/api/resolve-cache/models/FPTAI/velectra-base-discriminator-cased/f594fee501933d92d8c13285c969495681d0cc00/config.json "HTTP/1.1 200 OK"
08/10/2026 21:22:18 - INFO - httpx - HTTP Request: HEAD https://huggingface.co/FPTAI/velectra-base-discriminator-cased/resolve/main/tokenizer_config.json "HTTP/1.1 404 Not Found"
08/10/2026 21:22:18 - INFO - httpx - HTTP Request: HEAD https://huggingface.co/FPTAI/velectra-base-discriminator-cased/resolve/main/tokenizer_config.json "HTTP/1.1 404 Not Found"
08/10/2026 21:22:19 - INFO - httpx - HTTP Request: GET https://huggingface.co/api/models/FPTAI/velectra-base-discriminator-cased/tree/main/additional_chat_templates?recursive=false&expand=false "HTTP/1.1 404 Not Found"
08/10/2026 21:22:19 - INFO - httpx - HTTP Request: GET https://huggingface.co/api/models/FPTAI/velectra-base-discriminator-cased/tree/main?recursive=true&expand=false "HTTP/1.1 200 OK"
08/10/2026 21:22:20 - INFO - httpx - HTTP Request: HEAD https://huggingface.co/FPTAI/velectra-base-discriminator-cased/resolve/main/vocab.txt "HTTP/1.1 307 Temporary Redirect"
08/10/2026 21:22:20 - INFO - httpx - HTTP Request: HEAD https://huggingface.co/api/resolve-cache/models/FPTAI/velectra-base-discriminator-cased/f594fee501933d92d8c13285c969495681d0cc00/vocab.txt "HTTP/1.1 200 OK"
08/10/2026 21:22:20 - INFO - __main__ - Đang nạp dữ liệu train...
08/10/2026 21:24:04 - INFO - punc_dataset_word - convert_examples_to_features: 108000 examples -> 108000 features (0 rỗng bị bỏ, 1 bị truncate)
08/10/2026 21:24:12 - INFO - __main__ - Đang nạp dữ liệu valid...
08/10/2026 21:24:46 - INFO - punc_dataset_word - convert_examples_to_features: 36191 examples -> 36191 features (0 rỗng bị bỏ, 0 bị truncate)
08/10/2026 21:24:48 - INFO - __main__ - Train: 108000 features | Valid: 36191 features
08/10/2026 21:24:49 - INFO - httpx - HTTP Request: HEAD https://huggingface.co/FPTAI/velectra-base-discriminator-cased/resolve/main/config.json "HTTP/1.1 307 Temporary Redirect"
08/10/2026 21:24:49 - INFO - httpx - HTTP Request: HEAD https://huggingface.co/api/resolve-cache/models/FPTAI/velectra-base-discriminator-cased/f594fee501933d92d8c13285c969495681d0cc00/config.json "HTTP/1.1 200 OK"
08/10/2026 21:24:49 - INFO - httpx - HTTP Request: HEAD https://huggingface.co/FPTAI/velectra-base-discriminator-cased/resolve/main/model.safetensors "HTTP/1.1 404 Not Found"
08/10/2026 21:24:49 - INFO - httpx - HTTP Request: GET https://huggingface.co/api/models/FPTAI/velectra-base-discriminator-cased "HTTP/1.1 200 OK"
Loading weights:   0%|          | 0/197 [00:00<?, ?it/s]Loading weights: 100%|██████████| 197/197 [00:00<00:00, 23839.52it/s]
[transformers] [1mElectraModel LOAD REPORT[0m from: FPTAI/velectra-base-discriminator-cased
Key                                               | Status     |  | 
--------------------------------------------------+------------+--+-
discriminator_predictions.dense_prediction.weight | UNEXPECTED |  | 
discriminator_predictions.dense.bias              | UNEXPECTED |  | 
discriminator_predictions.dense.weight            | UNEXPECTED |  | 
discriminator_predictions.dense_prediction.bias   | UNEXPECTED |  | 

Notes:
- UNEXPECTED:	can be ignored when loading from different task/architecture; not ok if you expect identical arch.
/root/phopunct/baseline_lstm_crf.py:247: FutureWarning: `torch.cuda.amp.GradScaler(args...)` is deprecated. Please use `torch.amp.GradScaler('cuda', args...)` instead.
  scaler = torch.cuda.amp.GradScaler(enabled=use_amp)
/root/phopunct/baseline_lstm_crf.py:261: FutureWarning: `torch.cuda.amp.autocast(args...)` is deprecated. Please use `torch.amp.autocast('cuda', args...)` instead.
  with torch.cuda.amp.autocast(enabled=use_amp):
08/10/2026 21:24:50 - INFO - httpx - HTTP Request: GET https://huggingface.co/api/models/FPTAI/velectra-base-discriminator-cased/commits/main "HTTP/1.1 200 OK"
08/10/2026 21:24:50 - INFO - httpx - HTTP Request: GET https://huggingface.co/api/models/FPTAI/velectra-base-discriminator-cased/discussions?p=0 "HTTP/1.1 200 OK"
08/10/2026 21:24:50 - INFO - httpx - HTTP Request: GET https://huggingface.co/api/models/FPTAI/velectra-base-discriminator-cased/commits/refs%2Fpr%2F1 "HTTP/1.1 200 OK"
/root/phopunct/baseline_lstm_crf.py:274: UserWarning: Detected call of `lr_scheduler.step()` before `optimizer.step()`. In PyTorch 1.1.0 and later, you should call them in the opposite order: `optimizer.step()` before `lr_scheduler.step()`.  Failure to do this will result in PyTorch skipping the first value of the learning rate schedule. See more details at https://pytorch.org/docs/stable/optim.html#how-to-adjust-learning-rate
  scheduler.step()
08/10/2026 21:24:51 - INFO - httpx - HTTP Request: HEAD https://huggingface.co/FPTAI/velectra-base-discriminator-cased/resolve/refs%2Fpr%2F1/model.safetensors.index.json "HTTP/1.1 404 Not Found"
08/10/2026 21:24:51 - INFO - httpx - HTTP Request: HEAD https://huggingface.co/FPTAI/velectra-base-discriminator-cased/resolve/refs%2Fpr%2F1/model.safetensors "HTTP/1.1 302 Found"
08/10/2026 21:25:11 - INFO - __main__ - [vELECTRA + Bi-LSTM + CRF] epoch 1 step 50/6750 loss=227.2881
08/10/2026 21:25:31 - INFO - __main__ - [vELECTRA + Bi-LSTM + CRF] epoch 1 step 100/6750 loss=191.1459
08/10/2026 21:25:51 - INFO - __main__ - [vELECTRA + Bi-LSTM + CRF] epoch 1 step 150/6750 loss=126.9370
08/10/2026 21:26:11 - INFO - __main__ - [vELECTRA + Bi-LSTM + CRF] epoch 1 step 200/6750 loss=61.9345
08/10/2026 21:26:31 - INFO - __main__ - [vELECTRA + Bi-LSTM + CRF] epoch 1 step 250/6750 loss=49.5831
08/10/2026 21:26:52 - INFO - __main__ - [vELECTRA + Bi-LSTM + CRF] epoch 1 step 300/6750 loss=42.7198
08/10/2026 21:27:12 - INFO - __main__ - [vELECTRA + Bi-LSTM + CRF] epoch 1 step 350/6750 loss=34.6330
08/10/2026 21:27:31 - INFO - __main__ - [vELECTRA + Bi-LSTM + CRF] epoch 1 step 400/6750 loss=37.8758
08/10/2026 21:27:51 - INFO - __main__ - [vELECTRA + Bi-LSTM + CRF] epoch 1 step 450/6750 loss=37.7424
08/10/2026 21:28:12 - INFO - __main__ - [vELECTRA + Bi-LSTM + CRF] epoch 1 step 500/6750 loss=35.5671
08/10/2026 21:28:32 - INFO - __main__ - [vELECTRA + Bi-LSTM + CRF] epoch 1 step 550/6750 loss=33.8645
08/10/2026 21:28:52 - INFO - __main__ - [vELECTRA + Bi-LSTM + CRF] epoch 1 step 600/6750 loss=39.3392
08/10/2026 21:29:12 - INFO - __main__ - [vELECTRA + Bi-LSTM + CRF] epoch 1 step 650/6750 loss=35.1199
08/10/2026 21:29:32 - INFO - __main__ - [vELECTRA + Bi-LSTM + CRF] epoch 1 step 700/6750 loss=32.1518
08/10/2026 21:29:52 - INFO - __main__ - [vELECTRA + Bi-LSTM + CRF] epoch 1 step 750/6750 loss=29.7536
08/10/2026 21:30:12 - INFO - __main__ - [vELECTRA + Bi-LSTM + CRF] epoch 1 step 800/6750 loss=30.4174
08/10/2026 21:30:32 - INFO - __main__ - [vELECTRA + Bi-LSTM + CRF] epoch 1 step 850/6750 loss=26.4298
08/10/2026 21:30:52 - INFO - __main__ - [vELECTRA + Bi-LSTM + CRF] epoch 1 step 900/6750 loss=32.5389
08/10/2026 21:31:12 - INFO - __main__ - [vELECTRA + Bi-LSTM + CRF] epoch 1 step 950/6750 loss=26.5076
08/10/2026 21:31:32 - INFO - __main__ - [vELECTRA + Bi-LSTM + CRF] epoch 1 step 1000/6750 loss=29.6227
08/10/2026 21:31:52 - INFO - __main__ - [vELECTRA + Bi-LSTM + CRF] epoch 1 step 1050/6750 loss=25.1774
08/10/2026 21:32:12 - INFO - __main__ - [vELECTRA + Bi-LSTM + CRF] epoch 1 step 1100/6750 loss=26.4719
08/10/2026 21:32:32 - INFO - __main__ - [vELECTRA + Bi-LSTM + CRF] epoch 1 step 1150/6750 loss=27.2588
08/10/2026 21:32:51 - INFO - __main__ - [vELECTRA + Bi-LSTM + CRF] epoch 1 step 1200/6750 loss=21.9658
08/10/2026 21:33:11 - INFO - __main__ - [vELECTRA + Bi-LSTM + CRF] epoch 1 step 1250/6750 loss=24.0147
08/10/2026 21:33:31 - INFO - __main__ - [vELECTRA + Bi-LSTM + CRF] epoch 1 step 1300/6750 loss=27.8066
08/10/2026 21:33:51 - INFO - __main__ - [vELECTRA + Bi-LSTM + CRF] epoch 1 step 1350/6750 loss=26.6433
08/10/2026 21:34:11 - INFO - __main__ - [vELECTRA + Bi-LSTM + CRF] epoch 1 step 1400/6750 loss=23.5136
08/10/2026 21:34:31 - INFO - __main__ - [vELECTRA + Bi-LSTM + CRF] epoch 1 step 1450/6750 loss=25.3283
08/10/2026 21:34:51 - INFO - __main__ - [vELECTRA + Bi-LSTM + CRF] epoch 1 step 1500/6750 loss=25.1721
08/10/2026 21:35:11 - INFO - __main__ - [vELECTRA + Bi-LSTM + CRF] epoch 1 step 1550/6750 loss=26.5355
08/10/2026 21:35:32 - INFO - __main__ - [vELECTRA + Bi-LSTM + CRF] epoch 1 step 1600/6750 loss=29.1434
08/10/2026 21:35:52 - INFO - __main__ - [vELECTRA + Bi-LSTM + CRF] epoch 1 step 1650/6750 loss=27.7597
08/10/2026 21:36:12 - INFO - __main__ - [vELECTRA + Bi-LSTM + CRF] epoch 1 step 1700/6750 loss=25.7810
08/10/2026 21:36:33 - INFO - __main__ - [vELECTRA + Bi-LSTM + CRF] epoch 1 step 1750/6750 loss=27.4985
08/10/2026 21:36:52 - INFO - __main__ - [vELECTRA + Bi-LSTM + CRF] epoch 1 step 1800/6750 loss=24.6983
08/10/2026 21:37:13 - INFO - __main__ - [vELECTRA + Bi-LSTM + CRF] epoch 1 step 1850/6750 loss=22.9586
08/10/2026 21:37:33 - INFO - __main__ - [vELECTRA + Bi-LSTM + CRF] epoch 1 step 1900/6750 loss=26.3198
08/10/2026 21:37:53 - INFO - __main__ - [vELECTRA + Bi-LSTM + CRF] epoch 1 step 1950/6750 loss=17.3242
08/10/2026 21:38:13 - INFO - __main__ - [vELECTRA + Bi-LSTM + CRF] epoch 1 step 2000/6750 loss=17.8545
08/10/2026 21:38:32 - INFO - __main__ - [vELECTRA + Bi-LSTM + CRF] epoch 1 step 2050/6750 loss=25.5593
08/10/2026 21:38:52 - INFO - __main__ - [vELECTRA + Bi-LSTM + CRF] epoch 1 step 2100/6750 loss=17.9039
08/10/2026 21:39:11 - INFO - __main__ - [vELECTRA + Bi-LSTM + CRF] epoch 1 step 2150/6750 loss=23.3622
08/10/2026 21:39:31 - INFO - __main__ - [vELECTRA + Bi-LSTM + CRF] epoch 1 step 2200/6750 loss=21.0137
08/10/2026 21:39:51 - INFO - __main__ - [vELECTRA + Bi-LSTM + CRF] epoch 1 step 2250/6750 loss=24.8360
08/10/2026 21:40:10 - INFO - __main__ - [vELECTRA + Bi-LSTM + CRF] epoch 1 step 2300/6750 loss=23.2974
08/10/2026 21:40:30 - INFO - __main__ - [vELECTRA + Bi-LSTM + CRF] epoch 1 step 2350/6750 loss=27.0143
08/10/2026 21:40:49 - INFO - __main__ - [vELECTRA + Bi-LSTM + CRF] epoch 1 step 2400/6750 loss=16.8497
08/10/2026 21:41:09 - INFO - __main__ - [vELECTRA + Bi-LSTM + CRF] epoch 1 step 2450/6750 loss=17.6171
08/10/2026 21:41:28 - INFO - __main__ - [vELECTRA + Bi-LSTM + CRF] epoch 1 step 2500/6750 loss=22.6672
08/10/2026 21:41:48 - INFO - __main__ - [vELECTRA + Bi-LSTM + CRF] epoch 1 step 2550/6750 loss=27.0215
08/10/2026 21:42:08 - INFO - __main__ - [vELECTRA + Bi-LSTM + CRF] epoch 1 step 2600/6750 loss=22.6546
08/10/2026 21:42:27 - INFO - __main__ - [vELECTRA + Bi-LSTM + CRF] epoch 1 step 2650/6750 loss=23.6799
08/10/2026 21:42:47 - INFO - __main__ - [vELECTRA + Bi-LSTM + CRF] epoch 1 step 2700/6750 loss=18.9741
08/10/2026 21:43:06 - INFO - __main__ - [vELECTRA + Bi-LSTM + CRF] epoch 1 step 2750/6750 loss=16.2443
08/10/2026 21:43:26 - INFO - __main__ - [vELECTRA + Bi-LSTM + CRF] epoch 1 step 2800/6750 loss=16.6297
08/10/2026 21:43:45 - INFO - __main__ - [vELECTRA + Bi-LSTM + CRF] epoch 1 step 2850/6750 loss=23.1715
08/10/2026 21:44:05 - INFO - __main__ - [vELECTRA + Bi-LSTM + CRF] epoch 1 step 2900/6750 loss=17.7630
08/10/2026 21:44:25 - INFO - __main__ - [vELECTRA + Bi-LSTM + CRF] epoch 1 step 2950/6750 loss=18.4701
08/10/2026 21:44:45 - INFO - __main__ - [vELECTRA + Bi-LSTM + CRF] epoch 1 step 3000/6750 loss=23.0015
08/10/2026 21:45:05 - INFO - __main__ - [vELECTRA + Bi-LSTM + CRF] epoch 1 step 3050/6750 loss=20.3761
08/10/2026 21:45:24 - INFO - __main__ - [vELECTRA + Bi-LSTM + CRF] epoch 1 step 3100/6750 loss=19.3661
08/10/2026 21:45:44 - INFO - __main__ - [vELECTRA + Bi-LSTM + CRF] epoch 1 step 3150/6750 loss=17.7865
08/10/2026 21:46:05 - INFO - __main__ - [vELECTRA + Bi-LSTM + CRF] epoch 1 step 3200/6750 loss=16.2470
08/10/2026 21:46:25 - INFO - __main__ - [vELECTRA + Bi-LSTM + CRF] epoch 1 step 3250/6750 loss=17.9151
08/10/2026 21:46:45 - INFO - __main__ - [vELECTRA + Bi-LSTM + CRF] epoch 1 step 3300/6750 loss=14.2363
08/10/2026 21:47:05 - INFO - __main__ - [vELECTRA + Bi-LSTM + CRF] epoch 1 step 3350/6750 loss=17.6251
08/10/2026 21:47:25 - INFO - __main__ - [vELECTRA + Bi-LSTM + CRF] epoch 1 step 3400/6750 loss=18.0658
08/10/2026 21:47:45 - INFO - __main__ - [vELECTRA + Bi-LSTM + CRF] epoch 1 step 3450/6750 loss=22.6342
08/10/2026 21:48:05 - INFO - __main__ - [vELECTRA + Bi-LSTM + CRF] epoch 1 step 3500/6750 loss=19.0994
08/10/2026 21:48:25 - INFO - __main__ - [vELECTRA + Bi-LSTM + CRF] epoch 1 step 3550/6750 loss=16.7917
08/10/2026 21:48:46 - INFO - __main__ - [vELECTRA + Bi-LSTM + CRF] epoch 1 step 3600/6750 loss=22.9626
08/10/2026 21:49:06 - INFO - __main__ - [vELECTRA + Bi-LSTM + CRF] epoch 1 step 3650/6750 loss=16.6346
08/10/2026 21:49:27 - INFO - __main__ - [vELECTRA + Bi-LSTM + CRF] epoch 1 step 3700/6750 loss=16.7402
08/10/2026 21:49:47 - INFO - __main__ - [vELECTRA + Bi-LSTM + CRF] epoch 1 step 3750/6750 loss=16.5816
08/10/2026 21:50:07 - INFO - __main__ - [vELECTRA + Bi-LSTM + CRF] epoch 1 step 3800/6750 loss=17.2675
08/10/2026 21:50:27 - INFO - __main__ - [vELECTRA + Bi-LSTM + CRF] epoch 1 step 3850/6750 loss=20.0585
08/10/2026 21:50:47 - INFO - __main__ - [vELECTRA + Bi-LSTM + CRF] epoch 1 step 3900/6750 loss=16.9254
08/10/2026 21:51:08 - INFO - __main__ - [vELECTRA + Bi-LSTM + CRF] epoch 1 step 3950/6750 loss=17.2706
08/10/2026 21:51:28 - INFO - __main__ - [vELECTRA + Bi-LSTM + CRF] epoch 1 step 4000/6750 loss=20.2020
08/10/2026 21:51:48 - INFO - __main__ - [vELECTRA + Bi-LSTM + CRF] epoch 1 step 4050/6750 loss=15.5245
08/10/2026 21:52:08 - INFO - __main__ - [vELECTRA + Bi-LSTM + CRF] epoch 1 step 4100/6750 loss=16.8469
08/10/2026 21:52:29 - INFO - __main__ - [vELECTRA + Bi-LSTM + CRF] epoch 1 step 4150/6750 loss=15.1825
08/10/2026 21:52:49 - INFO - __main__ - [vELECTRA + Bi-LSTM + CRF] epoch 1 step 4200/6750 loss=16.8494
08/10/2026 21:53:09 - INFO - __main__ - [vELECTRA + Bi-LSTM + CRF] epoch 1 step 4250/6750 loss=13.4127
08/10/2026 21:53:29 - INFO - __main__ - [vELECTRA + Bi-LSTM + CRF] epoch 1 step 4300/6750 loss=11.6226
08/10/2026 21:53:49 - INFO - __main__ - [vELECTRA + Bi-LSTM + CRF] epoch 1 step 4350/6750 loss=14.7691
08/10/2026 21:54:09 - INFO - __main__ - [vELECTRA + Bi-LSTM + CRF] epoch 1 step 4400/6750 loss=15.3485
08/10/2026 21:54:29 - INFO - __main__ - [vELECTRA + Bi-LSTM + CRF] epoch 1 step 4450/6750 loss=14.7973
08/10/2026 21:54:50 - INFO - __main__ - [vELECTRA + Bi-LSTM + CRF] epoch 1 step 4500/6750 loss=15.5165
08/10/2026 21:55:10 - INFO - __main__ - [vELECTRA + Bi-LSTM + CRF] epoch 1 step 4550/6750 loss=13.8211
08/10/2026 21:55:30 - INFO - __main__ - [vELECTRA + Bi-LSTM + CRF] epoch 1 step 4600/6750 loss=9.0355
08/10/2026 21:55:50 - INFO - __main__ - [vELECTRA + Bi-LSTM + CRF] epoch 1 step 4650/6750 loss=15.2298
08/10/2026 21:56:11 - INFO - __main__ - [vELECTRA + Bi-LSTM + CRF] epoch 1 step 4700/6750 loss=13.8433
08/10/2026 21:56:31 - INFO - __main__ - [vELECTRA + Bi-LSTM + CRF] epoch 1 step 4750/6750 loss=12.5001
08/10/2026 21:56:51 - INFO - __main__ - [vELECTRA + Bi-LSTM + CRF] epoch 1 step 4800/6750 loss=20.7410
08/10/2026 21:57:12 - INFO - __main__ - [vELECTRA + Bi-LSTM + CRF] epoch 1 step 4850/6750 loss=16.0641
08/10/2026 21:57:32 - INFO - __main__ - [vELECTRA + Bi-LSTM + CRF] epoch 1 step 4900/6750 loss=19.0171
08/10/2026 21:57:52 - INFO - __main__ - [vELECTRA + Bi-LSTM + CRF] epoch 1 step 4950/6750 loss=18.1372
08/10/2026 21:58:13 - INFO - __main__ - [vELECTRA + Bi-LSTM + CRF] epoch 1 step 5000/6750 loss=11.1736
08/10/2026 21:58:33 - INFO - __main__ - [vELECTRA + Bi-LSTM + CRF] epoch 1 step 5050/6750 loss=11.3346
08/10/2026 21:58:53 - INFO - __main__ - [vELECTRA + Bi-LSTM + CRF] epoch 1 step 5100/6750 loss=19.5062
08/10/2026 21:59:13 - INFO - __main__ - [vELECTRA + Bi-LSTM + CRF] epoch 1 step 5150/6750 loss=12.3387
08/10/2026 21:59:33 - INFO - __main__ - [vELECTRA + Bi-LSTM + CRF] epoch 1 step 5200/6750 loss=10.2499
08/10/2026 21:59:53 - INFO - __main__ - [vELECTRA + Bi-LSTM + CRF] epoch 1 step 5250/6750 loss=11.6489
08/10/2026 22:00:13 - INFO - __main__ - [vELECTRA + Bi-LSTM + CRF] epoch 1 step 5300/6750 loss=16.7022
08/10/2026 22:00:34 - INFO - __main__ - [vELECTRA + Bi-LSTM + CRF] epoch 1 step 5350/6750 loss=17.5818
08/10/2026 22:00:54 - INFO - __main__ - [vELECTRA + Bi-LSTM + CRF] epoch 1 step 5400/6750 loss=14.0728
08/10/2026 22:01:15 - INFO - __main__ - [vELECTRA + Bi-LSTM + CRF] epoch 1 step 5450/6750 loss=14.9667
08/10/2026 22:01:34 - INFO - __main__ - [vELECTRA + Bi-LSTM + CRF] epoch 1 step 5500/6750 loss=16.5582
08/10/2026 22:01:54 - INFO - __main__ - [vELECTRA + Bi-LSTM + CRF] epoch 1 step 5550/6750 loss=11.9118
08/10/2026 22:02:14 - INFO - __main__ - [vELECTRA + Bi-LSTM + CRF] epoch 1 step 5600/6750 loss=14.0660
08/10/2026 22:02:34 - INFO - __main__ - [vELECTRA + Bi-LSTM + CRF] epoch 1 step 5650/6750 loss=15.1750
08/10/2026 22:02:54 - INFO - __main__ - [vELECTRA + Bi-LSTM + CRF] epoch 1 step 5700/6750 loss=15.8039
08/10/2026 22:03:14 - INFO - __main__ - [vELECTRA + Bi-LSTM + CRF] epoch 1 step 5750/6750 loss=15.5383
08/10/2026 22:03:34 - INFO - __main__ - [vELECTRA + Bi-LSTM + CRF] epoch 1 step 5800/6750 loss=12.8898
08/10/2026 22:03:54 - INFO - __main__ - [vELECTRA + Bi-LSTM + CRF] epoch 1 step 5850/6750 loss=19.9044
08/10/2026 22:04:14 - INFO - __main__ - [vELECTRA + Bi-LSTM + CRF] epoch 1 step 5900/6750 loss=15.9984
08/10/2026 22:04:34 - INFO - __main__ - [vELECTRA + Bi-LSTM + CRF] epoch 1 step 5950/6750 loss=15.1525
08/10/2026 22:04:53 - INFO - __main__ - [vELECTRA + Bi-LSTM + CRF] epoch 1 step 6000/6750 loss=12.0202
08/10/2026 22:05:12 - INFO - __main__ - [vELECTRA + Bi-LSTM + CRF] epoch 1 step 6050/6750 loss=13.8190
08/10/2026 22:05:33 - INFO - __main__ - [vELECTRA + Bi-LSTM + CRF] epoch 1 step 6100/6750 loss=16.6142
08/10/2026 22:05:52 - INFO - __main__ - [vELECTRA + Bi-LSTM + CRF] epoch 1 step 6150/6750 loss=16.9437
08/10/2026 22:06:12 - INFO - __main__ - [vELECTRA + Bi-LSTM + CRF] epoch 1 step 6200/6750 loss=14.6687
08/10/2026 22:06:32 - INFO - __main__ - [vELECTRA + Bi-LSTM + CRF] epoch 1 step 6250/6750 loss=10.2568
08/10/2026 22:06:51 - INFO - __main__ - [vELECTRA + Bi-LSTM + CRF] epoch 1 step 6300/6750 loss=17.9903
08/10/2026 22:07:11 - INFO - __main__ - [vELECTRA + Bi-LSTM + CRF] epoch 1 step 6350/6750 loss=11.8716
08/10/2026 22:07:31 - INFO - __main__ - [vELECTRA + Bi-LSTM + CRF] epoch 1 step 6400/6750 loss=14.7832
08/10/2026 22:07:50 - INFO - __main__ - [vELECTRA + Bi-LSTM + CRF] epoch 1 step 6450/6750 loss=13.4477
08/10/2026 22:08:10 - INFO - __main__ - [vELECTRA + Bi-LSTM + CRF] epoch 1 step 6500/6750 loss=13.1034
08/10/2026 22:08:30 - INFO - __main__ - [vELECTRA + Bi-LSTM + CRF] epoch 1 step 6550/6750 loss=12.2614
08/10/2026 22:08:50 - INFO - __main__ - [vELECTRA + Bi-LSTM + CRF] epoch 1 step 6600/6750 loss=14.6161
08/10/2026 22:09:09 - INFO - __main__ - [vELECTRA + Bi-LSTM + CRF] epoch 1 step 6650/6750 loss=15.1336
08/10/2026 22:09:28 - INFO - __main__ - [vELECTRA + Bi-LSTM + CRF] epoch 1 step 6700/6750 loss=12.0425
08/10/2026 22:09:48 - INFO - __main__ - [vELECTRA + Bi-LSTM + CRF] epoch 1 step 6750/6750 loss=17.0596
08/10/2026 22:09:48 - INFO - __main__ - [vELECTRA + Bi-LSTM + CRF] Epoch 1 xong sau 2698.1s, avg_loss=25.2443
08/10/2026 22:13:34 - INFO - __main__ - [vELECTRA + Bi-LSTM + CRF] Epoch 1 - Valid macro F1 = 0.4055
              precision    recall  f1-score   support

      PERIOD     0.7934    0.7854    0.7894    140170
       COMMA     0.6706    0.5841    0.6244    162056
       COLON     0.6284    0.3093    0.4145     10825
       QMARK     0.6469    0.5283    0.5816      4884
      EXCLAM     0.0000    0.0000    0.0000      2556
   SEMICOLON     0.3239    0.0118    0.0228      1944

   micro avg     0.7283    0.6535    0.6889    322435
   macro avg     0.5105    0.3698    0.4055    322435
weighted avg     0.7148    0.6535    0.6798    322435

08/10/2026 22:13:37 - INFO - __main__ - -> [vELECTRA + Bi-LSTM + CRF] best checkpoint mới, macro F1 = 0.4055
/root/phopunct/baseline_lstm_crf.py:261: FutureWarning: `torch.cuda.amp.autocast(args...)` is deprecated. Please use `torch.amp.autocast('cuda', args...)` instead.
  with torch.cuda.amp.autocast(enabled=use_amp):
08/10/2026 22:13:56 - INFO - __main__ - [vELECTRA + Bi-LSTM + CRF] epoch 2 step 50/6750 loss=6.8184
08/10/2026 22:14:17 - INFO - __main__ - [vELECTRA + Bi-LSTM + CRF] epoch 2 step 100/6750 loss=12.6623
08/10/2026 22:14:37 - INFO - __main__ - [vELECTRA + Bi-LSTM + CRF] epoch 2 step 150/6750 loss=15.4608
08/10/2026 22:14:57 - INFO - __main__ - [vELECTRA + Bi-LSTM + CRF] epoch 2 step 200/6750 loss=13.3727
08/10/2026 22:15:17 - INFO - __main__ - [vELECTRA + Bi-LSTM + CRF] epoch 2 step 250/6750 loss=14.8673
08/10/2026 22:15:37 - INFO - __main__ - [vELECTRA + Bi-LSTM + CRF] epoch 2 step 300/6750 loss=10.2576
08/10/2026 22:15:58 - INFO - __main__ - [vELECTRA + Bi-LSTM + CRF] epoch 2 step 350/6750 loss=12.5129
08/10/2026 22:16:18 - INFO - __main__ - [vELECTRA + Bi-LSTM + CRF] epoch 2 step 400/6750 loss=14.2291
08/10/2026 22:16:38 - INFO - __main__ - [vELECTRA + Bi-LSTM + CRF] epoch 2 step 450/6750 loss=10.2563
08/10/2026 22:16:58 - INFO - __main__ - [vELECTRA + Bi-LSTM + CRF] epoch 2 step 500/6750 loss=11.2096
08/10/2026 22:17:18 - INFO - __main__ - [vELECTRA + Bi-LSTM + CRF] epoch 2 step 550/6750 loss=12.4819
08/10/2026 22:17:38 - INFO - __main__ - [vELECTRA + Bi-LSTM + CRF] epoch 2 step 600/6750 loss=11.4456
08/10/2026 22:17:58 - INFO - __main__ - [vELECTRA + Bi-LSTM + CRF] epoch 2 step 650/6750 loss=11.9584
08/10/2026 22:18:18 - INFO - __main__ - [vELECTRA + Bi-LSTM + CRF] epoch 2 step 700/6750 loss=14.9219
08/10/2026 22:18:38 - INFO - __main__ - [vELECTRA + Bi-LSTM + CRF] epoch 2 step 750/6750 loss=12.5049
08/10/2026 22:18:58 - INFO - __main__ - [vELECTRA + Bi-LSTM + CRF] epoch 2 step 800/6750 loss=10.4885
08/10/2026 22:19:17 - INFO - __main__ - [vELECTRA + Bi-LSTM + CRF] epoch 2 step 850/6750 loss=12.1936
08/10/2026 22:19:37 - INFO - __main__ - [vELECTRA + Bi-LSTM + CRF] epoch 2 step 900/6750 loss=11.8729
08/10/2026 22:19:56 - INFO - __main__ - [vELECTRA + Bi-LSTM + CRF] epoch 2 step 950/6750 loss=12.7375
08/10/2026 22:20:16 - INFO - __main__ - [vELECTRA + Bi-LSTM + CRF] epoch 2 step 1000/6750 loss=10.7062
08/10/2026 22:20:36 - INFO - __main__ - [vELECTRA + Bi-LSTM + CRF] epoch 2 step 1050/6750 loss=17.8101
08/10/2026 22:20:56 - INFO - __main__ - [vELECTRA + Bi-LSTM + CRF] epoch 2 step 1100/6750 loss=17.7362
08/10/2026 22:21:17 - INFO - __main__ - [vELECTRA + Bi-LSTM + CRF] epoch 2 step 1150/6750 loss=11.6556
08/10/2026 22:21:37 - INFO - __main__ - [vELECTRA + Bi-LSTM + CRF] epoch 2 step 1200/6750 loss=13.3291
08/10/2026 22:21:57 - INFO - __main__ - [vELECTRA + Bi-LSTM + CRF] epoch 2 step 1250/6750 loss=14.5929
08/10/2026 22:22:18 - INFO - __main__ - [vELECTRA + Bi-LSTM + CRF] epoch 2 step 1300/6750 loss=11.3574
08/10/2026 22:22:38 - INFO - __main__ - [vELECTRA + Bi-LSTM + CRF] epoch 2 step 1350/6750 loss=13.5036
08/10/2026 22:22:59 - INFO - __main__ - [vELECTRA + Bi-LSTM + CRF] epoch 2 step 1400/6750 loss=12.7875
08/10/2026 22:23:20 - INFO - __main__ - [vELECTRA + Bi-LSTM + CRF] epoch 2 step 1450/6750 loss=14.6939
08/10/2026 22:23:41 - INFO - __main__ - [vELECTRA + Bi-LSTM + CRF] epoch 2 step 1500/6750 loss=10.9577
08/10/2026 22:24:01 - INFO - __main__ - [vELECTRA + Bi-LSTM + CRF] epoch 2 step 1550/6750 loss=7.1289
08/10/2026 22:24:21 - INFO - __main__ - [vELECTRA + Bi-LSTM + CRF] epoch 2 step 1600/6750 loss=13.7171
08/10/2026 22:24:41 - INFO - __main__ - [vELECTRA + Bi-LSTM + CRF] epoch 2 step 1650/6750 loss=11.2757
08/10/2026 22:25:01 - INFO - __main__ - [vELECTRA + Bi-LSTM + CRF] epoch 2 step 1700/6750 loss=14.7874
08/10/2026 22:25:21 - INFO - __main__ - [vELECTRA + Bi-LSTM + CRF] epoch 2 step 1750/6750 loss=10.6125
08/10/2026 22:25:41 - INFO - __main__ - [vELECTRA + Bi-LSTM + CRF] epoch 2 step 1800/6750 loss=11.3155
08/10/2026 22:26:01 - INFO - __main__ - [vELECTRA + Bi-LSTM + CRF] epoch 2 step 1850/6750 loss=11.9512
08/10/2026 22:26:21 - INFO - __main__ - [vELECTRA + Bi-LSTM + CRF] epoch 2 step 1900/6750 loss=14.4090
08/10/2026 22:26:40 - INFO - __main__ - [vELECTRA + Bi-LSTM + CRF] epoch 2 step 1950/6750 loss=12.1137
08/10/2026 22:26:59 - INFO - __main__ - [vELECTRA + Bi-LSTM + CRF] epoch 2 step 2000/6750 loss=16.1934
08/10/2026 22:27:19 - INFO - __main__ - [vELECTRA + Bi-LSTM + CRF] epoch 2 step 2050/6750 loss=11.9994
08/10/2026 22:27:38 - INFO - __main__ - [vELECTRA + Bi-LSTM + CRF] epoch 2 step 2100/6750 loss=11.4647
08/10/2026 22:27:58 - INFO - __main__ - [vELECTRA + Bi-LSTM + CRF] epoch 2 step 2150/6750 loss=11.9005
08/10/2026 22:28:18 - INFO - __main__ - [vELECTRA + Bi-LSTM + CRF] epoch 2 step 2200/6750 loss=11.7544
08/10/2026 22:28:38 - INFO - __main__ - [vELECTRA + Bi-LSTM + CRF] epoch 2 step 2250/6750 loss=12.4765
08/10/2026 22:28:58 - INFO - __main__ - [vELECTRA + Bi-LSTM + CRF] epoch 2 step 2300/6750 loss=11.9401
08/10/2026 22:29:18 - INFO - __main__ - [vELECTRA + Bi-LSTM + CRF] epoch 2 step 2350/6750 loss=11.6408
08/10/2026 22:29:37 - INFO - __main__ - [vELECTRA + Bi-LSTM + CRF] epoch 2 step 2400/6750 loss=12.5021
08/10/2026 22:29:57 - INFO - __main__ - [vELECTRA + Bi-LSTM + CRF] epoch 2 step 2450/6750 loss=13.0794
08/10/2026 22:30:17 - INFO - __main__ - [vELECTRA + Bi-LSTM + CRF] epoch 2 step 2500/6750 loss=11.6497
08/10/2026 22:30:37 - INFO - __main__ - [vELECTRA + Bi-LSTM + CRF] epoch 2 step 2550/6750 loss=13.7710
08/10/2026 22:30:58 - INFO - __main__ - [vELECTRA + Bi-LSTM + CRF] epoch 2 step 2600/6750 loss=14.5422
08/10/2026 22:31:18 - INFO - __main__ - [vELECTRA + Bi-LSTM + CRF] epoch 2 step 2650/6750 loss=11.0608
08/10/2026 22:31:40 - INFO - __main__ - [vELECTRA + Bi-LSTM + CRF] epoch 2 step 2700/6750 loss=13.1568
08/10/2026 22:32:00 - INFO - __main__ - [vELECTRA + Bi-LSTM + CRF] epoch 2 step 2750/6750 loss=12.4871
08/10/2026 22:32:21 - INFO - __main__ - [vELECTRA + Bi-LSTM + CRF] epoch 2 step 2800/6750 loss=18.3549
08/10/2026 22:32:42 - INFO - __main__ - [vELECTRA + Bi-LSTM + CRF] epoch 2 step 2850/6750 loss=11.2079
08/10/2026 22:33:02 - INFO - __main__ - [vELECTRA + Bi-LSTM + CRF] epoch 2 step 2900/6750 loss=8.4573
08/10/2026 22:33:24 - INFO - __main__ - [vELECTRA + Bi-LSTM + CRF] epoch 2 step 2950/6750 loss=10.6936
08/10/2026 22:33:45 - INFO - __main__ - [vELECTRA + Bi-LSTM + CRF] epoch 2 step 3000/6750 loss=13.2479
08/10/2026 22:34:05 - INFO - __main__ - [vELECTRA + Bi-LSTM + CRF] epoch 2 step 3050/6750 loss=11.4345
08/10/2026 22:34:26 - INFO - __main__ - [vELECTRA + Bi-LSTM + CRF] epoch 2 step 3100/6750 loss=13.2937
08/10/2026 22:34:46 - INFO - __main__ - [vELECTRA + Bi-LSTM + CRF] epoch 2 step 3150/6750 loss=13.3003
08/10/2026 22:35:06 - INFO - __main__ - [vELECTRA + Bi-LSTM + CRF] epoch 2 step 3200/6750 loss=11.7878
08/10/2026 22:35:26 - INFO - __main__ - [vELECTRA + Bi-LSTM + CRF] epoch 2 step 3250/6750 loss=14.4044
08/10/2026 22:35:47 - INFO - __main__ - [vELECTRA + Bi-LSTM + CRF] epoch 2 step 3300/6750 loss=14.1877
08/10/2026 22:36:08 - INFO - __main__ - [vELECTRA + Bi-LSTM + CRF] epoch 2 step 3350/6750 loss=12.0801
08/10/2026 22:36:28 - INFO - __main__ - [vELECTRA + Bi-LSTM + CRF] epoch 2 step 3400/6750 loss=7.7928
08/10/2026 22:36:48 - INFO - __main__ - [vELECTRA + Bi-LSTM + CRF] epoch 2 step 3450/6750 loss=9.0254
08/10/2026 22:37:08 - INFO - __main__ - [vELECTRA + Bi-LSTM + CRF] epoch 2 step 3500/6750 loss=11.0090
08/10/2026 22:37:28 - INFO - __main__ - [vELECTRA + Bi-LSTM + CRF] epoch 2 step 3550/6750 loss=11.1762
08/10/2026 22:37:47 - INFO - __main__ - [vELECTRA + Bi-LSTM + CRF] epoch 2 step 3600/6750 loss=13.3577
08/10/2026 22:38:07 - INFO - __main__ - [vELECTRA + Bi-LSTM + CRF] epoch 2 step 3650/6750 loss=13.2752
08/10/2026 22:38:27 - INFO - __main__ - [vELECTRA + Bi-LSTM + CRF] epoch 2 step 3700/6750 loss=9.3480
08/10/2026 22:38:47 - INFO - __main__ - [vELECTRA + Bi-LSTM + CRF] epoch 2 step 3750/6750 loss=10.6434
08/10/2026 22:39:06 - INFO - __main__ - [vELECTRA + Bi-LSTM + CRF] epoch 2 step 3800/6750 loss=10.4003
08/10/2026 22:39:26 - INFO - __main__ - [vELECTRA + Bi-LSTM + CRF] epoch 2 step 3850/6750 loss=12.0341
08/10/2026 22:39:46 - INFO - __main__ - [vELECTRA + Bi-LSTM + CRF] epoch 2 step 3900/6750 loss=11.6146
08/10/2026 22:40:06 - INFO - __main__ - [vELECTRA + Bi-LSTM + CRF] epoch 2 step 3950/6750 loss=10.9158
08/10/2026 22:40:26 - INFO - __main__ - [vELECTRA + Bi-LSTM + CRF] epoch 2 step 4000/6750 loss=9.1591
08/10/2026 22:40:46 - INFO - __main__ - [vELECTRA + Bi-LSTM + CRF] epoch 2 step 4050/6750 loss=10.4753
08/10/2026 22:41:06 - INFO - __main__ - [vELECTRA + Bi-LSTM + CRF] epoch 2 step 4100/6750 loss=13.6442
08/10/2026 22:41:26 - INFO - __main__ - [vELECTRA + Bi-LSTM + CRF] epoch 2 step 4150/6750 loss=12.7075
08/10/2026 22:41:47 - INFO - __main__ - [vELECTRA + Bi-LSTM + CRF] epoch 2 step 4200/6750 loss=8.9562
08/10/2026 22:42:06 - INFO - __main__ - [vELECTRA + Bi-LSTM + CRF] epoch 2 step 4250/6750 loss=10.6519
08/10/2026 22:42:26 - INFO - __main__ - [vELECTRA + Bi-LSTM + CRF] epoch 2 step 4300/6750 loss=13.2270
08/10/2026 22:42:46 - INFO - __main__ - [vELECTRA + Bi-LSTM + CRF] epoch 2 step 4350/6750 loss=12.8563
08/10/2026 22:43:06 - INFO - __main__ - [vELECTRA + Bi-LSTM + CRF] epoch 2 step 4400/6750 loss=12.4390
08/10/2026 22:43:26 - INFO - __main__ - [vELECTRA + Bi-LSTM + CRF] epoch 2 step 4450/6750 loss=10.9476
08/10/2026 22:43:47 - INFO - __main__ - [vELECTRA + Bi-LSTM + CRF] epoch 2 step 4500/6750 loss=11.0367
08/10/2026 22:44:07 - INFO - __main__ - [vELECTRA + Bi-LSTM + CRF] epoch 2 step 4550/6750 loss=13.7011
08/10/2026 22:44:27 - INFO - __main__ - [vELECTRA + Bi-LSTM + CRF] epoch 2 step 4600/6750 loss=8.9469
08/10/2026 22:44:48 - INFO - __main__ - [vELECTRA + Bi-LSTM + CRF] epoch 2 step 4650/6750 loss=8.4854
08/10/2026 22:45:09 - INFO - __main__ - [vELECTRA + Bi-LSTM + CRF] epoch 2 step 4700/6750 loss=11.5804
08/10/2026 22:45:29 - INFO - __main__ - [vELECTRA + Bi-LSTM + CRF] epoch 2 step 4750/6750 loss=6.1789
08/10/2026 22:45:50 - INFO - __main__ - [vELECTRA + Bi-LSTM + CRF] epoch 2 step 4800/6750 loss=14.0017
08/10/2026 22:46:10 - INFO - __main__ - [vELECTRA + Bi-LSTM + CRF] epoch 2 step 4850/6750 loss=11.4236
08/10/2026 22:46:30 - INFO - __main__ - [vELECTRA + Bi-LSTM + CRF] epoch 2 step 4900/6750 loss=10.5179
08/10/2026 22:46:50 - INFO - __main__ - [vELECTRA + Bi-LSTM + CRF] epoch 2 step 4950/6750 loss=11.7508
08/10/2026 22:47:09 - INFO - __main__ - [vELECTRA + Bi-LSTM + CRF] epoch 2 step 5000/6750 loss=12.9775
08/10/2026 22:47:29 - INFO - __main__ - [vELECTRA + Bi-LSTM + CRF] epoch 2 step 5050/6750 loss=14.0270
08/10/2026 22:47:49 - INFO - __main__ - [vELECTRA + Bi-LSTM + CRF] epoch 2 step 5100/6750 loss=13.4864
08/10/2026 22:48:09 - INFO - __main__ - [vELECTRA + Bi-LSTM + CRF] epoch 2 step 5150/6750 loss=12.3412
08/10/2026 22:48:30 - INFO - __main__ - [vELECTRA + Bi-LSTM + CRF] epoch 2 step 5200/6750 loss=11.4586
08/10/2026 22:48:50 - INFO - __main__ - [vELECTRA + Bi-LSTM + CRF] epoch 2 step 5250/6750 loss=9.9115
08/10/2026 22:49:10 - INFO - __main__ - [vELECTRA + Bi-LSTM + CRF] epoch 2 step 5300/6750 loss=16.2338
08/10/2026 22:49:31 - INFO - __main__ - [vELECTRA + Bi-LSTM + CRF] epoch 2 step 5350/6750 loss=14.5245
08/10/2026 22:49:51 - INFO - __main__ - [vELECTRA + Bi-LSTM + CRF] epoch 2 step 5400/6750 loss=11.2017
08/10/2026 22:50:12 - INFO - __main__ - [vELECTRA + Bi-LSTM + CRF] epoch 2 step 5450/6750 loss=7.5129
08/10/2026 22:50:32 - INFO - __main__ - [vELECTRA + Bi-LSTM + CRF] epoch 2 step 5500/6750 loss=14.3624
08/10/2026 22:50:53 - INFO - __main__ - [vELECTRA + Bi-LSTM + CRF] epoch 2 step 5550/6750 loss=13.6134
08/10/2026 22:51:13 - INFO - __main__ - [vELECTRA + Bi-LSTM + CRF] epoch 2 step 5600/6750 loss=12.3464
08/10/2026 22:51:33 - INFO - __main__ - [vELECTRA + Bi-LSTM + CRF] epoch 2 step 5650/6750 loss=11.3602
08/10/2026 22:51:54 - INFO - __main__ - [vELECTRA + Bi-LSTM + CRF] epoch 2 step 5700/6750 loss=12.0951
08/10/2026 22:52:14 - INFO - __main__ - [vELECTRA + Bi-LSTM + CRF] epoch 2 step 5750/6750 loss=12.9402
08/10/2026 22:52:34 - INFO - __main__ - [vELECTRA + Bi-LSTM + CRF] epoch 2 step 5800/6750 loss=12.0543
08/10/2026 22:52:55 - INFO - __main__ - [vELECTRA + Bi-LSTM + CRF] epoch 2 step 5850/6750 loss=12.6974
08/10/2026 22:53:15 - INFO - __main__ - [vELECTRA + Bi-LSTM + CRF] epoch 2 step 5900/6750 loss=11.1282
08/10/2026 22:53:36 - INFO - __main__ - [vELECTRA + Bi-LSTM + CRF] epoch 2 step 5950/6750 loss=11.4031
08/10/2026 22:53:56 - INFO - __main__ - [vELECTRA + Bi-LSTM + CRF] epoch 2 step 6000/6750 loss=10.5554
08/10/2026 22:54:16 - INFO - __main__ - [vELECTRA + Bi-LSTM + CRF] epoch 2 step 6050/6750 loss=8.7726
08/10/2026 22:54:36 - INFO - __main__ - [vELECTRA + Bi-LSTM + CRF] epoch 2 step 6100/6750 loss=14.3269
08/10/2026 22:54:57 - INFO - __main__ - [vELECTRA + Bi-LSTM + CRF] epoch 2 step 6150/6750 loss=10.8414
08/10/2026 22:55:17 - INFO - __main__ - [vELECTRA + Bi-LSTM + CRF] epoch 2 step 6200/6750 loss=11.1265
08/10/2026 22:55:37 - INFO - __main__ - [vELECTRA + Bi-LSTM + CRF] epoch 2 step 6250/6750 loss=10.1392
08/10/2026 22:55:58 - INFO - __main__ - [vELECTRA + Bi-LSTM + CRF] epoch 2 step 6300/6750 loss=13.4468
08/10/2026 22:56:18 - INFO - __main__ - [vELECTRA + Bi-LSTM + CRF] epoch 2 step 6350/6750 loss=7.7546
08/10/2026 22:56:38 - INFO - __main__ - [vELECTRA + Bi-LSTM + CRF] epoch 2 step 6400/6750 loss=11.2911
08/10/2026 22:56:59 - INFO - __main__ - [vELECTRA + Bi-LSTM + CRF] epoch 2 step 6450/6750 loss=12.9587
08/10/2026 22:57:19 - INFO - __main__ - [vELECTRA + Bi-LSTM + CRF] epoch 2 step 6500/6750 loss=11.1557
08/10/2026 22:57:39 - INFO - __main__ - [vELECTRA + Bi-LSTM + CRF] epoch 2 step 6550/6750 loss=9.7559
08/10/2026 22:57:59 - INFO - __main__ - [vELECTRA + Bi-LSTM + CRF] epoch 2 step 6600/6750 loss=12.4954
08/10/2026 22:58:19 - INFO - __main__ - [vELECTRA + Bi-LSTM + CRF] epoch 2 step 6650/6750 loss=9.9294
08/10/2026 22:58:39 - INFO - __main__ - [vELECTRA + Bi-LSTM + CRF] epoch 2 step 6700/6750 loss=10.4722
08/10/2026 22:58:59 - INFO - __main__ - [vELECTRA + Bi-LSTM + CRF] epoch 2 step 6750/6750 loss=13.6345
08/10/2026 22:58:59 - INFO - __main__ - [vELECTRA + Bi-LSTM + CRF] Epoch 2 xong sau 2722.4s, avg_loss=12.0178
08/10/2026 23:02:42 - INFO - __main__ - [vELECTRA + Bi-LSTM + CRF] Epoch 2 - Valid macro F1 = 0.4729
              precision    recall  f1-score   support

      PERIOD     0.8098    0.8334    0.8214    140170
       COMMA     0.7427    0.5961    0.6614    162056
       COLON     0.6293    0.4118    0.4979     10825
       QMARK     0.6544    0.6540    0.6542      4884
      EXCLAM     0.5468    0.0595    0.1073      2556
   SEMICOLON     0.4640    0.0530    0.0951      1944

   micro avg     0.7718    0.6864    0.7266    322435
   macro avg     0.6412    0.4346    0.4729    322435
weighted avg     0.7635    0.6864    0.7176    322435

08/10/2026 23:02:45 - INFO - __main__ - -> [vELECTRA + Bi-LSTM + CRF] best checkpoint mới, macro F1 = 0.4729
/root/phopunct/baseline_lstm_crf.py:261: FutureWarning: `torch.cuda.amp.autocast(args...)` is deprecated. Please use `torch.amp.autocast('cuda', args...)` instead.
  with torch.cuda.amp.autocast(enabled=use_amp):
08/10/2026 23:03:06 - INFO - __main__ - [vELECTRA + Bi-LSTM + CRF] epoch 3 step 50/6750 loss=11.9591
08/10/2026 23:03:26 - INFO - __main__ - [vELECTRA + Bi-LSTM + CRF] epoch 3 step 100/6750 loss=8.9452
08/10/2026 23:03:46 - INFO - __main__ - [vELECTRA + Bi-LSTM + CRF] epoch 3 step 150/6750 loss=10.1063
08/10/2026 23:04:06 - INFO - __main__ - [vELECTRA + Bi-LSTM + CRF] epoch 3 step 200/6750 loss=10.3308
08/10/2026 23:04:26 - INFO - __main__ - [vELECTRA + Bi-LSTM + CRF] epoch 3 step 250/6750 loss=7.4546
08/10/2026 23:04:46 - INFO - __main__ - [vELECTRA + Bi-LSTM + CRF] epoch 3 step 300/6750 loss=8.3604
08/10/2026 23:05:07 - INFO - __main__ - [vELECTRA + Bi-LSTM + CRF] epoch 3 step 350/6750 loss=10.0403
08/10/2026 23:05:28 - INFO - __main__ - [vELECTRA + Bi-LSTM + CRF] epoch 3 step 400/6750 loss=7.9632
08/10/2026 23:05:48 - INFO - __main__ - [vELECTRA + Bi-LSTM + CRF] epoch 3 step 450/6750 loss=11.4460
08/10/2026 23:06:08 - INFO - __main__ - [vELECTRA + Bi-LSTM + CRF] epoch 3 step 500/6750 loss=11.9656
08/10/2026 23:06:29 - INFO - __main__ - [vELECTRA + Bi-LSTM + CRF] epoch 3 step 550/6750 loss=6.3626
08/10/2026 23:06:49 - INFO - __main__ - [vELECTRA + Bi-LSTM + CRF] epoch 3 step 600/6750 loss=9.1494
08/10/2026 23:07:09 - INFO - __main__ - [vELECTRA + Bi-LSTM + CRF] epoch 3 step 650/6750 loss=11.5790
08/10/2026 23:07:29 - INFO - __main__ - [vELECTRA + Bi-LSTM + CRF] epoch 3 step 700/6750 loss=12.5891
08/10/2026 23:07:49 - INFO - __main__ - [vELECTRA + Bi-LSTM + CRF] epoch 3 step 750/6750 loss=11.8466
08/10/2026 23:08:09 - INFO - __main__ - [vELECTRA + Bi-LSTM + CRF] epoch 3 step 800/6750 loss=9.7440
08/10/2026 23:08:29 - INFO - __main__ - [vELECTRA + Bi-LSTM + CRF] epoch 3 step 850/6750 loss=8.9840
08/10/2026 23:08:49 - INFO - __main__ - [vELECTRA + Bi-LSTM + CRF] epoch 3 step 900/6750 loss=10.8553
08/10/2026 23:09:10 - INFO - __main__ - [vELECTRA + Bi-LSTM + CRF] epoch 3 step 950/6750 loss=9.5103
08/10/2026 23:09:30 - INFO - __main__ - [vELECTRA + Bi-LSTM + CRF] epoch 3 step 1000/6750 loss=10.4819
08/10/2026 23:09:49 - INFO - __main__ - [vELECTRA + Bi-LSTM + CRF] epoch 3 step 1050/6750 loss=7.1728
08/10/2026 23:10:10 - INFO - __main__ - [vELECTRA + Bi-LSTM + CRF] epoch 3 step 1100/6750 loss=12.2303
08/10/2026 23:10:30 - INFO - __main__ - [vELECTRA + Bi-LSTM + CRF] epoch 3 step 1150/6750 loss=12.0594
08/10/2026 23:10:50 - INFO - __main__ - [vELECTRA + Bi-LSTM + CRF] epoch 3 step 1200/6750 loss=8.6696
08/10/2026 23:11:10 - INFO - __main__ - [vELECTRA + Bi-LSTM + CRF] epoch 3 step 1250/6750 loss=9.3118
08/10/2026 23:11:30 - INFO - __main__ - [vELECTRA + Bi-LSTM + CRF] epoch 3 step 1300/6750 loss=7.3578
08/10/2026 23:11:50 - INFO - __main__ - [vELECTRA + Bi-LSTM + CRF] epoch 3 step 1350/6750 loss=9.8934
08/10/2026 23:12:11 - INFO - __main__ - [vELECTRA + Bi-LSTM + CRF] epoch 3 step 1400/6750 loss=7.4731
08/10/2026 23:12:31 - INFO - __main__ - [vELECTRA + Bi-LSTM + CRF] epoch 3 step 1450/6750 loss=10.0394
08/10/2026 23:12:51 - INFO - __main__ - [vELECTRA + Bi-LSTM + CRF] epoch 3 step 1500/6750 loss=9.3523
08/10/2026 23:13:12 - INFO - __main__ - [vELECTRA + Bi-LSTM + CRF] epoch 3 step 1550/6750 loss=14.2473
08/10/2026 23:13:32 - INFO - __main__ - [vELECTRA + Bi-LSTM + CRF] epoch 3 step 1600/6750 loss=12.2783
08/10/2026 23:13:52 - INFO - __main__ - [vELECTRA + Bi-LSTM + CRF] epoch 3 step 1650/6750 loss=9.3123
08/10/2026 23:14:13 - INFO - __main__ - [vELECTRA + Bi-LSTM + CRF] epoch 3 step 1700/6750 loss=11.9316
08/10/2026 23:14:33 - INFO - __main__ - [vELECTRA + Bi-LSTM + CRF] epoch 3 step 1750/6750 loss=9.7027
08/10/2026 23:14:53 - INFO - __main__ - [vELECTRA + Bi-LSTM + CRF] epoch 3 step 1800/6750 loss=8.6355
08/10/2026 23:15:13 - INFO - __main__ - [vELECTRA + Bi-LSTM + CRF] epoch 3 step 1850/6750 loss=11.5965
08/10/2026 23:15:33 - INFO - __main__ - [vELECTRA + Bi-LSTM + CRF] epoch 3 step 1900/6750 loss=8.7774
08/10/2026 23:15:54 - INFO - __main__ - [vELECTRA + Bi-LSTM + CRF] epoch 3 step 1950/6750 loss=9.1633
08/10/2026 23:16:14 - INFO - __main__ - [vELECTRA + Bi-LSTM + CRF] epoch 3 step 2000/6750 loss=9.7385
08/10/2026 23:16:34 - INFO - __main__ - [vELECTRA + Bi-LSTM + CRF] epoch 3 step 2050/6750 loss=8.9981
08/10/2026 23:16:55 - INFO - __main__ - [vELECTRA + Bi-LSTM + CRF] epoch 3 step 2100/6750 loss=9.3448
08/10/2026 23:17:15 - INFO - __main__ - [vELECTRA + Bi-LSTM + CRF] epoch 3 step 2150/6750 loss=13.0769
08/10/2026 23:17:35 - INFO - __main__ - [vELECTRA + Bi-LSTM + CRF] epoch 3 step 2200/6750 loss=12.0956
08/10/2026 23:17:55 - INFO - __main__ - [vELECTRA + Bi-LSTM + CRF] epoch 3 step 2250/6750 loss=11.6743
08/10/2026 23:18:15 - INFO - __main__ - [vELECTRA + Bi-LSTM + CRF] epoch 3 step 2300/6750 loss=9.7389
08/10/2026 23:18:35 - INFO - __main__ - [vELECTRA + Bi-LSTM + CRF] epoch 3 step 2350/6750 loss=9.0276
08/10/2026 23:18:55 - INFO - __main__ - [vELECTRA + Bi-LSTM + CRF] epoch 3 step 2400/6750 loss=11.9940
08/10/2026 23:19:15 - INFO - __main__ - [vELECTRA + Bi-LSTM + CRF] epoch 3 step 2450/6750 loss=11.6885
08/10/2026 23:19:35 - INFO - __main__ - [vELECTRA + Bi-LSTM + CRF] epoch 3 step 2500/6750 loss=8.8307
08/10/2026 23:19:55 - INFO - __main__ - [vELECTRA + Bi-LSTM + CRF] epoch 3 step 2550/6750 loss=13.2514
08/10/2026 23:20:15 - INFO - __main__ - [vELECTRA + Bi-LSTM + CRF] epoch 3 step 2600/6750 loss=6.8973
08/10/2026 23:20:36 - INFO - __main__ - [vELECTRA + Bi-LSTM + CRF] epoch 3 step 2650/6750 loss=9.6857
08/10/2026 23:20:56 - INFO - __main__ - [vELECTRA + Bi-LSTM + CRF] epoch 3 step 2700/6750 loss=8.3167
08/10/2026 23:21:16 - INFO - __main__ - [vELECTRA + Bi-LSTM + CRF] epoch 3 step 2750/6750 loss=10.9621
08/10/2026 23:21:37 - INFO - __main__ - [vELECTRA + Bi-LSTM + CRF] epoch 3 step 2800/6750 loss=10.9797
08/10/2026 23:21:57 - INFO - __main__ - [vELECTRA + Bi-LSTM + CRF] epoch 3 step 2850/6750 loss=12.9816
08/10/2026 23:22:17 - INFO - __main__ - [vELECTRA + Bi-LSTM + CRF] epoch 3 step 2900/6750 loss=8.4578
08/10/2026 23:22:37 - INFO - __main__ - [vELECTRA + Bi-LSTM + CRF] epoch 3 step 2950/6750 loss=9.5863
08/10/2026 23:22:57 - INFO - __main__ - [vELECTRA + Bi-LSTM + CRF] epoch 3 step 3000/6750 loss=9.5098
08/10/2026 23:23:17 - INFO - __main__ - [vELECTRA + Bi-LSTM + CRF] epoch 3 step 3050/6750 loss=8.4967
08/10/2026 23:23:37 - INFO - __main__ - [vELECTRA + Bi-LSTM + CRF] epoch 3 step 3100/6750 loss=12.2421
08/10/2026 23:23:57 - INFO - __main__ - [vELECTRA + Bi-LSTM + CRF] epoch 3 step 3150/6750 loss=7.9170
08/10/2026 23:24:17 - INFO - __main__ - [vELECTRA + Bi-LSTM + CRF] epoch 3 step 3200/6750 loss=8.0212
08/10/2026 23:24:37 - INFO - __main__ - [vELECTRA + Bi-LSTM + CRF] epoch 3 step 3250/6750 loss=11.3695
08/10/2026 23:24:58 - INFO - __main__ - [vELECTRA + Bi-LSTM + CRF] epoch 3 step 3300/6750 loss=9.3900
08/10/2026 23:25:18 - INFO - __main__ - [vELECTRA + Bi-LSTM + CRF] epoch 3 step 3350/6750 loss=10.7443
08/10/2026 23:25:38 - INFO - __main__ - [vELECTRA + Bi-LSTM + CRF] epoch 3 step 3400/6750 loss=7.6445
08/10/2026 23:25:58 - INFO - __main__ - [vELECTRA + Bi-LSTM + CRF] epoch 3 step 3450/6750 loss=9.2448
08/10/2026 23:26:18 - INFO - __main__ - [vELECTRA + Bi-LSTM + CRF] epoch 3 step 3500/6750 loss=9.3399
08/10/2026 23:26:38 - INFO - __main__ - [vELECTRA + Bi-LSTM + CRF] epoch 3 step 3550/6750 loss=8.9802
08/10/2026 23:26:58 - INFO - __main__ - [vELECTRA + Bi-LSTM + CRF] epoch 3 step 3600/6750 loss=8.3175
08/10/2026 23:27:19 - INFO - __main__ - [vELECTRA + Bi-LSTM + CRF] epoch 3 step 3650/6750 loss=8.4913
08/10/2026 23:27:39 - INFO - __main__ - [vELECTRA + Bi-LSTM + CRF] epoch 3 step 3700/6750 loss=6.1411
08/10/2026 23:27:59 - INFO - __main__ - [vELECTRA + Bi-LSTM + CRF] epoch 3 step 3750/6750 loss=8.3504
08/10/2026 23:28:19 - INFO - __main__ - [vELECTRA + Bi-LSTM + CRF] epoch 3 step 3800/6750 loss=9.9052
08/10/2026 23:28:39 - INFO - __main__ - [vELECTRA + Bi-LSTM + CRF] epoch 3 step 3850/6750 loss=7.9317
08/10/2026 23:28:59 - INFO - __main__ - [vELECTRA + Bi-LSTM + CRF] epoch 3 step 3900/6750 loss=9.9338
08/10/2026 23:29:19 - INFO - __main__ - [vELECTRA + Bi-LSTM + CRF] epoch 3 step 3950/6750 loss=7.1717
08/10/2026 23:29:39 - INFO - __main__ - [vELECTRA + Bi-LSTM + CRF] epoch 3 step 4000/6750 loss=11.1001
08/10/2026 23:30:00 - INFO - __main__ - [vELECTRA + Bi-LSTM + CRF] epoch 3 step 4050/6750 loss=8.8111
08/10/2026 23:30:20 - INFO - __main__ - [vELECTRA + Bi-LSTM + CRF] epoch 3 step 4100/6750 loss=9.5012
08/10/2026 23:30:40 - INFO - __main__ - [vELECTRA + Bi-LSTM + CRF] epoch 3 step 4150/6750 loss=10.2654
08/10/2026 23:31:01 - INFO - __main__ - [vELECTRA + Bi-LSTM + CRF] epoch 3 step 4200/6750 loss=8.5338
08/10/2026 23:31:21 - INFO - __main__ - [vELECTRA + Bi-LSTM + CRF] epoch 3 step 4250/6750 loss=10.3164
08/10/2026 23:31:41 - INFO - __main__ - [vELECTRA + Bi-LSTM + CRF] epoch 3 step 4300/6750 loss=8.3029
08/10/2026 23:32:01 - INFO - __main__ - [vELECTRA + Bi-LSTM + CRF] epoch 3 step 4350/6750 loss=8.3294
08/10/2026 23:32:22 - INFO - __main__ - [vELECTRA + Bi-LSTM + CRF] epoch 3 step 4400/6750 loss=10.9433
08/10/2026 23:32:42 - INFO - __main__ - [vELECTRA + Bi-LSTM + CRF] epoch 3 step 4450/6750 loss=9.6973
08/10/2026 23:33:02 - INFO - __main__ - [vELECTRA + Bi-LSTM + CRF] epoch 3 step 4500/6750 loss=10.3275
08/10/2026 23:33:22 - INFO - __main__ - [vELECTRA + Bi-LSTM + CRF] epoch 3 step 4550/6750 loss=9.2555
08/10/2026 23:33:43 - INFO - __main__ - [vELECTRA + Bi-LSTM + CRF] epoch 3 step 4600/6750 loss=14.2922
08/10/2026 23:34:03 - INFO - __main__ - [vELECTRA + Bi-LSTM + CRF] epoch 3 step 4650/6750 loss=7.9607
08/10/2026 23:34:23 - INFO - __main__ - [vELECTRA + Bi-LSTM + CRF] epoch 3 step 4700/6750 loss=11.3728
08/10/2026 23:34:44 - INFO - __main__ - [vELECTRA + Bi-LSTM + CRF] epoch 3 step 4750/6750 loss=7.4744
08/10/2026 23:35:04 - INFO - __main__ - [vELECTRA + Bi-LSTM + CRF] epoch 3 step 4800/6750 loss=10.6711
08/10/2026 23:35:24 - INFO - __main__ - [vELECTRA + Bi-LSTM + CRF] epoch 3 step 4850/6750 loss=6.6952
08/10/2026 23:35:44 - INFO - __main__ - [vELECTRA + Bi-LSTM + CRF] epoch 3 step 4900/6750 loss=7.3670
08/10/2026 23:36:04 - INFO - __main__ - [vELECTRA + Bi-LSTM + CRF] epoch 3 step 4950/6750 loss=7.8535
08/10/2026 23:36:24 - INFO - __main__ - [vELECTRA + Bi-LSTM + CRF] epoch 3 step 5000/6750 loss=8.8697
08/10/2026 23:36:45 - INFO - __main__ - [vELECTRA + Bi-LSTM + CRF] epoch 3 step 5050/6750 loss=8.2381
08/10/2026 23:37:05 - INFO - __main__ - [vELECTRA + Bi-LSTM + CRF] epoch 3 step 5100/6750 loss=9.5548
08/10/2026 23:37:25 - INFO - __main__ - [vELECTRA + Bi-LSTM + CRF] epoch 3 step 5150/6750 loss=13.0567
08/10/2026 23:37:45 - INFO - __main__ - [vELECTRA + Bi-LSTM + CRF] epoch 3 step 5200/6750 loss=14.8510
08/10/2026 23:38:05 - INFO - __main__ - [vELECTRA + Bi-LSTM + CRF] epoch 3 step 5250/6750 loss=8.7302
08/10/2026 23:38:25 - INFO - __main__ - [vELECTRA + Bi-LSTM + CRF] epoch 3 step 5300/6750 loss=11.3308
08/10/2026 23:38:45 - INFO - __main__ - [vELECTRA + Bi-LSTM + CRF] epoch 3 step 5350/6750 loss=5.9525
08/10/2026 23:39:05 - INFO - __main__ - [vELECTRA + Bi-LSTM + CRF] epoch 3 step 5400/6750 loss=7.9580
08/10/2026 23:39:25 - INFO - __main__ - [vELECTRA + Bi-LSTM + CRF] epoch 3 step 5450/6750 loss=9.8332
08/10/2026 23:39:44 - INFO - __main__ - [vELECTRA + Bi-LSTM + CRF] epoch 3 step 5500/6750 loss=7.8870
08/10/2026 23:40:04 - INFO - __main__ - [vELECTRA + Bi-LSTM + CRF] epoch 3 step 5550/6750 loss=9.9320
08/10/2026 23:40:24 - INFO - __main__ - [vELECTRA + Bi-LSTM + CRF] epoch 3 step 5600/6750 loss=9.1016
08/10/2026 23:40:44 - INFO - __main__ - [vELECTRA + Bi-LSTM + CRF] epoch 3 step 5650/6750 loss=10.8683
08/10/2026 23:41:03 - INFO - __main__ - [vELECTRA + Bi-LSTM + CRF] epoch 3 step 5700/6750 loss=9.2850
08/10/2026 23:41:23 - INFO - __main__ - [vELECTRA + Bi-LSTM + CRF] epoch 3 step 5750/6750 loss=9.1698
08/10/2026 23:41:43 - INFO - __main__ - [vELECTRA + Bi-LSTM + CRF] epoch 3 step 5800/6750 loss=9.6513
08/10/2026 23:42:03 - INFO - __main__ - [vELECTRA + Bi-LSTM + CRF] epoch 3 step 5850/6750 loss=8.0539
08/10/2026 23:42:23 - INFO - __main__ - [vELECTRA + Bi-LSTM + CRF] epoch 3 step 5900/6750 loss=9.6108
08/10/2026 23:42:43 - INFO - __main__ - [vELECTRA + Bi-LSTM + CRF] epoch 3 step 5950/6750 loss=8.8139
08/10/2026 23:43:03 - INFO - __main__ - [vELECTRA + Bi-LSTM + CRF] epoch 3 step 6000/6750 loss=11.8470
08/10/2026 23:43:23 - INFO - __main__ - [vELECTRA + Bi-LSTM + CRF] epoch 3 step 6050/6750 loss=9.5645
08/10/2026 23:43:44 - INFO - __main__ - [vELECTRA + Bi-LSTM + CRF] epoch 3 step 6100/6750 loss=9.4341
08/10/2026 23:44:03 - INFO - __main__ - [vELECTRA + Bi-LSTM + CRF] epoch 3 step 6150/6750 loss=8.5965
08/10/2026 23:44:23 - INFO - __main__ - [vELECTRA + Bi-LSTM + CRF] epoch 3 step 6200/6750 loss=6.2301
08/10/2026 23:44:43 - INFO - __main__ - [vELECTRA + Bi-LSTM + CRF] epoch 3 step 6250/6750 loss=10.6588
08/10/2026 23:45:04 - INFO - __main__ - [vELECTRA + Bi-LSTM + CRF] epoch 3 step 6300/6750 loss=6.7682
08/10/2026 23:45:24 - INFO - __main__ - [vELECTRA + Bi-LSTM + CRF] epoch 3 step 6350/6750 loss=15.5959
08/10/2026 23:45:45 - INFO - __main__ - [vELECTRA + Bi-LSTM + CRF] epoch 3 step 6400/6750 loss=10.8452
08/10/2026 23:46:05 - INFO - __main__ - [vELECTRA + Bi-LSTM + CRF] epoch 3 step 6450/6750 loss=7.8992
08/10/2026 23:46:26 - INFO - __main__ - [vELECTRA + Bi-LSTM + CRF] epoch 3 step 6500/6750 loss=5.2653
08/10/2026 23:46:46 - INFO - __main__ - [vELECTRA + Bi-LSTM + CRF] epoch 3 step 6550/6750 loss=10.1984
08/10/2026 23:47:06 - INFO - __main__ - [vELECTRA + Bi-LSTM + CRF] epoch 3 step 6600/6750 loss=8.5795
08/10/2026 23:47:26 - INFO - __main__ - [vELECTRA + Bi-LSTM + CRF] epoch 3 step 6650/6750 loss=9.3352
08/10/2026 23:47:46 - INFO - __main__ - [vELECTRA + Bi-LSTM + CRF] epoch 3 step 6700/6750 loss=10.5678
08/10/2026 23:48:05 - INFO - __main__ - [vELECTRA + Bi-LSTM + CRF] epoch 3 step 6750/6750 loss=8.6360
08/10/2026 23:48:05 - INFO - __main__ - [vELECTRA + Bi-LSTM + CRF] Epoch 3 xong sau 2720.1s, avg_loss=9.7610
08/10/2026 23:51:52 - INFO - __main__ - [vELECTRA + Bi-LSTM + CRF] Epoch 3 - Valid macro F1 = 0.5104
              precision    recall  f1-score   support

      PERIOD     0.8356    0.8329    0.8343    140170
       COMMA     0.7267    0.6546    0.6888    162056
       COLON     0.6334    0.4562    0.5304     10825
       QMARK     0.7299    0.6329    0.6779      4884
      EXCLAM     0.5010    0.0970    0.1626      2556
   SEMICOLON     0.4356    0.1044    0.1685      1944

   micro avg     0.7744    0.7174    0.7448    322435
   macro avg     0.6437    0.4630    0.5104    322435
weighted avg     0.7674    0.7174    0.7392    322435

08/10/2026 23:51:56 - INFO - __main__ - -> [vELECTRA + Bi-LSTM + CRF] best checkpoint mới, macro F1 = 0.5104
/root/phopunct/baseline_lstm_crf.py:261: FutureWarning: `torch.cuda.amp.autocast(args...)` is deprecated. Please use `torch.amp.autocast('cuda', args...)` instead.
  with torch.cuda.amp.autocast(enabled=use_amp):
08/10/2026 23:52:16 - INFO - __main__ - [vELECTRA + Bi-LSTM + CRF] epoch 4 step 50/6750 loss=8.5492
08/10/2026 23:52:36 - INFO - __main__ - [vELECTRA + Bi-LSTM + CRF] epoch 4 step 100/6750 loss=6.4932
08/10/2026 23:52:57 - INFO - __main__ - [vELECTRA + Bi-LSTM + CRF] epoch 4 step 150/6750 loss=8.3914
08/10/2026 23:53:17 - INFO - __main__ - [vELECTRA + Bi-LSTM + CRF] epoch 4 step 200/6750 loss=7.4176
08/10/2026 23:53:37 - INFO - __main__ - [vELECTRA + Bi-LSTM + CRF] epoch 4 step 250/6750 loss=8.3786
08/10/2026 23:53:57 - INFO - __main__ - [vELECTRA + Bi-LSTM + CRF] epoch 4 step 300/6750 loss=6.9990
08/10/2026 23:54:17 - INFO - __main__ - [vELECTRA + Bi-LSTM + CRF] epoch 4 step 350/6750 loss=10.0759
08/10/2026 23:54:36 - INFO - __main__ - [vELECTRA + Bi-LSTM + CRF] epoch 4 step 400/6750 loss=11.7805
08/10/2026 23:54:56 - INFO - __main__ - [vELECTRA + Bi-LSTM + CRF] epoch 4 step 450/6750 loss=5.0242
08/10/2026 23:55:18 - INFO - __main__ - [vELECTRA + Bi-LSTM + CRF] epoch 4 step 500/6750 loss=8.6706
08/10/2026 23:55:39 - INFO - __main__ - [vELECTRA + Bi-LSTM + CRF] epoch 4 step 550/6750 loss=7.9156
08/10/2026 23:56:00 - INFO - __main__ - [vELECTRA + Bi-LSTM + CRF] epoch 4 step 600/6750 loss=8.5208
08/10/2026 23:56:21 - INFO - __main__ - [vELECTRA + Bi-LSTM + CRF] epoch 4 step 650/6750 loss=9.4461
08/10/2026 23:56:41 - INFO - __main__ - [vELECTRA + Bi-LSTM + CRF] epoch 4 step 700/6750 loss=8.1797
08/10/2026 23:57:01 - INFO - __main__ - [vELECTRA + Bi-LSTM + CRF] epoch 4 step 750/6750 loss=6.0078
08/10/2026 23:57:20 - INFO - __main__ - [vELECTRA + Bi-LSTM + CRF] epoch 4 step 800/6750 loss=10.9992
08/10/2026 23:57:40 - INFO - __main__ - [vELECTRA + Bi-LSTM + CRF] epoch 4 step 850/6750 loss=7.3392
08/10/2026 23:57:59 - INFO - __main__ - [vELECTRA + Bi-LSTM + CRF] epoch 4 step 900/6750 loss=6.0896
08/10/2026 23:58:20 - INFO - __main__ - [vELECTRA + Bi-LSTM + CRF] epoch 4 step 950/6750 loss=9.1730
08/10/2026 23:58:40 - INFO - __main__ - [vELECTRA + Bi-LSTM + CRF] epoch 4 step 1000/6750 loss=7.7809
08/10/2026 23:59:01 - INFO - __main__ - [vELECTRA + Bi-LSTM + CRF] epoch 4 step 1050/6750 loss=10.7148
08/10/2026 23:59:21 - INFO - __main__ - [vELECTRA + Bi-LSTM + CRF] epoch 4 step 1100/6750 loss=5.9467
08/10/2026 23:59:41 - INFO - __main__ - [vELECTRA + Bi-LSTM + CRF] epoch 4 step 1150/6750 loss=8.9977
08/11/2026 00:00:01 - INFO - __main__ - [vELECTRA + Bi-LSTM + CRF] epoch 4 step 1200/6750 loss=6.3339
08/11/2026 00:00:22 - INFO - __main__ - [vELECTRA + Bi-LSTM + CRF] epoch 4 step 1250/6750 loss=9.4176
08/11/2026 00:00:41 - INFO - __main__ - [vELECTRA + Bi-LSTM + CRF] epoch 4 step 1300/6750 loss=11.3982
08/11/2026 00:01:01 - INFO - __main__ - [vELECTRA + Bi-LSTM + CRF] epoch 4 step 1350/6750 loss=7.7835
08/11/2026 00:01:22 - INFO - __main__ - [vELECTRA + Bi-LSTM + CRF] epoch 4 step 1400/6750 loss=9.6659
08/11/2026 00:01:42 - INFO - __main__ - [vELECTRA + Bi-LSTM + CRF] epoch 4 step 1450/6750 loss=10.6341
08/11/2026 00:02:02 - INFO - __main__ - [vELECTRA + Bi-LSTM + CRF] epoch 4 step 1500/6750 loss=8.8580
08/11/2026 00:02:22 - INFO - __main__ - [vELECTRA + Bi-LSTM + CRF] epoch 4 step 1550/6750 loss=6.5500
08/11/2026 00:02:44 - INFO - __main__ - [vELECTRA + Bi-LSTM + CRF] epoch 4 step 1600/6750 loss=10.9342
08/11/2026 00:03:04 - INFO - __main__ - [vELECTRA + Bi-LSTM + CRF] epoch 4 step 1650/6750 loss=11.5648
08/11/2026 00:03:25 - INFO - __main__ - [vELECTRA + Bi-LSTM + CRF] epoch 4 step 1700/6750 loss=6.6113
08/11/2026 00:03:45 - INFO - __main__ - [vELECTRA + Bi-LSTM + CRF] epoch 4 step 1750/6750 loss=9.5886
08/11/2026 00:04:05 - INFO - __main__ - [vELECTRA + Bi-LSTM + CRF] epoch 4 step 1800/6750 loss=8.5897
08/11/2026 00:04:24 - INFO - __main__ - [vELECTRA + Bi-LSTM + CRF] epoch 4 step 1850/6750 loss=5.3572
08/11/2026 00:04:44 - INFO - __main__ - [vELECTRA + Bi-LSTM + CRF] epoch 4 step 1900/6750 loss=7.9656
08/11/2026 00:05:04 - INFO - __main__ - [vELECTRA + Bi-LSTM + CRF] epoch 4 step 1950/6750 loss=8.6821
08/11/2026 00:05:23 - INFO - __main__ - [vELECTRA + Bi-LSTM + CRF] epoch 4 step 2000/6750 loss=10.8109
08/11/2026 00:05:44 - INFO - __main__ - [vELECTRA + Bi-LSTM + CRF] epoch 4 step 2050/6750 loss=6.4784
08/11/2026 00:06:05 - INFO - __main__ - [vELECTRA + Bi-LSTM + CRF] epoch 4 step 2100/6750 loss=8.4925
08/11/2026 00:06:25 - INFO - __main__ - [vELECTRA + Bi-LSTM + CRF] epoch 4 step 2150/6750 loss=6.8977
08/11/2026 00:06:45 - INFO - __main__ - [vELECTRA + Bi-LSTM + CRF] epoch 4 step 2200/6750 loss=7.4755
08/11/2026 00:07:05 - INFO - __main__ - [vELECTRA + Bi-LSTM + CRF] epoch 4 step 2250/6750 loss=5.5077
08/11/2026 00:07:25 - INFO - __main__ - [vELECTRA + Bi-LSTM + CRF] epoch 4 step 2300/6750 loss=7.4632
08/11/2026 00:07:45 - INFO - __main__ - [vELECTRA + Bi-LSTM + CRF] epoch 4 step 2350/6750 loss=7.3442
08/11/2026 00:08:05 - INFO - __main__ - [vELECTRA + Bi-LSTM + CRF] epoch 4 step 2400/6750 loss=8.1702
08/11/2026 00:08:25 - INFO - __main__ - [vELECTRA + Bi-LSTM + CRF] epoch 4 step 2450/6750 loss=6.9787
08/11/2026 00:08:45 - INFO - __main__ - [vELECTRA + Bi-LSTM + CRF] epoch 4 step 2500/6750 loss=9.0654
08/11/2026 00:09:06 - INFO - __main__ - [vELECTRA + Bi-LSTM + CRF] epoch 4 step 2550/6750 loss=7.4410
08/11/2026 00:09:27 - INFO - __main__ - [vELECTRA + Bi-LSTM + CRF] epoch 4 step 2600/6750 loss=12.0271
08/11/2026 00:09:47 - INFO - __main__ - [vELECTRA + Bi-LSTM + CRF] epoch 4 step 2650/6750 loss=11.7793
08/11/2026 00:10:07 - INFO - __main__ - [vELECTRA + Bi-LSTM + CRF] epoch 4 step 2700/6750 loss=10.4670
08/11/2026 00:10:27 - INFO - __main__ - [vELECTRA + Bi-LSTM + CRF] epoch 4 step 2750/6750 loss=5.7214
08/11/2026 00:10:46 - INFO - __main__ - [vELECTRA + Bi-LSTM + CRF] epoch 4 step 2800/6750 loss=8.0634
08/11/2026 00:11:07 - INFO - __main__ - [vELECTRA + Bi-LSTM + CRF] epoch 4 step 2850/6750 loss=8.1373
08/11/2026 00:11:27 - INFO - __main__ - [vELECTRA + Bi-LSTM + CRF] epoch 4 step 2900/6750 loss=11.4639
08/11/2026 00:11:46 - INFO - __main__ - [vELECTRA + Bi-LSTM + CRF] epoch 4 step 2950/6750 loss=6.3692
08/11/2026 00:12:06 - INFO - __main__ - [vELECTRA + Bi-LSTM + CRF] epoch 4 step 3000/6750 loss=6.7602
08/11/2026 00:12:26 - INFO - __main__ - [vELECTRA + Bi-LSTM + CRF] epoch 4 step 3050/6750 loss=7.7196
08/11/2026 00:12:46 - INFO - __main__ - [vELECTRA + Bi-LSTM + CRF] epoch 4 step 3100/6750 loss=7.9785
08/11/2026 00:13:06 - INFO - __main__ - [vELECTRA + Bi-LSTM + CRF] epoch 4 step 3150/6750 loss=10.0478
08/11/2026 00:13:26 - INFO - __main__ - [vELECTRA + Bi-LSTM + CRF] epoch 4 step 3200/6750 loss=9.7857
08/11/2026 00:13:45 - INFO - __main__ - [vELECTRA + Bi-LSTM + CRF] epoch 4 step 3250/6750 loss=8.8625
08/11/2026 00:14:05 - INFO - __main__ - [vELECTRA + Bi-LSTM + CRF] epoch 4 step 3300/6750 loss=9.8187
08/11/2026 00:14:24 - INFO - __main__ - [vELECTRA + Bi-LSTM + CRF] epoch 4 step 3350/6750 loss=9.3342
08/11/2026 00:14:43 - INFO - __main__ - [vELECTRA + Bi-LSTM + CRF] epoch 4 step 3400/6750 loss=7.4612
08/11/2026 00:15:02 - INFO - __main__ - [vELECTRA + Bi-LSTM + CRF] epoch 4 step 3450/6750 loss=8.2487
08/11/2026 00:15:22 - INFO - __main__ - [vELECTRA + Bi-LSTM + CRF] epoch 4 step 3500/6750 loss=8.4762
08/11/2026 00:15:41 - INFO - __main__ - [vELECTRA + Bi-LSTM + CRF] epoch 4 step 3550/6750 loss=7.9149
08/11/2026 00:16:01 - INFO - __main__ - [vELECTRA + Bi-LSTM + CRF] epoch 4 step 3600/6750 loss=5.7443
08/11/2026 00:16:20 - INFO - __main__ - [vELECTRA + Bi-LSTM + CRF] epoch 4 step 3650/6750 loss=9.4720
08/11/2026 00:16:39 - INFO - __main__ - [vELECTRA + Bi-LSTM + CRF] epoch 4 step 3700/6750 loss=7.0576
08/11/2026 00:16:59 - INFO - __main__ - [vELECTRA + Bi-LSTM + CRF] epoch 4 step 3750/6750 loss=9.8531
08/11/2026 00:17:18 - INFO - __main__ - [vELECTRA + Bi-LSTM + CRF] epoch 4 step 3800/6750 loss=9.9381
08/11/2026 00:17:38 - INFO - __main__ - [vELECTRA + Bi-LSTM + CRF] epoch 4 step 3850/6750 loss=8.1118
08/11/2026 00:17:57 - INFO - __main__ - [vELECTRA + Bi-LSTM + CRF] epoch 4 step 3900/6750 loss=7.4354
08/11/2026 00:18:16 - INFO - __main__ - [vELECTRA + Bi-LSTM + CRF] epoch 4 step 3950/6750 loss=9.8175
08/11/2026 00:18:36 - INFO - __main__ - [vELECTRA + Bi-LSTM + CRF] epoch 4 step 4000/6750 loss=8.7029
08/11/2026 00:18:55 - INFO - __main__ - [vELECTRA + Bi-LSTM + CRF] epoch 4 step 4050/6750 loss=9.6283
08/11/2026 00:19:15 - INFO - __main__ - [vELECTRA + Bi-LSTM + CRF] epoch 4 step 4100/6750 loss=7.1057
08/11/2026 00:19:35 - INFO - __main__ - [vELECTRA + Bi-LSTM + CRF] epoch 4 step 4150/6750 loss=8.6401
08/11/2026 00:19:55 - INFO - __main__ - [vELECTRA + Bi-LSTM + CRF] epoch 4 step 4200/6750 loss=5.8082
08/11/2026 00:20:15 - INFO - __main__ - [vELECTRA + Bi-LSTM + CRF] epoch 4 step 4250/6750 loss=8.4977
08/11/2026 00:20:35 - INFO - __main__ - [vELECTRA + Bi-LSTM + CRF] epoch 4 step 4300/6750 loss=7.6806
08/11/2026 00:20:55 - INFO - __main__ - [vELECTRA + Bi-LSTM + CRF] epoch 4 step 4350/6750 loss=7.4367
08/11/2026 00:21:15 - INFO - __main__ - [vELECTRA + Bi-LSTM + CRF] epoch 4 step 4400/6750 loss=6.5215
08/11/2026 00:21:34 - INFO - __main__ - [vELECTRA + Bi-LSTM + CRF] epoch 4 step 4450/6750 loss=6.6615
08/11/2026 00:21:54 - INFO - __main__ - [vELECTRA + Bi-LSTM + CRF] epoch 4 step 4500/6750 loss=8.7820
08/11/2026 00:22:14 - INFO - __main__ - [vELECTRA + Bi-LSTM + CRF] epoch 4 step 4550/6750 loss=6.7752
08/11/2026 00:22:33 - INFO - __main__ - [vELECTRA + Bi-LSTM + CRF] epoch 4 step 4600/6750 loss=9.0461
08/11/2026 00:22:53 - INFO - __main__ - [vELECTRA + Bi-LSTM + CRF] epoch 4 step 4650/6750 loss=9.6687
08/11/2026 00:23:12 - INFO - __main__ - [vELECTRA + Bi-LSTM + CRF] epoch 4 step 4700/6750 loss=8.3770
08/11/2026 00:23:32 - INFO - __main__ - [vELECTRA + Bi-LSTM + CRF] epoch 4 step 4750/6750 loss=6.7781
08/11/2026 00:23:51 - INFO - __main__ - [vELECTRA + Bi-LSTM + CRF] epoch 4 step 4800/6750 loss=8.9379
08/11/2026 00:24:11 - INFO - __main__ - [vELECTRA + Bi-LSTM + CRF] epoch 4 step 4850/6750 loss=8.6936
08/11/2026 00:24:31 - INFO - __main__ - [vELECTRA + Bi-LSTM + CRF] epoch 4 step 4900/6750 loss=6.9189
08/11/2026 00:24:51 - INFO - __main__ - [vELECTRA + Bi-LSTM + CRF] epoch 4 step 4950/6750 loss=6.8241
08/11/2026 00:25:11 - INFO - __main__ - [vELECTRA + Bi-LSTM + CRF] epoch 4 step 5000/6750 loss=7.2925
08/11/2026 00:25:30 - INFO - __main__ - [vELECTRA + Bi-LSTM + CRF] epoch 4 step 5050/6750 loss=8.1758
08/11/2026 00:25:50 - INFO - __main__ - [vELECTRA + Bi-LSTM + CRF] epoch 4 step 5100/6750 loss=6.9736
08/11/2026 00:26:10 - INFO - __main__ - [vELECTRA + Bi-LSTM + CRF] epoch 4 step 5150/6750 loss=9.4516
08/11/2026 00:26:29 - INFO - __main__ - [vELECTRA + Bi-LSTM + CRF] epoch 4 step 5200/6750 loss=7.6774
08/11/2026 00:26:50 - INFO - __main__ - [vELECTRA + Bi-LSTM + CRF] epoch 4 step 5250/6750 loss=9.2554
08/11/2026 00:27:10 - INFO - __main__ - [vELECTRA + Bi-LSTM + CRF] epoch 4 step 5300/6750 loss=10.0535
08/11/2026 00:27:30 - INFO - __main__ - [vELECTRA + Bi-LSTM + CRF] epoch 4 step 5350/6750 loss=7.1995
08/11/2026 00:27:51 - INFO - __main__ - [vELECTRA + Bi-LSTM + CRF] epoch 4 step 5400/6750 loss=6.7647
08/11/2026 00:28:11 - INFO - __main__ - [vELECTRA + Bi-LSTM + CRF] epoch 4 step 5450/6750 loss=8.5840
08/11/2026 00:28:31 - INFO - __main__ - [vELECTRA + Bi-LSTM + CRF] epoch 4 step 5500/6750 loss=8.0338
08/11/2026 00:28:51 - INFO - __main__ - [vELECTRA + Bi-LSTM + CRF] epoch 4 step 5550/6750 loss=9.2759
08/11/2026 00:29:12 - INFO - __main__ - [vELECTRA + Bi-LSTM + CRF] epoch 4 step 5600/6750 loss=5.5577
08/11/2026 00:29:32 - INFO - __main__ - [vELECTRA + Bi-LSTM + CRF] epoch 4 step 5650/6750 loss=6.2380
08/11/2026 00:29:53 - INFO - __main__ - [vELECTRA + Bi-LSTM + CRF] epoch 4 step 5700/6750 loss=7.8058
08/11/2026 00:30:13 - INFO - __main__ - [vELECTRA + Bi-LSTM + CRF] epoch 4 step 5750/6750 loss=7.6579
08/11/2026 00:30:34 - INFO - __main__ - [vELECTRA + Bi-LSTM + CRF] epoch 4 step 5800/6750 loss=5.8652
08/11/2026 00:30:55 - INFO - __main__ - [vELECTRA + Bi-LSTM + CRF] epoch 4 step 5850/6750 loss=8.7942
08/11/2026 00:31:16 - INFO - __main__ - [vELECTRA + Bi-LSTM + CRF] epoch 4 step 5900/6750 loss=6.3522
08/11/2026 00:31:36 - INFO - __main__ - [vELECTRA + Bi-LSTM + CRF] epoch 4 step 5950/6750 loss=7.3757
08/11/2026 00:31:56 - INFO - __main__ - [vELECTRA + Bi-LSTM + CRF] epoch 4 step 6000/6750 loss=9.5585
08/11/2026 00:32:16 - INFO - __main__ - [vELECTRA + Bi-LSTM + CRF] epoch 4 step 6050/6750 loss=7.6868
08/11/2026 00:32:36 - INFO - __main__ - [vELECTRA + Bi-LSTM + CRF] epoch 4 step 6100/6750 loss=5.8868
08/11/2026 00:32:56 - INFO - __main__ - [vELECTRA + Bi-LSTM + CRF] epoch 4 step 6150/6750 loss=6.6318
08/11/2026 00:33:16 - INFO - __main__ - [vELECTRA + Bi-LSTM + CRF] epoch 4 step 6200/6750 loss=10.7090
08/11/2026 00:33:36 - INFO - __main__ - [vELECTRA + Bi-LSTM + CRF] epoch 4 step 6250/6750 loss=8.0066
08/11/2026 00:33:56 - INFO - __main__ - [vELECTRA + Bi-LSTM + CRF] epoch 4 step 6300/6750 loss=9.1284
08/11/2026 00:34:16 - INFO - __main__ - [vELECTRA + Bi-LSTM + CRF] epoch 4 step 6350/6750 loss=8.7055
08/11/2026 00:34:36 - INFO - __main__ - [vELECTRA + Bi-LSTM + CRF] epoch 4 step 6400/6750 loss=10.0732
08/11/2026 00:34:56 - INFO - __main__ - [vELECTRA + Bi-LSTM + CRF] epoch 4 step 6450/6750 loss=6.2592
08/11/2026 00:35:16 - INFO - __main__ - [vELECTRA + Bi-LSTM + CRF] epoch 4 step 6500/6750 loss=6.7197
08/11/2026 00:35:35 - INFO - __main__ - [vELECTRA + Bi-LSTM + CRF] epoch 4 step 6550/6750 loss=7.1959
08/11/2026 00:35:55 - INFO - __main__ - [vELECTRA + Bi-LSTM + CRF] epoch 4 step 6600/6750 loss=8.4925
08/11/2026 00:36:14 - INFO - __main__ - [vELECTRA + Bi-LSTM + CRF] epoch 4 step 6650/6750 loss=7.3565
08/11/2026 00:36:34 - INFO - __main__ - [vELECTRA + Bi-LSTM + CRF] epoch 4 step 6700/6750 loss=9.0900
08/11/2026 00:36:53 - INFO - __main__ - [vELECTRA + Bi-LSTM + CRF] epoch 4 step 6750/6750 loss=7.1074
08/11/2026 00:36:53 - INFO - __main__ - [vELECTRA + Bi-LSTM + CRF] Epoch 4 xong sau 2697.1s, avg_loss=8.3686
08/11/2026 00:40:39 - INFO - __main__ - [vELECTRA + Bi-LSTM + CRF] Epoch 4 - Valid macro F1 = 0.5104
              precision    recall  f1-score   support

      PERIOD     0.8197    0.8546    0.8368    140170
       COMMA     0.7380    0.6518    0.6922    162056
       COLON     0.6348    0.4783    0.5456     10825
       QMARK     0.7164    0.6497    0.6814      4884
      EXCLAM     0.5773    0.0876    0.1522      2556
   SEMICOLON     0.4344    0.0936    0.1540      1944

   micro avg     0.7737    0.7263    0.7492    322435
   macro avg     0.6534    0.4693    0.5104    322435
weighted avg     0.7666    0.7263    0.7425    322435

/root/phopunct/baseline_lstm_crf.py:261: FutureWarning: `torch.cuda.amp.autocast(args...)` is deprecated. Please use `torch.amp.autocast('cuda', args...)` instead.
  with torch.cuda.amp.autocast(enabled=use_amp):
08/11/2026 00:41:00 - INFO - __main__ - [vELECTRA + Bi-LSTM + CRF] epoch 5 step 50/6750 loss=5.3820
08/11/2026 00:41:20 - INFO - __main__ - [vELECTRA + Bi-LSTM + CRF] epoch 5 step 100/6750 loss=7.1355
08/11/2026 00:41:39 - INFO - __main__ - [vELECTRA + Bi-LSTM + CRF] epoch 5 step 150/6750 loss=8.3344
08/11/2026 00:41:59 - INFO - __main__ - [vELECTRA + Bi-LSTM + CRF] epoch 5 step 200/6750 loss=5.6591
08/11/2026 00:42:19 - INFO - __main__ - [vELECTRA + Bi-LSTM + CRF] epoch 5 step 250/6750 loss=7.2755
08/11/2026 00:42:39 - INFO - __main__ - [vELECTRA + Bi-LSTM + CRF] epoch 5 step 300/6750 loss=5.3038
08/11/2026 00:42:59 - INFO - __main__ - [vELECTRA + Bi-LSTM + CRF] epoch 5 step 350/6750 loss=8.2382
08/11/2026 00:43:19 - INFO - __main__ - [vELECTRA + Bi-LSTM + CRF] epoch 5 step 400/6750 loss=7.9892
08/11/2026 00:43:39 - INFO - __main__ - [vELECTRA + Bi-LSTM + CRF] epoch 5 step 450/6750 loss=7.3258
08/11/2026 00:43:59 - INFO - __main__ - [vELECTRA + Bi-LSTM + CRF] epoch 5 step 500/6750 loss=6.1892
08/11/2026 00:44:19 - INFO - __main__ - [vELECTRA + Bi-LSTM + CRF] epoch 5 step 550/6750 loss=6.3501
08/11/2026 00:44:39 - INFO - __main__ - [vELECTRA + Bi-LSTM + CRF] epoch 5 step 600/6750 loss=7.8413
08/11/2026 00:45:00 - INFO - __main__ - [vELECTRA + Bi-LSTM + CRF] epoch 5 step 650/6750 loss=4.7259
08/11/2026 00:45:21 - INFO - __main__ - [vELECTRA + Bi-LSTM + CRF] epoch 5 step 700/6750 loss=6.8618
08/11/2026 00:45:41 - INFO - __main__ - [vELECTRA + Bi-LSTM + CRF] epoch 5 step 750/6750 loss=8.1781
08/11/2026 00:46:01 - INFO - __main__ - [vELECTRA + Bi-LSTM + CRF] epoch 5 step 800/6750 loss=9.0654
08/11/2026 00:46:21 - INFO - __main__ - [vELECTRA + Bi-LSTM + CRF] epoch 5 step 850/6750 loss=5.4380
08/11/2026 00:46:42 - INFO - __main__ - [vELECTRA + Bi-LSTM + CRF] epoch 5 step 900/6750 loss=5.9945
08/11/2026 00:47:02 - INFO - __main__ - [vELECTRA + Bi-LSTM + CRF] epoch 5 step 950/6750 loss=7.2059
08/11/2026 00:47:22 - INFO - __main__ - [vELECTRA + Bi-LSTM + CRF] epoch 5 step 1000/6750 loss=9.0553
08/11/2026 00:47:42 - INFO - __main__ - [vELECTRA + Bi-LSTM + CRF] epoch 5 step 1050/6750 loss=6.1984
08/11/2026 00:48:01 - INFO - __main__ - [vELECTRA + Bi-LSTM + CRF] epoch 5 step 1100/6750 loss=7.8528
08/11/2026 00:48:22 - INFO - __main__ - [vELECTRA + Bi-LSTM + CRF] epoch 5 step 1150/6750 loss=5.4981
08/11/2026 00:48:42 - INFO - __main__ - [vELECTRA + Bi-LSTM + CRF] epoch 5 step 1200/6750 loss=6.7618
08/11/2026 00:49:02 - INFO - __main__ - [vELECTRA + Bi-LSTM + CRF] epoch 5 step 1250/6750 loss=6.5103
08/11/2026 00:49:23 - INFO - __main__ - [vELECTRA + Bi-LSTM + CRF] epoch 5 step 1300/6750 loss=7.8219
08/11/2026 00:49:42 - INFO - __main__ - [vELECTRA + Bi-LSTM + CRF] epoch 5 step 1350/6750 loss=6.2558
08/11/2026 00:50:03 - INFO - __main__ - [vELECTRA + Bi-LSTM + CRF] epoch 5 step 1400/6750 loss=10.1359
08/11/2026 00:50:23 - INFO - __main__ - [vELECTRA + Bi-LSTM + CRF] epoch 5 step 1450/6750 loss=4.1839
08/11/2026 00:50:43 - INFO - __main__ - [vELECTRA + Bi-LSTM + CRF] epoch 5 step 1500/6750 loss=10.1302
08/11/2026 00:51:02 - INFO - __main__ - [vELECTRA + Bi-LSTM + CRF] epoch 5 step 1550/6750 loss=7.2990
08/11/2026 00:51:21 - INFO - __main__ - [vELECTRA + Bi-LSTM + CRF] epoch 5 step 1600/6750 loss=6.2573
08/11/2026 00:51:42 - INFO - __main__ - [vELECTRA + Bi-LSTM + CRF] epoch 5 step 1650/6750 loss=7.9666
08/11/2026 00:52:02 - INFO - __main__ - [vELECTRA + Bi-LSTM + CRF] epoch 5 step 1700/6750 loss=7.9260
08/11/2026 00:52:22 - INFO - __main__ - [vELECTRA + Bi-LSTM + CRF] epoch 5 step 1750/6750 loss=7.8024
08/11/2026 00:52:43 - INFO - __main__ - [vELECTRA + Bi-LSTM + CRF] epoch 5 step 1800/6750 loss=4.7487
08/11/2026 00:53:03 - INFO - __main__ - [vELECTRA + Bi-LSTM + CRF] epoch 5 step 1850/6750 loss=6.6693
08/11/2026 00:53:23 - INFO - __main__ - [vELECTRA + Bi-LSTM + CRF] epoch 5 step 1900/6750 loss=7.1888
08/11/2026 00:53:43 - INFO - __main__ - [vELECTRA + Bi-LSTM + CRF] epoch 5 step 1950/6750 loss=7.6465
08/11/2026 00:54:04 - INFO - __main__ - [vELECTRA + Bi-LSTM + CRF] epoch 5 step 2000/6750 loss=8.2439
08/11/2026 00:54:25 - INFO - __main__ - [vELECTRA + Bi-LSTM + CRF] epoch 5 step 2050/6750 loss=6.6434
08/11/2026 00:54:45 - INFO - __main__ - [vELECTRA + Bi-LSTM + CRF] epoch 5 step 2100/6750 loss=4.4256
08/11/2026 00:55:05 - INFO - __main__ - [vELECTRA + Bi-LSTM + CRF] epoch 5 step 2150/6750 loss=5.8592
08/11/2026 00:55:26 - INFO - __main__ - [vELECTRA + Bi-LSTM + CRF] epoch 5 step 2200/6750 loss=6.5250
08/11/2026 00:55:46 - INFO - __main__ - [vELECTRA + Bi-LSTM + CRF] epoch 5 step 2250/6750 loss=7.4826
08/11/2026 00:56:06 - INFO - __main__ - [vELECTRA + Bi-LSTM + CRF] epoch 5 step 2300/6750 loss=6.9935
08/11/2026 00:56:27 - INFO - __main__ - [vELECTRA + Bi-LSTM + CRF] epoch 5 step 2350/6750 loss=6.2145
08/11/2026 00:56:47 - INFO - __main__ - [vELECTRA + Bi-LSTM + CRF] epoch 5 step 2400/6750 loss=6.0779
08/11/2026 00:57:08 - INFO - __main__ - [vELECTRA + Bi-LSTM + CRF] epoch 5 step 2450/6750 loss=9.5140
08/11/2026 00:57:28 - INFO - __main__ - [vELECTRA + Bi-LSTM + CRF] epoch 5 step 2500/6750 loss=7.1969
08/11/2026 00:57:48 - INFO - __main__ - [vELECTRA + Bi-LSTM + CRF] epoch 5 step 2550/6750 loss=9.8714
08/11/2026 00:58:09 - INFO - __main__ - [vELECTRA + Bi-LSTM + CRF] epoch 5 step 2600/6750 loss=5.9496
08/11/2026 00:58:29 - INFO - __main__ - [vELECTRA + Bi-LSTM + CRF] epoch 5 step 2650/6750 loss=6.7901
08/11/2026 00:58:50 - INFO - __main__ - [vELECTRA + Bi-LSTM + CRF] epoch 5 step 2700/6750 loss=9.2716
08/11/2026 00:59:11 - INFO - __main__ - [vELECTRA + Bi-LSTM + CRF] epoch 5 step 2750/6750 loss=6.9559
08/11/2026 00:59:32 - INFO - __main__ - [vELECTRA + Bi-LSTM + CRF] epoch 5 step 2800/6750 loss=6.7824
08/11/2026 00:59:52 - INFO - __main__ - [vELECTRA + Bi-LSTM + CRF] epoch 5 step 2850/6750 loss=8.1265
08/11/2026 01:00:13 - INFO - __main__ - [vELECTRA + Bi-LSTM + CRF] epoch 5 step 2900/6750 loss=5.1142
08/11/2026 01:00:33 - INFO - __main__ - [vELECTRA + Bi-LSTM + CRF] epoch 5 step 2950/6750 loss=7.9114
08/11/2026 01:00:53 - INFO - __main__ - [vELECTRA + Bi-LSTM + CRF] epoch 5 step 3000/6750 loss=10.8733
08/11/2026 01:01:13 - INFO - __main__ - [vELECTRA + Bi-LSTM + CRF] epoch 5 step 3050/6750 loss=10.5595
08/11/2026 01:01:33 - INFO - __main__ - [vELECTRA + Bi-LSTM + CRF] epoch 5 step 3100/6750 loss=6.3710
08/11/2026 01:01:53 - INFO - __main__ - [vELECTRA + Bi-LSTM + CRF] epoch 5 step 3150/6750 loss=8.5229
08/11/2026 01:02:13 - INFO - __main__ - [vELECTRA + Bi-LSTM + CRF] epoch 5 step 3200/6750 loss=7.3193
08/11/2026 01:02:32 - INFO - __main__ - [vELECTRA + Bi-LSTM + CRF] epoch 5 step 3250/6750 loss=5.7398
08/11/2026 01:02:52 - INFO - __main__ - [vELECTRA + Bi-LSTM + CRF] epoch 5 step 3300/6750 loss=7.5470
08/11/2026 01:03:11 - INFO - __main__ - [vELECTRA + Bi-LSTM + CRF] epoch 5 step 3350/6750 loss=7.5162
08/11/2026 01:03:30 - INFO - __main__ - [vELECTRA + Bi-LSTM + CRF] epoch 5 step 3400/6750 loss=5.5248
08/11/2026 01:03:50 - INFO - __main__ - [vELECTRA + Bi-LSTM + CRF] epoch 5 step 3450/6750 loss=4.1423
08/11/2026 01:04:09 - INFO - __main__ - [vELECTRA + Bi-LSTM + CRF] epoch 5 step 3500/6750 loss=9.0877
08/11/2026 01:04:29 - INFO - __main__ - [vELECTRA + Bi-LSTM + CRF] epoch 5 step 3550/6750 loss=7.9066
08/11/2026 01:04:48 - INFO - __main__ - [vELECTRA + Bi-LSTM + CRF] epoch 5 step 3600/6750 loss=7.0958
08/11/2026 01:05:08 - INFO - __main__ - [vELECTRA + Bi-LSTM + CRF] epoch 5 step 3650/6750 loss=6.2193
08/11/2026 01:05:27 - INFO - __main__ - [vELECTRA + Bi-LSTM + CRF] epoch 5 step 3700/6750 loss=5.5179
08/11/2026 01:05:46 - INFO - __main__ - [vELECTRA + Bi-LSTM + CRF] epoch 5 step 3750/6750 loss=9.5716
08/11/2026 01:06:06 - INFO - __main__ - [vELECTRA + Bi-LSTM + CRF] epoch 5 step 3800/6750 loss=6.3873
08/11/2026 01:06:26 - INFO - __main__ - [vELECTRA + Bi-LSTM + CRF] epoch 5 step 3850/6750 loss=6.3267
08/11/2026 01:06:45 - INFO - __main__ - [vELECTRA + Bi-LSTM + CRF] epoch 5 step 3900/6750 loss=9.4960
08/11/2026 01:07:05 - INFO - __main__ - [vELECTRA + Bi-LSTM + CRF] epoch 5 step 3950/6750 loss=7.5775
08/11/2026 01:07:24 - INFO - __main__ - [vELECTRA + Bi-LSTM + CRF] epoch 5 step 4000/6750 loss=5.9598
08/11/2026 01:07:44 - INFO - __main__ - [vELECTRA + Bi-LSTM + CRF] epoch 5 step 4050/6750 loss=8.0783
08/11/2026 01:08:03 - INFO - __main__ - [vELECTRA + Bi-LSTM + CRF] epoch 5 step 4100/6750 loss=5.9660
08/11/2026 01:08:23 - INFO - __main__ - [vELECTRA + Bi-LSTM + CRF] epoch 5 step 4150/6750 loss=10.0638
08/11/2026 01:08:42 - INFO - __main__ - [vELECTRA + Bi-LSTM + CRF] epoch 5 step 4200/6750 loss=7.9819
08/11/2026 01:09:02 - INFO - __main__ - [vELECTRA + Bi-LSTM + CRF] epoch 5 step 4250/6750 loss=7.5955
08/11/2026 01:09:21 - INFO - __main__ - [vELECTRA + Bi-LSTM + CRF] epoch 5 step 4300/6750 loss=5.7123
08/11/2026 01:09:41 - INFO - __main__ - [vELECTRA + Bi-LSTM + CRF] epoch 5 step 4350/6750 loss=6.4644
08/11/2026 01:10:00 - INFO - __main__ - [vELECTRA + Bi-LSTM + CRF] epoch 5 step 4400/6750 loss=6.5986
08/11/2026 01:10:20 - INFO - __main__ - [vELECTRA + Bi-LSTM + CRF] epoch 5 step 4450/6750 loss=6.7228
08/11/2026 01:10:40 - INFO - __main__ - [vELECTRA + Bi-LSTM + CRF] epoch 5 step 4500/6750 loss=8.0298
08/11/2026 01:10:59 - INFO - __main__ - [vELECTRA + Bi-LSTM + CRF] epoch 5 step 4550/6750 loss=6.2608
08/11/2026 01:11:19 - INFO - __main__ - [vELECTRA + Bi-LSTM + CRF] epoch 5 step 4600/6750 loss=9.0284
08/11/2026 01:11:38 - INFO - __main__ - [vELECTRA + Bi-LSTM + CRF] epoch 5 step 4650/6750 loss=9.0539
08/11/2026 01:11:58 - INFO - __main__ - [vELECTRA + Bi-LSTM + CRF] epoch 5 step 4700/6750 loss=5.5107
08/11/2026 01:12:17 - INFO - __main__ - [vELECTRA + Bi-LSTM + CRF] epoch 5 step 4750/6750 loss=7.4265
08/11/2026 01:12:36 - INFO - __main__ - [vELECTRA + Bi-LSTM + CRF] epoch 5 step 4800/6750 loss=5.1444
08/11/2026 01:12:56 - INFO - __main__ - [vELECTRA + Bi-LSTM + CRF] epoch 5 step 4850/6750 loss=5.5813
08/11/2026 01:13:15 - INFO - __main__ - [vELECTRA + Bi-LSTM + CRF] epoch 5 step 4900/6750 loss=5.1875
08/11/2026 01:13:35 - INFO - __main__ - [vELECTRA + Bi-LSTM + CRF] epoch 5 step 4950/6750 loss=6.3613
08/11/2026 01:13:54 - INFO - __main__ - [vELECTRA + Bi-LSTM + CRF] epoch 5 step 5000/6750 loss=5.9959
08/11/2026 01:14:14 - INFO - __main__ - [vELECTRA + Bi-LSTM + CRF] epoch 5 step 5050/6750 loss=6.8280
08/11/2026 01:14:33 - INFO - __main__ - [vELECTRA + Bi-LSTM + CRF] epoch 5 step 5100/6750 loss=7.2992
08/11/2026 01:14:53 - INFO - __main__ - [vELECTRA + Bi-LSTM + CRF] epoch 5 step 5150/6750 loss=8.4588
08/11/2026 01:15:13 - INFO - __main__ - [vELECTRA + Bi-LSTM + CRF] epoch 5 step 5200/6750 loss=7.1780
08/11/2026 01:15:33 - INFO - __main__ - [vELECTRA + Bi-LSTM + CRF] epoch 5 step 5250/6750 loss=5.3246
08/11/2026 01:15:53 - INFO - __main__ - [vELECTRA + Bi-LSTM + CRF] epoch 5 step 5300/6750 loss=7.0986
08/11/2026 01:16:12 - INFO - __main__ - [vELECTRA + Bi-LSTM + CRF] epoch 5 step 5350/6750 loss=6.8001
08/11/2026 01:16:32 - INFO - __main__ - [vELECTRA + Bi-LSTM + CRF] epoch 5 step 5400/6750 loss=4.1469
08/11/2026 01:16:52 - INFO - __main__ - [vELECTRA + Bi-LSTM + CRF] epoch 5 step 5450/6750 loss=6.0781
08/11/2026 01:17:11 - INFO - __main__ - [vELECTRA + Bi-LSTM + CRF] epoch 5 step 5500/6750 loss=8.1013
08/11/2026 01:17:31 - INFO - __main__ - [vELECTRA + Bi-LSTM + CRF] epoch 5 step 5550/6750 loss=5.7904
08/11/2026 01:17:51 - INFO - __main__ - [vELECTRA + Bi-LSTM + CRF] epoch 5 step 5600/6750 loss=7.8309
08/11/2026 01:18:12 - INFO - __main__ - [vELECTRA + Bi-LSTM + CRF] epoch 5 step 5650/6750 loss=6.1433
08/11/2026 01:18:32 - INFO - __main__ - [vELECTRA + Bi-LSTM + CRF] epoch 5 step 5700/6750 loss=7.0391
08/11/2026 01:18:52 - INFO - __main__ - [vELECTRA + Bi-LSTM + CRF] epoch 5 step 5750/6750 loss=6.8382
08/11/2026 01:19:12 - INFO - __main__ - [vELECTRA + Bi-LSTM + CRF] epoch 5 step 5800/6750 loss=9.2342
08/11/2026 01:19:33 - INFO - __main__ - [vELECTRA + Bi-LSTM + CRF] epoch 5 step 5850/6750 loss=7.1732
08/11/2026 01:19:53 - INFO - __main__ - [vELECTRA + Bi-LSTM + CRF] epoch 5 step 5900/6750 loss=7.3371
08/11/2026 01:20:13 - INFO - __main__ - [vELECTRA + Bi-LSTM + CRF] epoch 5 step 5950/6750 loss=7.5400
08/11/2026 01:20:33 - INFO - __main__ - [vELECTRA + Bi-LSTM + CRF] epoch 5 step 6000/6750 loss=4.7216
08/11/2026 01:20:54 - INFO - __main__ - [vELECTRA + Bi-LSTM + CRF] epoch 5 step 6050/6750 loss=7.8396
08/11/2026 01:21:13 - INFO - __main__ - [vELECTRA + Bi-LSTM + CRF] epoch 5 step 6100/6750 loss=8.0437
08/11/2026 01:21:33 - INFO - __main__ - [vELECTRA + Bi-LSTM + CRF] epoch 5 step 6150/6750 loss=8.5981
08/11/2026 01:21:53 - INFO - __main__ - [vELECTRA + Bi-LSTM + CRF] epoch 5 step 6200/6750 loss=7.4331
08/11/2026 01:22:12 - INFO - __main__ - [vELECTRA + Bi-LSTM + CRF] epoch 5 step 6250/6750 loss=9.9432
08/11/2026 01:22:32 - INFO - __main__ - [vELECTRA + Bi-LSTM + CRF] epoch 5 step 6300/6750 loss=5.3320
08/11/2026 01:22:52 - INFO - __main__ - [vELECTRA + Bi-LSTM + CRF] epoch 5 step 6350/6750 loss=6.9125
08/11/2026 01:23:12 - INFO - __main__ - [vELECTRA + Bi-LSTM + CRF] epoch 5 step 6400/6750 loss=8.1724
08/11/2026 01:23:31 - INFO - __main__ - [vELECTRA + Bi-LSTM + CRF] epoch 5 step 6450/6750 loss=5.8513
08/11/2026 01:23:51 - INFO - __main__ - [vELECTRA + Bi-LSTM + CRF] epoch 5 step 6500/6750 loss=7.0321
08/11/2026 01:24:11 - INFO - __main__ - [vELECTRA + Bi-LSTM + CRF] epoch 5 step 6550/6750 loss=5.6504
08/11/2026 01:24:31 - INFO - __main__ - [vELECTRA + Bi-LSTM + CRF] epoch 5 step 6600/6750 loss=6.3540
08/11/2026 01:24:50 - INFO - __main__ - [vELECTRA + Bi-LSTM + CRF] epoch 5 step 6650/6750 loss=7.0097
08/11/2026 01:25:10 - INFO - __main__ - [vELECTRA + Bi-LSTM + CRF] epoch 5 step 6700/6750 loss=8.8065
08/11/2026 01:25:30 - INFO - __main__ - [vELECTRA + Bi-LSTM + CRF] epoch 5 step 6750/6750 loss=8.0926
08/11/2026 01:25:30 - INFO - __main__ - [vELECTRA + Bi-LSTM + CRF] Epoch 5 xong sau 2689.3s, avg_loss=7.3465
08/11/2026 01:29:18 - INFO - __main__ - [vELECTRA + Bi-LSTM + CRF] Epoch 5 - Valid macro F1 = 0.5249
              precision    recall  f1-score   support

      PERIOD     0.8381    0.8429    0.8405    140170
       COMMA     0.7217    0.6790    0.6997    162056
       COLON     0.6079    0.5144    0.5572     10825
       QMARK     0.7281    0.6474    0.6854      4884
      EXCLAM     0.5017    0.1189    0.1923      2556
   SEMICOLON     0.4423    0.1085    0.1743      1944

   micro avg     0.7708    0.7364    0.7532    322435
   macro avg     0.6400    0.4852    0.5249    322435
weighted avg     0.7652    0.7364    0.7487    322435

08/11/2026 01:29:21 - INFO - __main__ - -> [vELECTRA + Bi-LSTM + CRF] best checkpoint mới, macro F1 = 0.5249
/root/phopunct/baseline_lstm_crf.py:261: FutureWarning: `torch.cuda.amp.autocast(args...)` is deprecated. Please use `torch.amp.autocast('cuda', args...)` instead.
  with torch.cuda.amp.autocast(enabled=use_amp):
08/11/2026 01:29:42 - INFO - __main__ - [vELECTRA + Bi-LSTM + CRF] epoch 6 step 50/6750 loss=6.4979
08/11/2026 01:30:02 - INFO - __main__ - [vELECTRA + Bi-LSTM + CRF] epoch 6 step 100/6750 loss=4.5622
08/11/2026 01:30:23 - INFO - __main__ - [vELECTRA + Bi-LSTM + CRF] epoch 6 step 150/6750 loss=6.1474
08/11/2026 01:30:44 - INFO - __main__ - [vELECTRA + Bi-LSTM + CRF] epoch 6 step 200/6750 loss=8.6231
08/11/2026 01:31:04 - INFO - __main__ - [vELECTRA + Bi-LSTM + CRF] epoch 6 step 250/6750 loss=6.5093
08/11/2026 01:31:25 - INFO - __main__ - [vELECTRA + Bi-LSTM + CRF] epoch 6 step 300/6750 loss=4.4435
08/11/2026 01:31:45 - INFO - __main__ - [vELECTRA + Bi-LSTM + CRF] epoch 6 step 350/6750 loss=5.4727
08/11/2026 01:32:04 - INFO - __main__ - [vELECTRA + Bi-LSTM + CRF] epoch 6 step 400/6750 loss=5.6556
08/11/2026 01:32:23 - INFO - __main__ - [vELECTRA + Bi-LSTM + CRF] epoch 6 step 450/6750 loss=6.4058
08/11/2026 01:32:44 - INFO - __main__ - [vELECTRA + Bi-LSTM + CRF] epoch 6 step 500/6750 loss=5.6536
08/11/2026 01:33:04 - INFO - __main__ - [vELECTRA + Bi-LSTM + CRF] epoch 6 step 550/6750 loss=5.7496
08/11/2026 01:33:24 - INFO - __main__ - [vELECTRA + Bi-LSTM + CRF] epoch 6 step 600/6750 loss=4.1359
08/11/2026 01:33:43 - INFO - __main__ - [vELECTRA + Bi-LSTM + CRF] epoch 6 step 650/6750 loss=6.4509
08/11/2026 01:34:03 - INFO - __main__ - [vELECTRA + Bi-LSTM + CRF] epoch 6 step 700/6750 loss=6.3453
08/11/2026 01:34:22 - INFO - __main__ - [vELECTRA + Bi-LSTM + CRF] epoch 6 step 750/6750 loss=5.1635
08/11/2026 01:34:41 - INFO - __main__ - [vELECTRA + Bi-LSTM + CRF] epoch 6 step 800/6750 loss=6.5858
08/11/2026 01:35:00 - INFO - __main__ - [vELECTRA + Bi-LSTM + CRF] epoch 6 step 850/6750 loss=8.0625
08/11/2026 01:35:20 - INFO - __main__ - [vELECTRA + Bi-LSTM + CRF] epoch 6 step 900/6750 loss=3.7897
08/11/2026 01:35:40 - INFO - __main__ - [vELECTRA + Bi-LSTM + CRF] epoch 6 step 950/6750 loss=7.2435
08/11/2026 01:35:59 - INFO - __main__ - [vELECTRA + Bi-LSTM + CRF] epoch 6 step 1000/6750 loss=6.5870
08/11/2026 01:36:19 - INFO - __main__ - [vELECTRA + Bi-LSTM + CRF] epoch 6 step 1050/6750 loss=8.0571
08/11/2026 01:36:38 - INFO - __main__ - [vELECTRA + Bi-LSTM + CRF] epoch 6 step 1100/6750 loss=6.2610
08/11/2026 01:36:58 - INFO - __main__ - [vELECTRA + Bi-LSTM + CRF] epoch 6 step 1150/6750 loss=6.4366
08/11/2026 01:37:17 - INFO - __main__ - [vELECTRA + Bi-LSTM + CRF] epoch 6 step 1200/6750 loss=7.5361
08/11/2026 01:37:36 - INFO - __main__ - [vELECTRA + Bi-LSTM + CRF] epoch 6 step 1250/6750 loss=5.7135
08/11/2026 01:37:55 - INFO - __main__ - [vELECTRA + Bi-LSTM + CRF] epoch 6 step 1300/6750 loss=5.6578
08/11/2026 01:38:15 - INFO - __main__ - [vELECTRA + Bi-LSTM + CRF] epoch 6 step 1350/6750 loss=7.3346
08/11/2026 01:38:34 - INFO - __main__ - [vELECTRA + Bi-LSTM + CRF] epoch 6 step 1400/6750 loss=6.7824
08/11/2026 01:38:53 - INFO - __main__ - [vELECTRA + Bi-LSTM + CRF] epoch 6 step 1450/6750 loss=6.5907
08/11/2026 01:39:13 - INFO - __main__ - [vELECTRA + Bi-LSTM + CRF] epoch 6 step 1500/6750 loss=6.7403
08/11/2026 01:39:32 - INFO - __main__ - [vELECTRA + Bi-LSTM + CRF] epoch 6 step 1550/6750 loss=5.6724
08/11/2026 01:39:51 - INFO - __main__ - [vELECTRA + Bi-LSTM + CRF] epoch 6 step 1600/6750 loss=7.3713
08/11/2026 01:40:10 - INFO - __main__ - [vELECTRA + Bi-LSTM + CRF] epoch 6 step 1650/6750 loss=5.3242
08/11/2026 01:40:30 - INFO - __main__ - [vELECTRA + Bi-LSTM + CRF] epoch 6 step 1700/6750 loss=4.6611
08/11/2026 01:40:49 - INFO - __main__ - [vELECTRA + Bi-LSTM + CRF] epoch 6 step 1750/6750 loss=4.4584
08/11/2026 01:41:08 - INFO - __main__ - [vELECTRA + Bi-LSTM + CRF] epoch 6 step 1800/6750 loss=5.6126
08/11/2026 01:41:28 - INFO - __main__ - [vELECTRA + Bi-LSTM + CRF] epoch 6 step 1850/6750 loss=6.1289
08/11/2026 01:41:48 - INFO - __main__ - [vELECTRA + Bi-LSTM + CRF] epoch 6 step 1900/6750 loss=5.8966
08/11/2026 01:42:08 - INFO - __main__ - [vELECTRA + Bi-LSTM + CRF] epoch 6 step 1950/6750 loss=6.2038
08/11/2026 01:42:28 - INFO - __main__ - [vELECTRA + Bi-LSTM + CRF] epoch 6 step 2000/6750 loss=6.2760
08/11/2026 01:42:49 - INFO - __main__ - [vELECTRA + Bi-LSTM + CRF] epoch 6 step 2050/6750 loss=5.7848
08/11/2026 01:43:09 - INFO - __main__ - [vELECTRA + Bi-LSTM + CRF] epoch 6 step 2100/6750 loss=3.9393
08/11/2026 01:43:29 - INFO - __main__ - [vELECTRA + Bi-LSTM + CRF] epoch 6 step 2150/6750 loss=6.0757
08/11/2026 01:43:49 - INFO - __main__ - [vELECTRA + Bi-LSTM + CRF] epoch 6 step 2200/6750 loss=6.1671
08/11/2026 01:44:09 - INFO - __main__ - [vELECTRA + Bi-LSTM + CRF] epoch 6 step 2250/6750 loss=7.6529
08/11/2026 01:44:29 - INFO - __main__ - [vELECTRA + Bi-LSTM + CRF] epoch 6 step 2300/6750 loss=6.9356
08/11/2026 01:44:50 - INFO - __main__ - [vELECTRA + Bi-LSTM + CRF] epoch 6 step 2350/6750 loss=6.1830
08/11/2026 01:45:10 - INFO - __main__ - [vELECTRA + Bi-LSTM + CRF] epoch 6 step 2400/6750 loss=8.2308
08/11/2026 01:45:31 - INFO - __main__ - [vELECTRA + Bi-LSTM + CRF] epoch 6 step 2450/6750 loss=8.4067
08/11/2026 01:45:51 - INFO - __main__ - [vELECTRA + Bi-LSTM + CRF] epoch 6 step 2500/6750 loss=6.2081
08/11/2026 01:46:11 - INFO - __main__ - [vELECTRA + Bi-LSTM + CRF] epoch 6 step 2550/6750 loss=6.3991
08/11/2026 01:46:32 - INFO - __main__ - [vELECTRA + Bi-LSTM + CRF] epoch 6 step 2600/6750 loss=5.0522
08/11/2026 01:46:53 - INFO - __main__ - [vELECTRA + Bi-LSTM + CRF] epoch 6 step 2650/6750 loss=6.9865
08/11/2026 01:47:13 - INFO - __main__ - [vELECTRA + Bi-LSTM + CRF] epoch 6 step 2700/6750 loss=7.6932
08/11/2026 01:47:33 - INFO - __main__ - [vELECTRA + Bi-LSTM + CRF] epoch 6 step 2750/6750 loss=4.7704
08/11/2026 01:47:54 - INFO - __main__ - [vELECTRA + Bi-LSTM + CRF] epoch 6 step 2800/6750 loss=6.7359
08/11/2026 01:48:14 - INFO - __main__ - [vELECTRA + Bi-LSTM + CRF] epoch 6 step 2850/6750 loss=4.2485
08/11/2026 01:48:35 - INFO - __main__ - [vELECTRA + Bi-LSTM + CRF] epoch 6 step 2900/6750 loss=7.8834
08/11/2026 01:48:56 - INFO - __main__ - [vELECTRA + Bi-LSTM + CRF] epoch 6 step 2950/6750 loss=5.8233
08/11/2026 01:49:15 - INFO - __main__ - [vELECTRA + Bi-LSTM + CRF] epoch 6 step 3000/6750 loss=7.4076
08/11/2026 01:49:35 - INFO - __main__ - [vELECTRA + Bi-LSTM + CRF] epoch 6 step 3050/6750 loss=9.0261
08/11/2026 01:49:55 - INFO - __main__ - [vELECTRA + Bi-LSTM + CRF] epoch 6 step 3100/6750 loss=7.6725
08/11/2026 01:50:16 - INFO - __main__ - [vELECTRA + Bi-LSTM + CRF] epoch 6 step 3150/6750 loss=6.6064
08/11/2026 01:50:36 - INFO - __main__ - [vELECTRA + Bi-LSTM + CRF] epoch 6 step 3200/6750 loss=6.0572
08/11/2026 01:50:57 - INFO - __main__ - [vELECTRA + Bi-LSTM + CRF] epoch 6 step 3250/6750 loss=4.5903
08/11/2026 01:51:18 - INFO - __main__ - [vELECTRA + Bi-LSTM + CRF] epoch 6 step 3300/6750 loss=6.3893
08/11/2026 01:51:38 - INFO - __main__ - [vELECTRA + Bi-LSTM + CRF] epoch 6 step 3350/6750 loss=5.9256
08/11/2026 01:51:58 - INFO - __main__ - [vELECTRA + Bi-LSTM + CRF] epoch 6 step 3400/6750 loss=7.7895
08/11/2026 01:52:18 - INFO - __main__ - [vELECTRA + Bi-LSTM + CRF] epoch 6 step 3450/6750 loss=6.3613
08/11/2026 01:52:39 - INFO - __main__ - [vELECTRA + Bi-LSTM + CRF] epoch 6 step 3500/6750 loss=8.7467
08/11/2026 01:52:59 - INFO - __main__ - [vELECTRA + Bi-LSTM + CRF] epoch 6 step 3550/6750 loss=6.4561
08/11/2026 01:53:19 - INFO - __main__ - [vELECTRA + Bi-LSTM + CRF] epoch 6 step 3600/6750 loss=6.5525
08/11/2026 01:53:40 - INFO - __main__ - [vELECTRA + Bi-LSTM + CRF] epoch 6 step 3650/6750 loss=6.8674
08/11/2026 01:54:00 - INFO - __main__ - [vELECTRA + Bi-LSTM + CRF] epoch 6 step 3700/6750 loss=8.2332
08/11/2026 01:54:20 - INFO - __main__ - [vELECTRA + Bi-LSTM + CRF] epoch 6 step 3750/6750 loss=8.3671
08/11/2026 01:54:40 - INFO - __main__ - [vELECTRA + Bi-LSTM + CRF] epoch 6 step 3800/6750 loss=6.2031
08/11/2026 01:54:59 - INFO - __main__ - [vELECTRA + Bi-LSTM + CRF] epoch 6 step 3850/6750 loss=7.2385
08/11/2026 01:55:19 - INFO - __main__ - [vELECTRA + Bi-LSTM + CRF] epoch 6 step 3900/6750 loss=5.5590
08/11/2026 01:55:39 - INFO - __main__ - [vELECTRA + Bi-LSTM + CRF] epoch 6 step 3950/6750 loss=8.0272
08/11/2026 01:55:59 - INFO - __main__ - [vELECTRA + Bi-LSTM + CRF] epoch 6 step 4000/6750 loss=7.6976
08/11/2026 01:56:18 - INFO - __main__ - [vELECTRA + Bi-LSTM + CRF] epoch 6 step 4050/6750 loss=4.4306
08/11/2026 01:56:38 - INFO - __main__ - [vELECTRA + Bi-LSTM + CRF] epoch 6 step 4100/6750 loss=5.4069
08/11/2026 01:56:58 - INFO - __main__ - [vELECTRA + Bi-LSTM + CRF] epoch 6 step 4150/6750 loss=5.1514
08/11/2026 01:57:19 - INFO - __main__ - [vELECTRA + Bi-LSTM + CRF] epoch 6 step 4200/6750 loss=6.2196
08/11/2026 01:57:39 - INFO - __main__ - [vELECTRA + Bi-LSTM + CRF] epoch 6 step 4250/6750 loss=6.2449
08/11/2026 01:57:59 - INFO - __main__ - [vELECTRA + Bi-LSTM + CRF] epoch 6 step 4300/6750 loss=6.6161
08/11/2026 01:58:19 - INFO - __main__ - [vELECTRA + Bi-LSTM + CRF] epoch 6 step 4350/6750 loss=8.5363
08/11/2026 01:58:40 - INFO - __main__ - [vELECTRA + Bi-LSTM + CRF] epoch 6 step 4400/6750 loss=4.0335
08/11/2026 01:59:00 - INFO - __main__ - [vELECTRA + Bi-LSTM + CRF] epoch 6 step 4450/6750 loss=4.5912
08/11/2026 01:59:20 - INFO - __main__ - [vELECTRA + Bi-LSTM + CRF] epoch 6 step 4500/6750 loss=7.0232
08/11/2026 01:59:40 - INFO - __main__ - [vELECTRA + Bi-LSTM + CRF] epoch 6 step 4550/6750 loss=5.1480
08/11/2026 01:59:59 - INFO - __main__ - [vELECTRA + Bi-LSTM + CRF] epoch 6 step 4600/6750 loss=8.9910
08/11/2026 02:00:19 - INFO - __main__ - [vELECTRA + Bi-LSTM + CRF] epoch 6 step 4650/6750 loss=7.1774
08/11/2026 02:00:38 - INFO - __main__ - [vELECTRA + Bi-LSTM + CRF] epoch 6 step 4700/6750 loss=8.3588
08/11/2026 02:00:58 - INFO - __main__ - [vELECTRA + Bi-LSTM + CRF] epoch 6 step 4750/6750 loss=6.2997
08/11/2026 02:01:19 - INFO - __main__ - [vELECTRA + Bi-LSTM + CRF] epoch 6 step 4800/6750 loss=5.9706
08/11/2026 02:01:39 - INFO - __main__ - [vELECTRA + Bi-LSTM + CRF] epoch 6 step 4850/6750 loss=5.8152
08/11/2026 02:02:00 - INFO - __main__ - [vELECTRA + Bi-LSTM + CRF] epoch 6 step 4900/6750 loss=9.6033
08/11/2026 02:02:20 - INFO - __main__ - [vELECTRA + Bi-LSTM + CRF] epoch 6 step 4950/6750 loss=9.6515
08/11/2026 02:02:40 - INFO - __main__ - [vELECTRA + Bi-LSTM + CRF] epoch 6 step 5000/6750 loss=5.9075
08/11/2026 02:03:01 - INFO - __main__ - [vELECTRA + Bi-LSTM + CRF] epoch 6 step 5050/6750 loss=6.1874
08/11/2026 02:03:21 - INFO - __main__ - [vELECTRA + Bi-LSTM + CRF] epoch 6 step 5100/6750 loss=5.6526
08/11/2026 02:03:41 - INFO - __main__ - [vELECTRA + Bi-LSTM + CRF] epoch 6 step 5150/6750 loss=6.0051
08/11/2026 02:04:01 - INFO - __main__ - [vELECTRA + Bi-LSTM + CRF] epoch 6 step 5200/6750 loss=6.3772
08/11/2026 02:04:21 - INFO - __main__ - [vELECTRA + Bi-LSTM + CRF] epoch 6 step 5250/6750 loss=8.2809
08/11/2026 02:04:42 - INFO - __main__ - [vELECTRA + Bi-LSTM + CRF] epoch 6 step 5300/6750 loss=8.5475
08/11/2026 02:05:02 - INFO - __main__ - [vELECTRA + Bi-LSTM + CRF] epoch 6 step 5350/6750 loss=5.4099
08/11/2026 02:05:21 - INFO - __main__ - [vELECTRA + Bi-LSTM + CRF] epoch 6 step 5400/6750 loss=7.4562
08/11/2026 02:05:41 - INFO - __main__ - [vELECTRA + Bi-LSTM + CRF] epoch 6 step 5450/6750 loss=6.8126
08/11/2026 02:06:01 - INFO - __main__ - [vELECTRA + Bi-LSTM + CRF] epoch 6 step 5500/6750 loss=8.0931
08/11/2026 02:06:20 - INFO - __main__ - [vELECTRA + Bi-LSTM + CRF] epoch 6 step 5550/6750 loss=3.6742
08/11/2026 02:06:40 - INFO - __main__ - [vELECTRA + Bi-LSTM + CRF] epoch 6 step 5600/6750 loss=7.3540
08/11/2026 02:07:00 - INFO - __main__ - [vELECTRA + Bi-LSTM + CRF] epoch 6 step 5650/6750 loss=5.5522
08/11/2026 02:07:20 - INFO - __main__ - [vELECTRA + Bi-LSTM + CRF] epoch 6 step 5700/6750 loss=6.0751
08/11/2026 02:07:40 - INFO - __main__ - [vELECTRA + Bi-LSTM + CRF] epoch 6 step 5750/6750 loss=7.2907
08/11/2026 02:08:01 - INFO - __main__ - [vELECTRA + Bi-LSTM + CRF] epoch 6 step 5800/6750 loss=6.4622
08/11/2026 02:08:21 - INFO - __main__ - [vELECTRA + Bi-LSTM + CRF] epoch 6 step 5850/6750 loss=6.6206
08/11/2026 02:08:41 - INFO - __main__ - [vELECTRA + Bi-LSTM + CRF] epoch 6 step 5900/6750 loss=7.0891
08/11/2026 02:09:02 - INFO - __main__ - [vELECTRA + Bi-LSTM + CRF] epoch 6 step 5950/6750 loss=7.1206
08/11/2026 02:09:22 - INFO - __main__ - [vELECTRA + Bi-LSTM + CRF] epoch 6 step 6000/6750 loss=4.8643
08/11/2026 02:09:42 - INFO - __main__ - [vELECTRA + Bi-LSTM + CRF] epoch 6 step 6050/6750 loss=6.5166
08/11/2026 02:10:02 - INFO - __main__ - [vELECTRA + Bi-LSTM + CRF] epoch 6 step 6100/6750 loss=7.9425
08/11/2026 02:10:22 - INFO - __main__ - [vELECTRA + Bi-LSTM + CRF] epoch 6 step 6150/6750 loss=4.6221
08/11/2026 02:10:42 - INFO - __main__ - [vELECTRA + Bi-LSTM + CRF] epoch 6 step 6200/6750 loss=6.3648
08/11/2026 02:11:02 - INFO - __main__ - [vELECTRA + Bi-LSTM + CRF] epoch 6 step 6250/6750 loss=5.4490
08/11/2026 02:11:22 - INFO - __main__ - [vELECTRA + Bi-LSTM + CRF] epoch 6 step 6300/6750 loss=4.2824
08/11/2026 02:11:43 - INFO - __main__ - [vELECTRA + Bi-LSTM + CRF] epoch 6 step 6350/6750 loss=5.5725
08/11/2026 02:12:03 - INFO - __main__ - [vELECTRA + Bi-LSTM + CRF] epoch 6 step 6400/6750 loss=5.4539
08/11/2026 02:12:23 - INFO - __main__ - [vELECTRA + Bi-LSTM + CRF] epoch 6 step 6450/6750 loss=5.3069
08/11/2026 02:12:43 - INFO - __main__ - [vELECTRA + Bi-LSTM + CRF] epoch 6 step 6500/6750 loss=7.4813
08/11/2026 02:13:04 - INFO - __main__ - [vELECTRA + Bi-LSTM + CRF] epoch 6 step 6550/6750 loss=7.8983
08/11/2026 02:13:24 - INFO - __main__ - [vELECTRA + Bi-LSTM + CRF] epoch 6 step 6600/6750 loss=5.7713
08/11/2026 02:13:44 - INFO - __main__ - [vELECTRA + Bi-LSTM + CRF] epoch 6 step 6650/6750 loss=7.3342
08/11/2026 02:14:05 - INFO - __main__ - [vELECTRA + Bi-LSTM + CRF] epoch 6 step 6700/6750 loss=6.0264
08/11/2026 02:14:26 - INFO - __main__ - [vELECTRA + Bi-LSTM + CRF] epoch 6 step 6750/6750 loss=7.7010
08/11/2026 02:14:26 - INFO - __main__ - [vELECTRA + Bi-LSTM + CRF] Epoch 6 xong sau 2704.3s, avg_loss=6.5804
08/11/2026 02:18:15 - INFO - __main__ - [vELECTRA + Bi-LSTM + CRF] Epoch 6 - Valid macro F1 = 0.5313
              precision    recall  f1-score   support

      PERIOD     0.8347    0.8479    0.8413    140170
       COMMA     0.7287    0.6717    0.6990    162056
       COLON     0.6075    0.5225    0.5618     10825
       QMARK     0.6986    0.6777    0.6880      4884
      EXCLAM     0.4741    0.1182    0.1892      2556
   SEMICOLON     0.3784    0.1440    0.2086      1944

   micro avg     0.7723    0.7358    0.7536    322435
   macro avg     0.6203    0.4970    0.5313    322435
weighted avg     0.7661    0.7358    0.7491    322435

08/11/2026 02:18:18 - INFO - __main__ - -> [vELECTRA + Bi-LSTM + CRF] best checkpoint mới, macro F1 = 0.5313
/root/phopunct/baseline_lstm_crf.py:261: FutureWarning: `torch.cuda.amp.autocast(args...)` is deprecated. Please use `torch.amp.autocast('cuda', args...)` instead.
  with torch.cuda.amp.autocast(enabled=use_amp):
08/11/2026 02:18:38 - INFO - __main__ - [vELECTRA + Bi-LSTM + CRF] epoch 7 step 50/6750 loss=6.3160
08/11/2026 02:18:58 - INFO - __main__ - [vELECTRA + Bi-LSTM + CRF] epoch 7 step 100/6750 loss=5.6471
08/11/2026 02:19:18 - INFO - __main__ - [vELECTRA + Bi-LSTM + CRF] epoch 7 step 150/6750 loss=5.9213
08/11/2026 02:19:39 - INFO - __main__ - [vELECTRA + Bi-LSTM + CRF] epoch 7 step 200/6750 loss=6.1054
08/11/2026 02:19:59 - INFO - __main__ - [vELECTRA + Bi-LSTM + CRF] epoch 7 step 250/6750 loss=5.7873
08/11/2026 02:20:18 - INFO - __main__ - [vELECTRA + Bi-LSTM + CRF] epoch 7 step 300/6750 loss=4.9935
08/11/2026 02:20:38 - INFO - __main__ - [vELECTRA + Bi-LSTM + CRF] epoch 7 step 350/6750 loss=3.1853
08/11/2026 02:20:59 - INFO - __main__ - [vELECTRA + Bi-LSTM + CRF] epoch 7 step 400/6750 loss=4.4913
08/11/2026 02:21:19 - INFO - __main__ - [vELECTRA + Bi-LSTM + CRF] epoch 7 step 450/6750 loss=6.9761
08/11/2026 02:21:40 - INFO - __main__ - [vELECTRA + Bi-LSTM + CRF] epoch 7 step 500/6750 loss=5.2343
08/11/2026 02:22:00 - INFO - __main__ - [vELECTRA + Bi-LSTM + CRF] epoch 7 step 550/6750 loss=7.4870
08/11/2026 02:22:19 - INFO - __main__ - [vELECTRA + Bi-LSTM + CRF] epoch 7 step 600/6750 loss=5.4781
08/11/2026 02:22:39 - INFO - __main__ - [vELECTRA + Bi-LSTM + CRF] epoch 7 step 650/6750 loss=5.1024
08/11/2026 02:22:59 - INFO - __main__ - [vELECTRA + Bi-LSTM + CRF] epoch 7 step 700/6750 loss=4.7648
08/11/2026 02:23:19 - INFO - __main__ - [vELECTRA + Bi-LSTM + CRF] epoch 7 step 750/6750 loss=5.8215
08/11/2026 02:23:39 - INFO - __main__ - [vELECTRA + Bi-LSTM + CRF] epoch 7 step 800/6750 loss=6.1085
08/11/2026 02:23:58 - INFO - __main__ - [vELECTRA + Bi-LSTM + CRF] epoch 7 step 850/6750 loss=7.2906
08/11/2026 02:24:18 - INFO - __main__ - [vELECTRA + Bi-LSTM + CRF] epoch 7 step 900/6750 loss=6.0562
08/11/2026 02:24:37 - INFO - __main__ - [vELECTRA + Bi-LSTM + CRF] epoch 7 step 950/6750 loss=5.6925
08/11/2026 02:24:58 - INFO - __main__ - [vELECTRA + Bi-LSTM + CRF] epoch 7 step 1000/6750 loss=4.8386
08/11/2026 02:25:18 - INFO - __main__ - [vELECTRA + Bi-LSTM + CRF] epoch 7 step 1050/6750 loss=7.9306
08/11/2026 02:25:37 - INFO - __main__ - [vELECTRA + Bi-LSTM + CRF] epoch 7 step 1100/6750 loss=5.6614
08/11/2026 02:25:57 - INFO - __main__ - [vELECTRA + Bi-LSTM + CRF] epoch 7 step 1150/6750 loss=6.4973
08/11/2026 02:26:17 - INFO - __main__ - [vELECTRA + Bi-LSTM + CRF] epoch 7 step 1200/6750 loss=5.0587
08/11/2026 02:26:37 - INFO - __main__ - [vELECTRA + Bi-LSTM + CRF] epoch 7 step 1250/6750 loss=4.8485
08/11/2026 02:26:56 - INFO - __main__ - [vELECTRA + Bi-LSTM + CRF] epoch 7 step 1300/6750 loss=4.7642
08/11/2026 02:27:16 - INFO - __main__ - [vELECTRA + Bi-LSTM + CRF] epoch 7 step 1350/6750 loss=4.5600
08/11/2026 02:27:36 - INFO - __main__ - [vELECTRA + Bi-LSTM + CRF] epoch 7 step 1400/6750 loss=5.4313
08/11/2026 02:27:55 - INFO - __main__ - [vELECTRA + Bi-LSTM + CRF] epoch 7 step 1450/6750 loss=6.6138
08/11/2026 02:28:15 - INFO - __main__ - [vELECTRA + Bi-LSTM + CRF] epoch 7 step 1500/6750 loss=6.3056
08/11/2026 02:28:34 - INFO - __main__ - [vELECTRA + Bi-LSTM + CRF] epoch 7 step 1550/6750 loss=7.2457
08/11/2026 02:28:54 - INFO - __main__ - [vELECTRA + Bi-LSTM + CRF] epoch 7 step 1600/6750 loss=7.9909
08/11/2026 02:29:13 - INFO - __main__ - [vELECTRA + Bi-LSTM + CRF] epoch 7 step 1650/6750 loss=6.9161
08/11/2026 02:29:33 - INFO - __main__ - [vELECTRA + Bi-LSTM + CRF] epoch 7 step 1700/6750 loss=5.2407
08/11/2026 02:29:52 - INFO - __main__ - [vELECTRA + Bi-LSTM + CRF] epoch 7 step 1750/6750 loss=3.5029
08/11/2026 02:30:12 - INFO - __main__ - [vELECTRA + Bi-LSTM + CRF] epoch 7 step 1800/6750 loss=4.3111
08/11/2026 02:30:32 - INFO - __main__ - [vELECTRA + Bi-LSTM + CRF] epoch 7 step 1850/6750 loss=7.4516
08/11/2026 02:30:51 - INFO - __main__ - [vELECTRA + Bi-LSTM + CRF] epoch 7 step 1900/6750 loss=5.7617
08/11/2026 02:31:11 - INFO - __main__ - [vELECTRA + Bi-LSTM + CRF] epoch 7 step 1950/6750 loss=4.4785
08/11/2026 02:31:31 - INFO - __main__ - [vELECTRA + Bi-LSTM + CRF] epoch 7 step 2000/6750 loss=7.7699
08/11/2026 02:31:52 - INFO - __main__ - [vELECTRA + Bi-LSTM + CRF] epoch 7 step 2050/6750 loss=5.6943
08/11/2026 02:32:12 - INFO - __main__ - [vELECTRA + Bi-LSTM + CRF] epoch 7 step 2100/6750 loss=4.6245
08/11/2026 02:32:32 - INFO - __main__ - [vELECTRA + Bi-LSTM + CRF] epoch 7 step 2150/6750 loss=6.0962
08/11/2026 02:32:53 - INFO - __main__ - [vELECTRA + Bi-LSTM + CRF] epoch 7 step 2200/6750 loss=4.5855
08/11/2026 02:33:14 - INFO - __main__ - [vELECTRA + Bi-LSTM + CRF] epoch 7 step 2250/6750 loss=5.1827
08/11/2026 02:33:34 - INFO - __main__ - [vELECTRA + Bi-LSTM + CRF] epoch 7 step 2300/6750 loss=5.0567
08/11/2026 02:33:54 - INFO - __main__ - [vELECTRA + Bi-LSTM + CRF] epoch 7 step 2350/6750 loss=5.9127
08/11/2026 02:34:15 - INFO - __main__ - [vELECTRA + Bi-LSTM + CRF] epoch 7 step 2400/6750 loss=6.2591
08/11/2026 02:34:35 - INFO - __main__ - [vELECTRA + Bi-LSTM + CRF] epoch 7 step 2450/6750 loss=4.8853
08/11/2026 02:34:55 - INFO - __main__ - [vELECTRA + Bi-LSTM + CRF] epoch 7 step 2500/6750 loss=7.6338
08/11/2026 02:35:15 - INFO - __main__ - [vELECTRA + Bi-LSTM + CRF] epoch 7 step 2550/6750 loss=7.0760
08/11/2026 02:35:35 - INFO - __main__ - [vELECTRA + Bi-LSTM + CRF] epoch 7 step 2600/6750 loss=4.4098
08/11/2026 02:35:55 - INFO - __main__ - [vELECTRA + Bi-LSTM + CRF] epoch 7 step 2650/6750 loss=6.0713
08/11/2026 02:36:14 - INFO - __main__ - [vELECTRA + Bi-LSTM + CRF] epoch 7 step 2700/6750 loss=7.3595
08/11/2026 02:36:33 - INFO - __main__ - [vELECTRA + Bi-LSTM + CRF] epoch 7 step 2750/6750 loss=6.1718
08/11/2026 02:36:53 - INFO - __main__ - [vELECTRA + Bi-LSTM + CRF] epoch 7 step 2800/6750 loss=5.0293
08/11/2026 02:37:13 - INFO - __main__ - [vELECTRA + Bi-LSTM + CRF] epoch 7 step 2850/6750 loss=5.2854
08/11/2026 02:37:33 - INFO - __main__ - [vELECTRA + Bi-LSTM + CRF] epoch 7 step 2900/6750 loss=6.0623
08/11/2026 02:37:53 - INFO - __main__ - [vELECTRA + Bi-LSTM + CRF] epoch 7 step 2950/6750 loss=10.7980
08/11/2026 02:38:12 - INFO - __main__ - [vELECTRA + Bi-LSTM + CRF] epoch 7 step 3000/6750 loss=5.3049
08/11/2026 02:38:32 - INFO - __main__ - [vELECTRA + Bi-LSTM + CRF] epoch 7 step 3050/6750 loss=6.6696
08/11/2026 02:38:53 - INFO - __main__ - [vELECTRA + Bi-LSTM + CRF] epoch 7 step 3100/6750 loss=7.8449
08/11/2026 02:39:13 - INFO - __main__ - [vELECTRA + Bi-LSTM + CRF] epoch 7 step 3150/6750 loss=5.8899
08/11/2026 02:39:33 - INFO - __main__ - [vELECTRA + Bi-LSTM + CRF] epoch 7 step 3200/6750 loss=4.1018
08/11/2026 02:39:52 - INFO - __main__ - [vELECTRA + Bi-LSTM + CRF] epoch 7 step 3250/6750 loss=5.2656
08/11/2026 02:40:12 - INFO - __main__ - [vELECTRA + Bi-LSTM + CRF] epoch 7 step 3300/6750 loss=5.0725
08/11/2026 02:40:32 - INFO - __main__ - [vELECTRA + Bi-LSTM + CRF] epoch 7 step 3350/6750 loss=4.9548
08/11/2026 02:40:52 - INFO - __main__ - [vELECTRA + Bi-LSTM + CRF] epoch 7 step 3400/6750 loss=5.1798
08/11/2026 02:41:12 - INFO - __main__ - [vELECTRA + Bi-LSTM + CRF] epoch 7 step 3450/6750 loss=4.0772
08/11/2026 02:41:31 - INFO - __main__ - [vELECTRA + Bi-LSTM + CRF] epoch 7 step 3500/6750 loss=4.6753
08/11/2026 02:41:51 - INFO - __main__ - [vELECTRA + Bi-LSTM + CRF] epoch 7 step 3550/6750 loss=7.3739
08/11/2026 02:42:10 - INFO - __main__ - [vELECTRA + Bi-LSTM + CRF] epoch 7 step 3600/6750 loss=6.5977
08/11/2026 02:42:30 - INFO - __main__ - [vELECTRA + Bi-LSTM + CRF] epoch 7 step 3650/6750 loss=5.8603
08/11/2026 02:42:49 - INFO - __main__ - [vELECTRA + Bi-LSTM + CRF] epoch 7 step 3700/6750 loss=6.3725
08/11/2026 02:43:09 - INFO - __main__ - [vELECTRA + Bi-LSTM + CRF] epoch 7 step 3750/6750 loss=7.8830
08/11/2026 02:43:30 - INFO - __main__ - [vELECTRA + Bi-LSTM + CRF] epoch 7 step 3800/6750 loss=6.3318
08/11/2026 02:43:50 - INFO - __main__ - [vELECTRA + Bi-LSTM + CRF] epoch 7 step 3850/6750 loss=7.4428
08/11/2026 02:44:09 - INFO - __main__ - [vELECTRA + Bi-LSTM + CRF] epoch 7 step 3900/6750 loss=5.1130
08/11/2026 02:44:29 - INFO - __main__ - [vELECTRA + Bi-LSTM + CRF] epoch 7 step 3950/6750 loss=3.8400
08/11/2026 02:44:49 - INFO - __main__ - [vELECTRA + Bi-LSTM + CRF] epoch 7 step 4000/6750 loss=5.4528
08/11/2026 02:45:09 - INFO - __main__ - [vELECTRA + Bi-LSTM + CRF] epoch 7 step 4050/6750 loss=7.7934
08/11/2026 02:45:29 - INFO - __main__ - [vELECTRA + Bi-LSTM + CRF] epoch 7 step 4100/6750 loss=7.6679
08/11/2026 02:45:49 - INFO - __main__ - [vELECTRA + Bi-LSTM + CRF] epoch 7 step 4150/6750 loss=4.4670
08/11/2026 02:46:09 - INFO - __main__ - [vELECTRA + Bi-LSTM + CRF] epoch 7 step 4200/6750 loss=5.6324
08/11/2026 02:46:29 - INFO - __main__ - [vELECTRA + Bi-LSTM + CRF] epoch 7 step 4250/6750 loss=4.5764
08/11/2026 02:46:49 - INFO - __main__ - [vELECTRA + Bi-LSTM + CRF] epoch 7 step 4300/6750 loss=9.1904
08/11/2026 02:47:08 - INFO - __main__ - [vELECTRA + Bi-LSTM + CRF] epoch 7 step 4350/6750 loss=7.2047
08/11/2026 02:47:28 - INFO - __main__ - [vELECTRA + Bi-LSTM + CRF] epoch 7 step 4400/6750 loss=5.3816
08/11/2026 02:47:48 - INFO - __main__ - [vELECTRA + Bi-LSTM + CRF] epoch 7 step 4450/6750 loss=5.6185
08/11/2026 02:48:08 - INFO - __main__ - [vELECTRA + Bi-LSTM + CRF] epoch 7 step 4500/6750 loss=6.3709
08/11/2026 02:48:27 - INFO - __main__ - [vELECTRA + Bi-LSTM + CRF] epoch 7 step 4550/6750 loss=7.5089
08/11/2026 02:48:48 - INFO - __main__ - [vELECTRA + Bi-LSTM + CRF] epoch 7 step 4600/6750 loss=6.2462
08/11/2026 02:49:08 - INFO - __main__ - [vELECTRA + Bi-LSTM + CRF] epoch 7 step 4650/6750 loss=7.8038
08/11/2026 02:49:28 - INFO - __main__ - [vELECTRA + Bi-LSTM + CRF] epoch 7 step 4700/6750 loss=5.5306
08/11/2026 02:49:49 - INFO - __main__ - [vELECTRA + Bi-LSTM + CRF] epoch 7 step 4750/6750 loss=6.6894
08/11/2026 02:50:09 - INFO - __main__ - [vELECTRA + Bi-LSTM + CRF] epoch 7 step 4800/6750 loss=6.6403
08/11/2026 02:50:29 - INFO - __main__ - [vELECTRA + Bi-LSTM + CRF] epoch 7 step 4850/6750 loss=5.8066
08/11/2026 02:50:49 - INFO - __main__ - [vELECTRA + Bi-LSTM + CRF] epoch 7 step 4900/6750 loss=6.5837
08/11/2026 02:51:09 - INFO - __main__ - [vELECTRA + Bi-LSTM + CRF] epoch 7 step 4950/6750 loss=7.9755
08/11/2026 02:51:29 - INFO - __main__ - [vELECTRA + Bi-LSTM + CRF] epoch 7 step 5000/6750 loss=6.0946
08/11/2026 02:51:49 - INFO - __main__ - [vELECTRA + Bi-LSTM + CRF] epoch 7 step 5050/6750 loss=6.9043
08/11/2026 02:52:09 - INFO - __main__ - [vELECTRA + Bi-LSTM + CRF] epoch 7 step 5100/6750 loss=5.6199
08/11/2026 02:52:29 - INFO - __main__ - [vELECTRA + Bi-LSTM + CRF] epoch 7 step 5150/6750 loss=5.6304
08/11/2026 02:52:49 - INFO - __main__ - [vELECTRA + Bi-LSTM + CRF] epoch 7 step 5200/6750 loss=5.7701
08/11/2026 02:53:09 - INFO - __main__ - [vELECTRA + Bi-LSTM + CRF] epoch 7 step 5250/6750 loss=7.3236
08/11/2026 02:53:29 - INFO - __main__ - [vELECTRA + Bi-LSTM + CRF] epoch 7 step 5300/6750 loss=4.0665
08/11/2026 02:53:48 - INFO - __main__ - [vELECTRA + Bi-LSTM + CRF] epoch 7 step 5350/6750 loss=6.0863
08/11/2026 02:54:09 - INFO - __main__ - [vELECTRA + Bi-LSTM + CRF] epoch 7 step 5400/6750 loss=6.3257
08/11/2026 02:54:28 - INFO - __main__ - [vELECTRA + Bi-LSTM + CRF] epoch 7 step 5450/6750 loss=4.9107
08/11/2026 02:54:48 - INFO - __main__ - [vELECTRA + Bi-LSTM + CRF] epoch 7 step 5500/6750 loss=6.4437
08/11/2026 02:55:08 - INFO - __main__ - [vELECTRA + Bi-LSTM + CRF] epoch 7 step 5550/6750 loss=9.5135
08/11/2026 02:55:28 - INFO - __main__ - [vELECTRA + Bi-LSTM + CRF] epoch 7 step 5600/6750 loss=6.8751
08/11/2026 02:55:48 - INFO - __main__ - [vELECTRA + Bi-LSTM + CRF] epoch 7 step 5650/6750 loss=6.0950
08/11/2026 02:56:08 - INFO - __main__ - [vELECTRA + Bi-LSTM + CRF] epoch 7 step 5700/6750 loss=6.4855
08/11/2026 02:56:28 - INFO - __main__ - [vELECTRA + Bi-LSTM + CRF] epoch 7 step 5750/6750 loss=5.9862
08/11/2026 02:56:47 - INFO - __main__ - [vELECTRA + Bi-LSTM + CRF] epoch 7 step 5800/6750 loss=5.5180
08/11/2026 02:57:08 - INFO - __main__ - [vELECTRA + Bi-LSTM + CRF] epoch 7 step 5850/6750 loss=5.2707
08/11/2026 02:57:29 - INFO - __main__ - [vELECTRA + Bi-LSTM + CRF] epoch 7 step 5900/6750 loss=6.9236
08/11/2026 02:57:50 - INFO - __main__ - [vELECTRA + Bi-LSTM + CRF] epoch 7 step 5950/6750 loss=5.2036
08/11/2026 02:58:10 - INFO - __main__ - [vELECTRA + Bi-LSTM + CRF] epoch 7 step 6000/6750 loss=6.5673
08/11/2026 02:58:30 - INFO - __main__ - [vELECTRA + Bi-LSTM + CRF] epoch 7 step 6050/6750 loss=5.2039
08/11/2026 02:58:50 - INFO - __main__ - [vELECTRA + Bi-LSTM + CRF] epoch 7 step 6100/6750 loss=3.7110
08/11/2026 02:59:10 - INFO - __main__ - [vELECTRA + Bi-LSTM + CRF] epoch 7 step 6150/6750 loss=7.0843
08/11/2026 02:59:31 - INFO - __main__ - [vELECTRA + Bi-LSTM + CRF] epoch 7 step 6200/6750 loss=5.8747
08/11/2026 02:59:51 - INFO - __main__ - [vELECTRA + Bi-LSTM + CRF] epoch 7 step 6250/6750 loss=8.4318
08/11/2026 03:00:12 - INFO - __main__ - [vELECTRA + Bi-LSTM + CRF] epoch 7 step 6300/6750 loss=7.5793
08/11/2026 03:00:32 - INFO - __main__ - [vELECTRA + Bi-LSTM + CRF] epoch 7 step 6350/6750 loss=4.7293
08/11/2026 03:00:52 - INFO - __main__ - [vELECTRA + Bi-LSTM + CRF] epoch 7 step 6400/6750 loss=4.4673
08/11/2026 03:01:13 - INFO - __main__ - [vELECTRA + Bi-LSTM + CRF] epoch 7 step 6450/6750 loss=6.3160
08/11/2026 03:01:33 - INFO - __main__ - [vELECTRA + Bi-LSTM + CRF] epoch 7 step 6500/6750 loss=5.5471
08/11/2026 03:01:53 - INFO - __main__ - [vELECTRA + Bi-LSTM + CRF] epoch 7 step 6550/6750 loss=8.9392
08/11/2026 03:02:13 - INFO - __main__ - [vELECTRA + Bi-LSTM + CRF] epoch 7 step 6600/6750 loss=7.6499
08/11/2026 03:02:34 - INFO - __main__ - [vELECTRA + Bi-LSTM + CRF] epoch 7 step 6650/6750 loss=5.0284
08/11/2026 03:02:54 - INFO - __main__ - [vELECTRA + Bi-LSTM + CRF] epoch 7 step 6700/6750 loss=6.3431
08/11/2026 03:03:14 - INFO - __main__ - [vELECTRA + Bi-LSTM + CRF] epoch 7 step 6750/6750 loss=4.7020
08/11/2026 03:03:14 - INFO - __main__ - [vELECTRA + Bi-LSTM + CRF] Epoch 7 xong sau 2696.5s, avg_loss=5.9886
08/11/2026 03:07:00 - INFO - __main__ - [vELECTRA + Bi-LSTM + CRF] Epoch 7 - Valid macro F1 = 0.5331
              precision    recall  f1-score   support

      PERIOD     0.8345    0.8486    0.8415    140170
       COMMA     0.7286    0.6735    0.7000    162056
       COLON     0.6161    0.5158    0.5615     10825
       QMARK     0.6944    0.6816    0.6880      4884
      EXCLAM     0.4521    0.1256    0.1966      2556
   SEMICOLON     0.3755    0.1466    0.2109      1944

   micro avg     0.7723    0.7370    0.7542    322435
   macro avg     0.6169    0.4986    0.5331    322435
weighted avg     0.7660    0.7370    0.7497    322435

08/11/2026 03:07:03 - INFO - __main__ - -> [vELECTRA + Bi-LSTM + CRF] best checkpoint mới, macro F1 = 0.5331
/root/phopunct/baseline_lstm_crf.py:261: FutureWarning: `torch.cuda.amp.autocast(args...)` is deprecated. Please use `torch.amp.autocast('cuda', args...)` instead.
  with torch.cuda.amp.autocast(enabled=use_amp):
08/11/2026 03:07:24 - INFO - __main__ - [vELECTRA + Bi-LSTM + CRF] epoch 8 step 50/6750 loss=5.8292
08/11/2026 03:07:44 - INFO - __main__ - [vELECTRA + Bi-LSTM + CRF] epoch 8 step 100/6750 loss=4.5729
08/11/2026 03:08:04 - INFO - __main__ - [vELECTRA + Bi-LSTM + CRF] epoch 8 step 150/6750 loss=5.3115
08/11/2026 03:08:25 - INFO - __main__ - [vELECTRA + Bi-LSTM + CRF] epoch 8 step 200/6750 loss=7.1160
08/11/2026 03:08:46 - INFO - __main__ - [vELECTRA + Bi-LSTM + CRF] epoch 8 step 250/6750 loss=4.8528
08/11/2026 03:09:06 - INFO - __main__ - [vELECTRA + Bi-LSTM + CRF] epoch 8 step 300/6750 loss=4.9701
08/11/2026 03:09:28 - INFO - __main__ - [vELECTRA + Bi-LSTM + CRF] epoch 8 step 350/6750 loss=6.6715
08/11/2026 03:09:48 - INFO - __main__ - [vELECTRA + Bi-LSTM + CRF] epoch 8 step 400/6750 loss=4.5237
08/11/2026 03:10:08 - INFO - __main__ - [vELECTRA + Bi-LSTM + CRF] epoch 8 step 450/6750 loss=5.3972
08/11/2026 03:10:28 - INFO - __main__ - [vELECTRA + Bi-LSTM + CRF] epoch 8 step 500/6750 loss=6.0137
08/11/2026 03:10:48 - INFO - __main__ - [vELECTRA + Bi-LSTM + CRF] epoch 8 step 550/6750 loss=6.3023
08/11/2026 03:11:08 - INFO - __main__ - [vELECTRA + Bi-LSTM + CRF] epoch 8 step 600/6750 loss=6.1880
08/11/2026 03:11:27 - INFO - __main__ - [vELECTRA + Bi-LSTM + CRF] epoch 8 step 650/6750 loss=6.9526
08/11/2026 03:11:47 - INFO - __main__ - [vELECTRA + Bi-LSTM + CRF] epoch 8 step 700/6750 loss=4.2675
08/11/2026 03:12:07 - INFO - __main__ - [vELECTRA + Bi-LSTM + CRF] epoch 8 step 750/6750 loss=6.7006
08/11/2026 03:12:27 - INFO - __main__ - [vELECTRA + Bi-LSTM + CRF] epoch 8 step 800/6750 loss=6.1989
08/11/2026 03:12:47 - INFO - __main__ - [vELECTRA + Bi-LSTM + CRF] epoch 8 step 850/6750 loss=5.4850
08/11/2026 03:13:07 - INFO - __main__ - [vELECTRA + Bi-LSTM + CRF] epoch 8 step 900/6750 loss=4.4932
08/11/2026 03:13:27 - INFO - __main__ - [vELECTRA + Bi-LSTM + CRF] epoch 8 step 950/6750 loss=6.4434
08/11/2026 03:13:47 - INFO - __main__ - [vELECTRA + Bi-LSTM + CRF] epoch 8 step 1000/6750 loss=4.6200
08/11/2026 03:14:07 - INFO - __main__ - [vELECTRA + Bi-LSTM + CRF] epoch 8 step 1050/6750 loss=5.4686
08/11/2026 03:14:27 - INFO - __main__ - [vELECTRA + Bi-LSTM + CRF] epoch 8 step 1100/6750 loss=3.6220
08/11/2026 03:14:47 - INFO - __main__ - [vELECTRA + Bi-LSTM + CRF] epoch 8 step 1150/6750 loss=6.0879
08/11/2026 03:15:07 - INFO - __main__ - [vELECTRA + Bi-LSTM + CRF] epoch 8 step 1200/6750 loss=4.1831
08/11/2026 03:15:27 - INFO - __main__ - [vELECTRA + Bi-LSTM + CRF] epoch 8 step 1250/6750 loss=4.3277
08/11/2026 03:15:48 - INFO - __main__ - [vELECTRA + Bi-LSTM + CRF] epoch 8 step 1300/6750 loss=5.9891
08/11/2026 03:16:08 - INFO - __main__ - [vELECTRA + Bi-LSTM + CRF] epoch 8 step 1350/6750 loss=5.1462
08/11/2026 03:16:28 - INFO - __main__ - [vELECTRA + Bi-LSTM + CRF] epoch 8 step 1400/6750 loss=4.4397
08/11/2026 03:16:48 - INFO - __main__ - [vELECTRA + Bi-LSTM + CRF] epoch 8 step 1450/6750 loss=5.0748
08/11/2026 03:17:07 - INFO - __main__ - [vELECTRA + Bi-LSTM + CRF] epoch 8 step 1500/6750 loss=5.0723
08/11/2026 03:17:27 - INFO - __main__ - [vELECTRA + Bi-LSTM + CRF] epoch 8 step 1550/6750 loss=4.9499
08/11/2026 03:17:47 - INFO - __main__ - [vELECTRA + Bi-LSTM + CRF] epoch 8 step 1600/6750 loss=3.5127
08/11/2026 03:18:07 - INFO - __main__ - [vELECTRA + Bi-LSTM + CRF] epoch 8 step 1650/6750 loss=4.4906
08/11/2026 03:18:27 - INFO - __main__ - [vELECTRA + Bi-LSTM + CRF] epoch 8 step 1700/6750 loss=8.2170
08/11/2026 03:18:47 - INFO - __main__ - [vELECTRA + Bi-LSTM + CRF] epoch 8 step 1750/6750 loss=6.2865
08/11/2026 03:19:07 - INFO - __main__ - [vELECTRA + Bi-LSTM + CRF] epoch 8 step 1800/6750 loss=4.4530
08/11/2026 03:19:27 - INFO - __main__ - [vELECTRA + Bi-LSTM + CRF] epoch 8 step 1850/6750 loss=8.0922
08/11/2026 03:19:47 - INFO - __main__ - [vELECTRA + Bi-LSTM + CRF] epoch 8 step 1900/6750 loss=5.1938
08/11/2026 03:20:07 - INFO - __main__ - [vELECTRA + Bi-LSTM + CRF] epoch 8 step 1950/6750 loss=5.0543
08/11/2026 03:20:26 - INFO - __main__ - [vELECTRA + Bi-LSTM + CRF] epoch 8 step 2000/6750 loss=5.0854
08/11/2026 03:20:46 - INFO - __main__ - [vELECTRA + Bi-LSTM + CRF] epoch 8 step 2050/6750 loss=3.4021
08/11/2026 03:21:06 - INFO - __main__ - [vELECTRA + Bi-LSTM + CRF] epoch 8 step 2100/6750 loss=5.4479
08/11/2026 03:21:26 - INFO - __main__ - [vELECTRA + Bi-LSTM + CRF] epoch 8 step 2150/6750 loss=5.1764
08/11/2026 03:21:45 - INFO - __main__ - [vELECTRA + Bi-LSTM + CRF] epoch 8 step 2200/6750 loss=7.7752
08/11/2026 03:22:05 - INFO - __main__ - [vELECTRA + Bi-LSTM + CRF] epoch 8 step 2250/6750 loss=4.3132
08/11/2026 03:22:25 - INFO - __main__ - [vELECTRA + Bi-LSTM + CRF] epoch 8 step 2300/6750 loss=5.3831
08/11/2026 03:22:45 - INFO - __main__ - [vELECTRA + Bi-LSTM + CRF] epoch 8 step 2350/6750 loss=6.5324
08/11/2026 03:23:05 - INFO - __main__ - [vELECTRA + Bi-LSTM + CRF] epoch 8 step 2400/6750 loss=4.8494
08/11/2026 03:23:26 - INFO - __main__ - [vELECTRA + Bi-LSTM + CRF] epoch 8 step 2450/6750 loss=5.9716
08/11/2026 03:23:46 - INFO - __main__ - [vELECTRA + Bi-LSTM + CRF] epoch 8 step 2500/6750 loss=7.1120
08/11/2026 03:24:07 - INFO - __main__ - [vELECTRA + Bi-LSTM + CRF] epoch 8 step 2550/6750 loss=5.1525
08/11/2026 03:24:27 - INFO - __main__ - [vELECTRA + Bi-LSTM + CRF] epoch 8 step 2600/6750 loss=7.4411
08/11/2026 03:24:47 - INFO - __main__ - [vELECTRA + Bi-LSTM + CRF] epoch 8 step 2650/6750 loss=5.9646
08/11/2026 03:25:07 - INFO - __main__ - [vELECTRA + Bi-LSTM + CRF] epoch 8 step 2700/6750 loss=5.0461
08/11/2026 03:25:28 - INFO - __main__ - [vELECTRA + Bi-LSTM + CRF] epoch 8 step 2750/6750 loss=4.1791
08/11/2026 03:25:49 - INFO - __main__ - [vELECTRA + Bi-LSTM + CRF] epoch 8 step 2800/6750 loss=6.9786
08/11/2026 03:26:09 - INFO - __main__ - [vELECTRA + Bi-LSTM + CRF] epoch 8 step 2850/6750 loss=5.2211
08/11/2026 03:26:30 - INFO - __main__ - [vELECTRA + Bi-LSTM + CRF] epoch 8 step 2900/6750 loss=4.1572
08/11/2026 03:26:51 - INFO - __main__ - [vELECTRA + Bi-LSTM + CRF] epoch 8 step 2950/6750 loss=6.1323
08/11/2026 03:27:11 - INFO - __main__ - [vELECTRA + Bi-LSTM + CRF] epoch 8 step 3000/6750 loss=5.5030
08/11/2026 03:27:31 - INFO - __main__ - [vELECTRA + Bi-LSTM + CRF] epoch 8 step 3050/6750 loss=6.8877
08/11/2026 03:27:51 - INFO - __main__ - [vELECTRA + Bi-LSTM + CRF] epoch 8 step 3100/6750 loss=5.8191
08/11/2026 03:28:12 - INFO - __main__ - [vELECTRA + Bi-LSTM + CRF] epoch 8 step 3150/6750 loss=4.8404
08/11/2026 03:28:32 - INFO - __main__ - [vELECTRA + Bi-LSTM + CRF] epoch 8 step 3200/6750 loss=7.2154
08/11/2026 03:28:52 - INFO - __main__ - [vELECTRA + Bi-LSTM + CRF] epoch 8 step 3250/6750 loss=5.5486
08/11/2026 03:29:13 - INFO - __main__ - [vELECTRA + Bi-LSTM + CRF] epoch 8 step 3300/6750 loss=3.8826
08/11/2026 03:29:33 - INFO - __main__ - [vELECTRA + Bi-LSTM + CRF] epoch 8 step 3350/6750 loss=4.8187
08/11/2026 03:29:53 - INFO - __main__ - [vELECTRA + Bi-LSTM + CRF] epoch 8 step 3400/6750 loss=6.4078
08/11/2026 03:30:13 - INFO - __main__ - [vELECTRA + Bi-LSTM + CRF] epoch 8 step 3450/6750 loss=4.8148
08/11/2026 03:30:34 - INFO - __main__ - [vELECTRA + Bi-LSTM + CRF] epoch 8 step 3500/6750 loss=3.4267
08/11/2026 03:30:54 - INFO - __main__ - [vELECTRA + Bi-LSTM + CRF] epoch 8 step 3550/6750 loss=4.4606
08/11/2026 03:31:14 - INFO - __main__ - [vELECTRA + Bi-LSTM + CRF] epoch 8 step 3600/6750 loss=5.0710
08/11/2026 03:31:35 - INFO - __main__ - [vELECTRA + Bi-LSTM + CRF] epoch 8 step 3650/6750 loss=4.9751
08/11/2026 03:31:56 - INFO - __main__ - [vELECTRA + Bi-LSTM + CRF] epoch 8 step 3700/6750 loss=4.6745
08/11/2026 03:32:16 - INFO - __main__ - [vELECTRA + Bi-LSTM + CRF] epoch 8 step 3750/6750 loss=6.6816
08/11/2026 03:32:37 - INFO - __main__ - [vELECTRA + Bi-LSTM + CRF] epoch 8 step 3800/6750 loss=6.5755
08/11/2026 03:32:57 - INFO - __main__ - [vELECTRA + Bi-LSTM + CRF] epoch 8 step 3850/6750 loss=6.7656
08/11/2026 03:33:17 - INFO - __main__ - [vELECTRA + Bi-LSTM + CRF] epoch 8 step 3900/6750 loss=4.1591
08/11/2026 03:33:37 - INFO - __main__ - [vELECTRA + Bi-LSTM + CRF] epoch 8 step 3950/6750 loss=6.1446
08/11/2026 03:33:57 - INFO - __main__ - [vELECTRA + Bi-LSTM + CRF] epoch 8 step 4000/6750 loss=6.9322
08/11/2026 03:34:17 - INFO - __main__ - [vELECTRA + Bi-LSTM + CRF] epoch 8 step 4050/6750 loss=10.6657
08/11/2026 03:34:37 - INFO - __main__ - [vELECTRA + Bi-LSTM + CRF] epoch 8 step 4100/6750 loss=5.5723
08/11/2026 03:34:57 - INFO - __main__ - [vELECTRA + Bi-LSTM + CRF] epoch 8 step 4150/6750 loss=6.0289
08/11/2026 03:35:17 - INFO - __main__ - [vELECTRA + Bi-LSTM + CRF] epoch 8 step 4200/6750 loss=4.3143
08/11/2026 03:35:37 - INFO - __main__ - [vELECTRA + Bi-LSTM + CRF] epoch 8 step 4250/6750 loss=7.0087
08/11/2026 03:35:57 - INFO - __main__ - [vELECTRA + Bi-LSTM + CRF] epoch 8 step 4300/6750 loss=6.7282
08/11/2026 03:36:17 - INFO - __main__ - [vELECTRA + Bi-LSTM + CRF] epoch 8 step 4350/6750 loss=6.9557
08/11/2026 03:36:37 - INFO - __main__ - [vELECTRA + Bi-LSTM + CRF] epoch 8 step 4400/6750 loss=7.7931
08/11/2026 03:36:56 - INFO - __main__ - [vELECTRA + Bi-LSTM + CRF] epoch 8 step 4450/6750 loss=4.9284
08/11/2026 03:37:16 - INFO - __main__ - [vELECTRA + Bi-LSTM + CRF] epoch 8 step 4500/6750 loss=4.7282
08/11/2026 03:37:36 - INFO - __main__ - [vELECTRA + Bi-LSTM + CRF] epoch 8 step 4550/6750 loss=5.5051
08/11/2026 03:37:56 - INFO - __main__ - [vELECTRA + Bi-LSTM + CRF] epoch 8 step 4600/6750 loss=6.6993
08/11/2026 03:38:16 - INFO - __main__ - [vELECTRA + Bi-LSTM + CRF] epoch 8 step 4650/6750 loss=8.5581
08/11/2026 03:38:35 - INFO - __main__ - [vELECTRA + Bi-LSTM + CRF] epoch 8 step 4700/6750 loss=6.0170
08/11/2026 03:38:55 - INFO - __main__ - [vELECTRA + Bi-LSTM + CRF] epoch 8 step 4750/6750 loss=5.9913
08/11/2026 03:39:14 - INFO - __main__ - [vELECTRA + Bi-LSTM + CRF] epoch 8 step 4800/6750 loss=6.8993
08/11/2026 03:39:34 - INFO - __main__ - [vELECTRA + Bi-LSTM + CRF] epoch 8 step 4850/6750 loss=4.5674
08/11/2026 03:39:53 - INFO - __main__ - [vELECTRA + Bi-LSTM + CRF] epoch 8 step 4900/6750 loss=5.4237
08/11/2026 03:40:13 - INFO - __main__ - [vELECTRA + Bi-LSTM + CRF] epoch 8 step 4950/6750 loss=6.5428
08/11/2026 03:40:32 - INFO - __main__ - [vELECTRA + Bi-LSTM + CRF] epoch 8 step 5000/6750 loss=4.4488
08/11/2026 03:40:52 - INFO - __main__ - [vELECTRA + Bi-LSTM + CRF] epoch 8 step 5050/6750 loss=3.7557
08/11/2026 03:41:12 - INFO - __main__ - [vELECTRA + Bi-LSTM + CRF] epoch 8 step 5100/6750 loss=4.1704
08/11/2026 03:41:32 - INFO - __main__ - [vELECTRA + Bi-LSTM + CRF] epoch 8 step 5150/6750 loss=6.9569
08/11/2026 03:41:52 - INFO - __main__ - [vELECTRA + Bi-LSTM + CRF] epoch 8 step 5200/6750 loss=6.6624
08/11/2026 03:42:12 - INFO - __main__ - [vELECTRA + Bi-LSTM + CRF] epoch 8 step 5250/6750 loss=4.9321
08/11/2026 03:42:32 - INFO - __main__ - [vELECTRA + Bi-LSTM + CRF] epoch 8 step 5300/6750 loss=5.9757
08/11/2026 03:42:52 - INFO - __main__ - [vELECTRA + Bi-LSTM + CRF] epoch 8 step 5350/6750 loss=5.2999
08/11/2026 03:43:13 - INFO - __main__ - [vELECTRA + Bi-LSTM + CRF] epoch 8 step 5400/6750 loss=5.2413
08/11/2026 03:43:32 - INFO - __main__ - [vELECTRA + Bi-LSTM + CRF] epoch 8 step 5450/6750 loss=3.8630
08/11/2026 03:43:53 - INFO - __main__ - [vELECTRA + Bi-LSTM + CRF] epoch 8 step 5500/6750 loss=4.4050
08/11/2026 03:44:13 - INFO - __main__ - [vELECTRA + Bi-LSTM + CRF] epoch 8 step 5550/6750 loss=5.8885
08/11/2026 03:44:33 - INFO - __main__ - [vELECTRA + Bi-LSTM + CRF] epoch 8 step 5600/6750 loss=5.1958
08/11/2026 03:44:53 - INFO - __main__ - [vELECTRA + Bi-LSTM + CRF] epoch 8 step 5650/6750 loss=5.3702
08/11/2026 03:45:14 - INFO - __main__ - [vELECTRA + Bi-LSTM + CRF] epoch 8 step 5700/6750 loss=5.9171
08/11/2026 03:45:33 - INFO - __main__ - [vELECTRA + Bi-LSTM + CRF] epoch 8 step 5750/6750 loss=3.7492
08/11/2026 03:45:53 - INFO - __main__ - [vELECTRA + Bi-LSTM + CRF] epoch 8 step 5800/6750 loss=5.5046
08/11/2026 03:46:13 - INFO - __main__ - [vELECTRA + Bi-LSTM + CRF] epoch 8 step 5850/6750 loss=4.2416
08/11/2026 03:46:33 - INFO - __main__ - [vELECTRA + Bi-LSTM + CRF] epoch 8 step 5900/6750 loss=5.9963
08/11/2026 03:46:53 - INFO - __main__ - [vELECTRA + Bi-LSTM + CRF] epoch 8 step 5950/6750 loss=8.0043
08/11/2026 03:47:13 - INFO - __main__ - [vELECTRA + Bi-LSTM + CRF] epoch 8 step 6000/6750 loss=4.9536
08/11/2026 03:47:33 - INFO - __main__ - [vELECTRA + Bi-LSTM + CRF] epoch 8 step 6050/6750 loss=4.1126
08/11/2026 03:47:52 - INFO - __main__ - [vELECTRA + Bi-LSTM + CRF] epoch 8 step 6100/6750 loss=4.9028
08/11/2026 03:48:12 - INFO - __main__ - [vELECTRA + Bi-LSTM + CRF] epoch 8 step 6150/6750 loss=11.1531
08/11/2026 03:48:31 - INFO - __main__ - [vELECTRA + Bi-LSTM + CRF] epoch 8 step 6200/6750 loss=5.4431
08/11/2026 03:48:50 - INFO - __main__ - [vELECTRA + Bi-LSTM + CRF] epoch 8 step 6250/6750 loss=6.5728
08/11/2026 03:49:09 - INFO - __main__ - [vELECTRA + Bi-LSTM + CRF] epoch 8 step 6300/6750 loss=4.6731
08/11/2026 03:49:29 - INFO - __main__ - [vELECTRA + Bi-LSTM + CRF] epoch 8 step 6350/6750 loss=4.5735
08/11/2026 03:49:48 - INFO - __main__ - [vELECTRA + Bi-LSTM + CRF] epoch 8 step 6400/6750 loss=3.5153
08/11/2026 03:50:07 - INFO - __main__ - [vELECTRA + Bi-LSTM + CRF] epoch 8 step 6450/6750 loss=5.1585
08/11/2026 03:50:27 - INFO - __main__ - [vELECTRA + Bi-LSTM + CRF] epoch 8 step 6500/6750 loss=5.3744
08/11/2026 03:50:46 - INFO - __main__ - [vELECTRA + Bi-LSTM + CRF] epoch 8 step 6550/6750 loss=3.9813
08/11/2026 03:51:06 - INFO - __main__ - [vELECTRA + Bi-LSTM + CRF] epoch 8 step 6600/6750 loss=6.4339
08/11/2026 03:51:25 - INFO - __main__ - [vELECTRA + Bi-LSTM + CRF] epoch 8 step 6650/6750 loss=5.2687
08/11/2026 03:51:45 - INFO - __main__ - [vELECTRA + Bi-LSTM + CRF] epoch 8 step 6700/6750 loss=5.9049
08/11/2026 03:52:04 - INFO - __main__ - [vELECTRA + Bi-LSTM + CRF] epoch 8 step 6750/6750 loss=4.9958
08/11/2026 03:52:04 - INFO - __main__ - [vELECTRA + Bi-LSTM + CRF] Epoch 8 xong sau 2701.0s, avg_loss=5.5980
08/11/2026 03:55:48 - INFO - __main__ - [vELECTRA + Bi-LSTM + CRF] Epoch 8 - Valid macro F1 = 0.5345
              precision    recall  f1-score   support

      PERIOD     0.8361    0.8465    0.8413    140170
       COMMA     0.7201    0.6817    0.7004    162056
       COLON     0.6162    0.5182    0.5629     10825
       QMARK     0.7108    0.6744    0.6922      4884
      EXCLAM     0.4681    0.1264    0.1990      2556
   SEMICOLON     0.3775    0.1466    0.2112      1944

   micro avg     0.7685    0.7401    0.7541    322435
   macro avg     0.6215    0.4990    0.5345    322435
weighted avg     0.7628    0.7401    0.7500    322435

08/11/2026 03:55:51 - INFO - __main__ - -> [vELECTRA + Bi-LSTM + CRF] best checkpoint mới, macro F1 = 0.5345
08/11/2026 03:55:51 - INFO - __main__ - [vELECTRA + Bi-LSTM + CRF] Train xong. Best macro F1 = 0.5345. Checkpoint tại /root/phopunct/outputs/velectra_bilstm_news
