08/11/2026 12:25:49 - INFO - __main__ - === XLM-R + CRF | backbone=xlm-roberta-base ===
08/11/2026 12:25:49 - INFO - __main__ - {
  "model_key": "xlmr",
  "use_bilstm": false,
  "data_dir": "/root/phopunct/data/punctuation/News",
  "output_dir": "/root/phopunct/outputs/xlmr_news",
  "max_seq_length": 256,
  "lstm_hidden_size": 128,
  "train_batch_size": 16,
  "eval_batch_size": 32,
  "num_train_epochs": 8.0,
  "learning_rate": 2e-05,
  "warmup_ratio": 0.06,
  "max_grad_norm": 1.0,
  "seed": 42,
  "device": "cuda",
  "fp16": true,
  "max_train_examples": null,
  "max_eval_examples": null,
  "logging_steps": 50
}
08/11/2026 12:25:49 - INFO - httpx - HTTP Request: HEAD https://huggingface.co/xlm-roberta-base/resolve/main/config.json "HTTP/1.1 200 OK"
08/11/2026 12:25:49 - INFO - httpx - HTTP Request: HEAD https://huggingface.co/xlm-roberta-base/resolve/main/tokenizer_config.json "HTTP/1.1 200 OK"
Warning: You are sending unauthenticated requests to the HF Hub. Please set a HF_TOKEN to enable higher rate limits and faster downloads.
08/11/2026 12:25:49 - WARNING - huggingface_hub.utils._http - Warning: You are sending unauthenticated requests to the HF Hub. Please set a HF_TOKEN to enable higher rate limits and faster downloads.
08/11/2026 12:25:50 - INFO - httpx - HTTP Request: GET https://huggingface.co/api/models/xlm-roberta-base/tree/main/additional_chat_templates?recursive=false&expand=false "HTTP/1.1 307 Temporary Redirect"
08/11/2026 12:25:50 - INFO - httpx - HTTP Request: GET https://huggingface.co/api/models/FacebookAI/xlm-roberta-base/tree/main/additional_chat_templates?recursive=false&expand=false "HTTP/1.1 404 Not Found"
08/11/2026 12:25:50 - INFO - httpx - HTTP Request: GET https://huggingface.co/api/models/xlm-roberta-base/tree/main?recursive=true&expand=false "HTTP/1.1 307 Temporary Redirect"
08/11/2026 12:25:51 - INFO - httpx - HTTP Request: GET https://huggingface.co/api/models/FacebookAI/xlm-roberta-base/tree/main?recursive=true&expand=false "HTTP/1.1 200 OK"
08/11/2026 12:25:53 - INFO - httpx - HTTP Request: GET https://huggingface.co/api/models/xlm-roberta-base "HTTP/1.1 307 Temporary Redirect"
08/11/2026 12:25:53 - INFO - httpx - HTTP Request: GET https://huggingface.co/api/models/FacebookAI/xlm-roberta-base "HTTP/1.1 200 OK"
08/11/2026 12:25:53 - INFO - __main__ - Đang nạp dữ liệu train...
08/11/2026 12:27:32 - INFO - punc_dataset_word - convert_examples_to_features: 108000 examples -> 108000 features (0 rỗng bị bỏ, 7 bị truncate)
08/11/2026 12:27:41 - INFO - __main__ - Đang nạp dữ liệu valid...
08/11/2026 12:28:14 - INFO - punc_dataset_word - convert_examples_to_features: 36191 examples -> 36191 features (0 rỗng bị bỏ, 1 bị truncate)
08/11/2026 12:28:17 - INFO - __main__ - Train: 108000 features | Valid: 36191 features
08/11/2026 12:28:17 - INFO - httpx - HTTP Request: HEAD https://huggingface.co/xlm-roberta-base/resolve/main/config.json "HTTP/1.1 200 OK"
Loading weights:   0%|          | 0/199 [00:00<?, ?it/s]Loading weights: 100%|██████████| 199/199 [00:00<00:00, 4432.71it/s]
[transformers] [1mXLMRobertaModel LOAD REPORT[0m from: xlm-roberta-base
Key                       | Status     |  | 
--------------------------+------------+--+-
lm_head.dense.weight      | UNEXPECTED |  | 
lm_head.dense.bias        | UNEXPECTED |  | 
lm_head.bias              | UNEXPECTED |  | 
lm_head.layer_norm.weight | UNEXPECTED |  | 
lm_head.layer_norm.bias   | UNEXPECTED |  | 

Notes:
- UNEXPECTED:	can be ignored when loading from different task/architecture; not ok if you expect identical arch.
/root/phopunct/baseline_lstm_crf.py:247: FutureWarning: `torch.cuda.amp.GradScaler(args...)` is deprecated. Please use `torch.amp.GradScaler('cuda', args...)` instead.
  scaler = torch.cuda.amp.GradScaler(enabled=use_amp)
/root/phopunct/baseline_lstm_crf.py:261: FutureWarning: `torch.cuda.amp.autocast(args...)` is deprecated. Please use `torch.amp.autocast('cuda', args...)` instead.
  with torch.cuda.amp.autocast(enabled=use_amp):
/root/phopunct/baseline_lstm_crf.py:274: UserWarning: Detected call of `lr_scheduler.step()` before `optimizer.step()`. In PyTorch 1.1.0 and later, you should call them in the opposite order: `optimizer.step()` before `lr_scheduler.step()`.  Failure to do this will result in PyTorch skipping the first value of the learning rate schedule. See more details at https://pytorch.org/docs/stable/optim.html#how-to-adjust-learning-rate
  scheduler.step()
08/11/2026 12:28:38 - INFO - __main__ - [XLM-R + CRF] epoch 1 step 50/6750 loss=224.3806
08/11/2026 12:28:59 - INFO - __main__ - [XLM-R + CRF] epoch 1 step 100/6750 loss=186.3791
08/11/2026 12:29:20 - INFO - __main__ - [XLM-R + CRF] epoch 1 step 150/6750 loss=107.3959
08/11/2026 12:29:41 - INFO - __main__ - [XLM-R + CRF] epoch 1 step 200/6750 loss=45.8845
08/11/2026 12:30:02 - INFO - __main__ - [XLM-R + CRF] epoch 1 step 250/6750 loss=39.4811
08/11/2026 12:30:23 - INFO - __main__ - [XLM-R + CRF] epoch 1 step 300/6750 loss=33.4258
08/11/2026 12:30:44 - INFO - __main__ - [XLM-R + CRF] epoch 1 step 350/6750 loss=26.2668
08/11/2026 12:31:05 - INFO - __main__ - [XLM-R + CRF] epoch 1 step 400/6750 loss=25.4420
08/11/2026 12:31:26 - INFO - __main__ - [XLM-R + CRF] epoch 1 step 450/6750 loss=24.0986
08/11/2026 12:31:48 - INFO - __main__ - [XLM-R + CRF] epoch 1 step 500/6750 loss=26.1033
08/11/2026 12:32:09 - INFO - __main__ - [XLM-R + CRF] epoch 1 step 550/6750 loss=18.9731
08/11/2026 12:32:29 - INFO - __main__ - [XLM-R + CRF] epoch 1 step 600/6750 loss=22.7692
08/11/2026 12:32:50 - INFO - __main__ - [XLM-R + CRF] epoch 1 step 650/6750 loss=14.3810
08/11/2026 12:33:11 - INFO - __main__ - [XLM-R + CRF] epoch 1 step 700/6750 loss=18.5191
08/11/2026 12:33:32 - INFO - __main__ - [XLM-R + CRF] epoch 1 step 750/6750 loss=17.8348
08/11/2026 12:33:52 - INFO - __main__ - [XLM-R + CRF] epoch 1 step 800/6750 loss=13.3378
08/11/2026 12:34:13 - INFO - __main__ - [XLM-R + CRF] epoch 1 step 850/6750 loss=17.0955
08/11/2026 12:34:34 - INFO - __main__ - [XLM-R + CRF] epoch 1 step 900/6750 loss=18.4194
08/11/2026 12:34:55 - INFO - __main__ - [XLM-R + CRF] epoch 1 step 950/6750 loss=16.4470
08/11/2026 12:35:16 - INFO - __main__ - [XLM-R + CRF] epoch 1 step 1000/6750 loss=16.1552
08/11/2026 12:35:37 - INFO - __main__ - [XLM-R + CRF] epoch 1 step 1050/6750 loss=22.2497
08/11/2026 12:35:58 - INFO - __main__ - [XLM-R + CRF] epoch 1 step 1100/6750 loss=11.9961
08/11/2026 12:36:19 - INFO - __main__ - [XLM-R + CRF] epoch 1 step 1150/6750 loss=18.4701
08/11/2026 12:36:40 - INFO - __main__ - [XLM-R + CRF] epoch 1 step 1200/6750 loss=14.3248
08/11/2026 12:37:00 - INFO - __main__ - [XLM-R + CRF] epoch 1 step 1250/6750 loss=14.5002
08/11/2026 12:37:21 - INFO - __main__ - [XLM-R + CRF] epoch 1 step 1300/6750 loss=13.9334
08/11/2026 12:37:41 - INFO - __main__ - [XLM-R + CRF] epoch 1 step 1350/6750 loss=12.4954
08/11/2026 12:38:02 - INFO - __main__ - [XLM-R + CRF] epoch 1 step 1400/6750 loss=13.9762
08/11/2026 12:38:22 - INFO - __main__ - [XLM-R + CRF] epoch 1 step 1450/6750 loss=12.5997
08/11/2026 12:38:43 - INFO - __main__ - [XLM-R + CRF] epoch 1 step 1500/6750 loss=11.5389
08/11/2026 12:39:04 - INFO - __main__ - [XLM-R + CRF] epoch 1 step 1550/6750 loss=15.7689
08/11/2026 12:39:25 - INFO - __main__ - [XLM-R + CRF] epoch 1 step 1600/6750 loss=10.2819
08/11/2026 12:39:45 - INFO - __main__ - [XLM-R + CRF] epoch 1 step 1650/6750 loss=15.2067
08/11/2026 12:40:06 - INFO - __main__ - [XLM-R + CRF] epoch 1 step 1700/6750 loss=12.3025
08/11/2026 12:40:27 - INFO - __main__ - [XLM-R + CRF] epoch 1 step 1750/6750 loss=13.9466
08/11/2026 12:40:48 - INFO - __main__ - [XLM-R + CRF] epoch 1 step 1800/6750 loss=12.8792
08/11/2026 12:41:10 - INFO - __main__ - [XLM-R + CRF] epoch 1 step 1850/6750 loss=13.4703
08/11/2026 12:41:30 - INFO - __main__ - [XLM-R + CRF] epoch 1 step 1900/6750 loss=12.4581
08/11/2026 12:41:51 - INFO - __main__ - [XLM-R + CRF] epoch 1 step 1950/6750 loss=14.2426
08/11/2026 12:42:12 - INFO - __main__ - [XLM-R + CRF] epoch 1 step 2000/6750 loss=14.6774
08/11/2026 12:42:33 - INFO - __main__ - [XLM-R + CRF] epoch 1 step 2050/6750 loss=10.7982
08/11/2026 12:42:54 - INFO - __main__ - [XLM-R + CRF] epoch 1 step 2100/6750 loss=15.1545
08/11/2026 12:43:16 - INFO - __main__ - [XLM-R + CRF] epoch 1 step 2150/6750 loss=13.3188
08/11/2026 12:43:36 - INFO - __main__ - [XLM-R + CRF] epoch 1 step 2200/6750 loss=12.5079
08/11/2026 12:43:57 - INFO - __main__ - [XLM-R + CRF] epoch 1 step 2250/6750 loss=10.4446
08/11/2026 12:44:18 - INFO - __main__ - [XLM-R + CRF] epoch 1 step 2300/6750 loss=14.0386
08/11/2026 12:44:39 - INFO - __main__ - [XLM-R + CRF] epoch 1 step 2350/6750 loss=14.3373
08/11/2026 12:45:00 - INFO - __main__ - [XLM-R + CRF] epoch 1 step 2400/6750 loss=10.0328
08/11/2026 12:45:21 - INFO - __main__ - [XLM-R + CRF] epoch 1 step 2450/6750 loss=11.1149
08/11/2026 12:45:42 - INFO - __main__ - [XLM-R + CRF] epoch 1 step 2500/6750 loss=11.1103
08/11/2026 12:46:03 - INFO - __main__ - [XLM-R + CRF] epoch 1 step 2550/6750 loss=11.2565
08/11/2026 12:46:24 - INFO - __main__ - [XLM-R + CRF] epoch 1 step 2600/6750 loss=13.4938
08/11/2026 12:46:45 - INFO - __main__ - [XLM-R + CRF] epoch 1 step 2650/6750 loss=12.8452
08/11/2026 12:47:06 - INFO - __main__ - [XLM-R + CRF] epoch 1 step 2700/6750 loss=12.5154
08/11/2026 12:47:28 - INFO - __main__ - [XLM-R + CRF] epoch 1 step 2750/6750 loss=11.9463
08/11/2026 12:47:49 - INFO - __main__ - [XLM-R + CRF] epoch 1 step 2800/6750 loss=14.6774
08/11/2026 12:48:11 - INFO - __main__ - [XLM-R + CRF] epoch 1 step 2850/6750 loss=13.3072
08/11/2026 12:48:32 - INFO - __main__ - [XLM-R + CRF] epoch 1 step 2900/6750 loss=10.4330
08/11/2026 12:48:54 - INFO - __main__ - [XLM-R + CRF] epoch 1 step 2950/6750 loss=14.9811
08/11/2026 12:49:16 - INFO - __main__ - [XLM-R + CRF] epoch 1 step 3000/6750 loss=8.2258
08/11/2026 12:49:37 - INFO - __main__ - [XLM-R + CRF] epoch 1 step 3050/6750 loss=9.2122
08/11/2026 12:49:59 - INFO - __main__ - [XLM-R + CRF] epoch 1 step 3100/6750 loss=11.4857
08/11/2026 12:50:20 - INFO - __main__ - [XLM-R + CRF] epoch 1 step 3150/6750 loss=10.2549
08/11/2026 12:50:42 - INFO - __main__ - [XLM-R + CRF] epoch 1 step 3200/6750 loss=12.5373
08/11/2026 12:51:03 - INFO - __main__ - [XLM-R + CRF] epoch 1 step 3250/6750 loss=9.1436
08/11/2026 12:51:25 - INFO - __main__ - [XLM-R + CRF] epoch 1 step 3300/6750 loss=10.5618
08/11/2026 12:51:45 - INFO - __main__ - [XLM-R + CRF] epoch 1 step 3350/6750 loss=11.1269
08/11/2026 12:52:07 - INFO - __main__ - [XLM-R + CRF] epoch 1 step 3400/6750 loss=10.7543
08/11/2026 12:52:27 - INFO - __main__ - [XLM-R + CRF] epoch 1 step 3450/6750 loss=9.5605
08/11/2026 12:52:48 - INFO - __main__ - [XLM-R + CRF] epoch 1 step 3500/6750 loss=10.2315
08/11/2026 12:53:09 - INFO - __main__ - [XLM-R + CRF] epoch 1 step 3550/6750 loss=10.8768
08/11/2026 12:53:31 - INFO - __main__ - [XLM-R + CRF] epoch 1 step 3600/6750 loss=11.3447
08/11/2026 12:53:52 - INFO - __main__ - [XLM-R + CRF] epoch 1 step 3650/6750 loss=9.9028
08/11/2026 12:54:13 - INFO - __main__ - [XLM-R + CRF] epoch 1 step 3700/6750 loss=10.4578
08/11/2026 12:54:35 - INFO - __main__ - [XLM-R + CRF] epoch 1 step 3750/6750 loss=11.0541
08/11/2026 12:54:57 - INFO - __main__ - [XLM-R + CRF] epoch 1 step 3800/6750 loss=13.8030
08/11/2026 12:55:18 - INFO - __main__ - [XLM-R + CRF] epoch 1 step 3850/6750 loss=9.7152
08/11/2026 12:55:39 - INFO - __main__ - [XLM-R + CRF] epoch 1 step 3900/6750 loss=10.6896
08/11/2026 12:56:00 - INFO - __main__ - [XLM-R + CRF] epoch 1 step 3950/6750 loss=10.7924
08/11/2026 12:56:21 - INFO - __main__ - [XLM-R + CRF] epoch 1 step 4000/6750 loss=14.0394
08/11/2026 12:56:42 - INFO - __main__ - [XLM-R + CRF] epoch 1 step 4050/6750 loss=13.2623
08/11/2026 12:57:03 - INFO - __main__ - [XLM-R + CRF] epoch 1 step 4100/6750 loss=11.6285
08/11/2026 12:57:25 - INFO - __main__ - [XLM-R + CRF] epoch 1 step 4150/6750 loss=10.9560
08/11/2026 12:57:46 - INFO - __main__ - [XLM-R + CRF] epoch 1 step 4200/6750 loss=10.2393
08/11/2026 12:58:08 - INFO - __main__ - [XLM-R + CRF] epoch 1 step 4250/6750 loss=10.1122
08/11/2026 12:58:29 - INFO - __main__ - [XLM-R + CRF] epoch 1 step 4300/6750 loss=11.8991
08/11/2026 12:58:51 - INFO - __main__ - [XLM-R + CRF] epoch 1 step 4350/6750 loss=12.9288
08/11/2026 12:59:12 - INFO - __main__ - [XLM-R + CRF] epoch 1 step 4400/6750 loss=9.7154
08/11/2026 12:59:33 - INFO - __main__ - [XLM-R + CRF] epoch 1 step 4450/6750 loss=10.8629
08/11/2026 12:59:55 - INFO - __main__ - [XLM-R + CRF] epoch 1 step 4500/6750 loss=12.3286
08/11/2026 13:00:17 - INFO - __main__ - [XLM-R + CRF] epoch 1 step 4550/6750 loss=9.0941
08/11/2026 13:00:39 - INFO - __main__ - [XLM-R + CRF] epoch 1 step 4600/6750 loss=13.1002
08/11/2026 13:01:01 - INFO - __main__ - [XLM-R + CRF] epoch 1 step 4650/6750 loss=7.1343
08/11/2026 13:01:23 - INFO - __main__ - [XLM-R + CRF] epoch 1 step 4700/6750 loss=9.5118
08/11/2026 13:01:45 - INFO - __main__ - [XLM-R + CRF] epoch 1 step 4750/6750 loss=10.1578
08/11/2026 13:02:07 - INFO - __main__ - [XLM-R + CRF] epoch 1 step 4800/6750 loss=11.2424
08/11/2026 13:02:29 - INFO - __main__ - [XLM-R + CRF] epoch 1 step 4850/6750 loss=14.2195
08/11/2026 13:02:52 - INFO - __main__ - [XLM-R + CRF] epoch 1 step 4900/6750 loss=9.8850
08/11/2026 13:03:13 - INFO - __main__ - [XLM-R + CRF] epoch 1 step 4950/6750 loss=8.1044
08/11/2026 13:03:35 - INFO - __main__ - [XLM-R + CRF] epoch 1 step 5000/6750 loss=8.5258
08/11/2026 13:03:56 - INFO - __main__ - [XLM-R + CRF] epoch 1 step 5050/6750 loss=11.4204
08/11/2026 13:04:17 - INFO - __main__ - [XLM-R + CRF] epoch 1 step 5100/6750 loss=8.7264
08/11/2026 13:04:38 - INFO - __main__ - [XLM-R + CRF] epoch 1 step 5150/6750 loss=10.3113
08/11/2026 13:05:00 - INFO - __main__ - [XLM-R + CRF] epoch 1 step 5200/6750 loss=9.1530
08/11/2026 13:05:22 - INFO - __main__ - [XLM-R + CRF] epoch 1 step 5250/6750 loss=9.6510
08/11/2026 13:05:44 - INFO - __main__ - [XLM-R + CRF] epoch 1 step 5300/6750 loss=12.6432
08/11/2026 13:06:06 - INFO - __main__ - [XLM-R + CRF] epoch 1 step 5350/6750 loss=9.0188
08/11/2026 13:06:27 - INFO - __main__ - [XLM-R + CRF] epoch 1 step 5400/6750 loss=12.0773
08/11/2026 13:06:49 - INFO - __main__ - [XLM-R + CRF] epoch 1 step 5450/6750 loss=10.4558
08/11/2026 13:07:10 - INFO - __main__ - [XLM-R + CRF] epoch 1 step 5500/6750 loss=9.2464
08/11/2026 13:07:32 - INFO - __main__ - [XLM-R + CRF] epoch 1 step 5550/6750 loss=10.5668
08/11/2026 13:07:53 - INFO - __main__ - [XLM-R + CRF] epoch 1 step 5600/6750 loss=11.8430
08/11/2026 13:08:15 - INFO - __main__ - [XLM-R + CRF] epoch 1 step 5650/6750 loss=9.4538
08/11/2026 13:08:37 - INFO - __main__ - [XLM-R + CRF] epoch 1 step 5700/6750 loss=9.4938
08/11/2026 13:08:58 - INFO - __main__ - [XLM-R + CRF] epoch 1 step 5750/6750 loss=8.9616
08/11/2026 13:09:18 - INFO - __main__ - [XLM-R + CRF] epoch 1 step 5800/6750 loss=10.3523
08/11/2026 13:09:40 - INFO - __main__ - [XLM-R + CRF] epoch 1 step 5850/6750 loss=10.0383
08/11/2026 13:10:00 - INFO - __main__ - [XLM-R + CRF] epoch 1 step 5900/6750 loss=11.3569
08/11/2026 13:10:21 - INFO - __main__ - [XLM-R + CRF] epoch 1 step 5950/6750 loss=10.1818
08/11/2026 13:10:43 - INFO - __main__ - [XLM-R + CRF] epoch 1 step 6000/6750 loss=5.8195
08/11/2026 13:11:04 - INFO - __main__ - [XLM-R + CRF] epoch 1 step 6050/6750 loss=9.9506
08/11/2026 13:11:25 - INFO - __main__ - [XLM-R + CRF] epoch 1 step 6100/6750 loss=9.1154
08/11/2026 13:11:46 - INFO - __main__ - [XLM-R + CRF] epoch 1 step 6150/6750 loss=9.7955
08/11/2026 13:12:07 - INFO - __main__ - [XLM-R + CRF] epoch 1 step 6200/6750 loss=10.0758
08/11/2026 13:12:27 - INFO - __main__ - [XLM-R + CRF] epoch 1 step 6250/6750 loss=8.0433
08/11/2026 13:12:48 - INFO - __main__ - [XLM-R + CRF] epoch 1 step 6300/6750 loss=11.0072
08/11/2026 13:13:08 - INFO - __main__ - [XLM-R + CRF] epoch 1 step 6350/6750 loss=6.0159
08/11/2026 13:13:29 - INFO - __main__ - [XLM-R + CRF] epoch 1 step 6400/6750 loss=10.5521
08/11/2026 13:13:50 - INFO - __main__ - [XLM-R + CRF] epoch 1 step 6450/6750 loss=9.9914
08/11/2026 13:14:11 - INFO - __main__ - [XLM-R + CRF] epoch 1 step 6500/6750 loss=9.4139
08/11/2026 13:14:32 - INFO - __main__ - [XLM-R + CRF] epoch 1 step 6550/6750 loss=10.9065
08/11/2026 13:14:54 - INFO - __main__ - [XLM-R + CRF] epoch 1 step 6600/6750 loss=7.7010
08/11/2026 13:15:16 - INFO - __main__ - [XLM-R + CRF] epoch 1 step 6650/6750 loss=9.7075
08/11/2026 13:15:37 - INFO - __main__ - [XLM-R + CRF] epoch 1 step 6700/6750 loss=6.6184
08/11/2026 13:15:59 - INFO - __main__ - [XLM-R + CRF] epoch 1 step 6750/6750 loss=8.3512
08/11/2026 13:15:59 - INFO - __main__ - [XLM-R + CRF] Epoch 1 xong sau 2860.9s, avg_loss=17.0587
08/11/2026 13:19:44 - INFO - __main__ - [XLM-R + CRF] Epoch 1 - Valid macro F1 = 0.5194
              precision    recall  f1-score   support

      PERIOD     0.8448    0.8619    0.8532    140169
       COMMA     0.7451    0.7095    0.7269    162056
       COLON     0.6640    0.4368    0.5269     10825
       QMARK     0.7283    0.6689    0.6973      4884
      EXCLAM     0.5489    0.1076    0.1799      2556
   SEMICOLON     0.4715    0.0766    0.1319      1944

   micro avg     0.7884    0.7574    0.7726    322434
   macro avg     0.6671    0.4769    0.5194    322434
weighted avg     0.7822    0.7574    0.7667    322434

08/11/2026 13:19:51 - INFO - __main__ - -> [XLM-R + CRF] best checkpoint mới, macro F1 = 0.5194
/root/phopunct/baseline_lstm_crf.py:261: FutureWarning: `torch.cuda.amp.autocast(args...)` is deprecated. Please use `torch.amp.autocast('cuda', args...)` instead.
  with torch.cuda.amp.autocast(enabled=use_amp):
08/11/2026 13:20:12 - INFO - __main__ - [XLM-R + CRF] epoch 2 step 50/6750 loss=8.2247
08/11/2026 13:20:33 - INFO - __main__ - [XLM-R + CRF] epoch 2 step 100/6750 loss=9.1956
08/11/2026 13:20:53 - INFO - __main__ - [XLM-R + CRF] epoch 2 step 150/6750 loss=9.2357
08/11/2026 13:21:14 - INFO - __main__ - [XLM-R + CRF] epoch 2 step 200/6750 loss=9.2429
08/11/2026 13:21:36 - INFO - __main__ - [XLM-R + CRF] epoch 2 step 250/6750 loss=7.5207
08/11/2026 13:21:57 - INFO - __main__ - [XLM-R + CRF] epoch 2 step 300/6750 loss=9.0602
08/11/2026 13:22:19 - INFO - __main__ - [XLM-R + CRF] epoch 2 step 350/6750 loss=8.3774
08/11/2026 13:22:40 - INFO - __main__ - [XLM-R + CRF] epoch 2 step 400/6750 loss=9.0177
08/11/2026 13:23:01 - INFO - __main__ - [XLM-R + CRF] epoch 2 step 450/6750 loss=9.3260
08/11/2026 13:23:22 - INFO - __main__ - [XLM-R + CRF] epoch 2 step 500/6750 loss=9.5533
08/11/2026 13:23:43 - INFO - __main__ - [XLM-R + CRF] epoch 2 step 550/6750 loss=7.6495
08/11/2026 13:24:05 - INFO - __main__ - [XLM-R + CRF] epoch 2 step 600/6750 loss=11.0981
08/11/2026 13:24:26 - INFO - __main__ - [XLM-R + CRF] epoch 2 step 650/6750 loss=8.6440
08/11/2026 13:24:48 - INFO - __main__ - [XLM-R + CRF] epoch 2 step 700/6750 loss=8.1369
08/11/2026 13:25:09 - INFO - __main__ - [XLM-R + CRF] epoch 2 step 750/6750 loss=8.4942
08/11/2026 13:25:31 - INFO - __main__ - [XLM-R + CRF] epoch 2 step 800/6750 loss=9.5352
08/11/2026 13:25:53 - INFO - __main__ - [XLM-R + CRF] epoch 2 step 850/6750 loss=10.4825
08/11/2026 13:26:15 - INFO - __main__ - [XLM-R + CRF] epoch 2 step 900/6750 loss=9.7572
08/11/2026 13:26:36 - INFO - __main__ - [XLM-R + CRF] epoch 2 step 950/6750 loss=8.6323
08/11/2026 13:26:58 - INFO - __main__ - [XLM-R + CRF] epoch 2 step 1000/6750 loss=8.7723
08/11/2026 13:27:20 - INFO - __main__ - [XLM-R + CRF] epoch 2 step 1050/6750 loss=10.8640
08/11/2026 13:27:42 - INFO - __main__ - [XLM-R + CRF] epoch 2 step 1100/6750 loss=11.0199
08/11/2026 13:28:04 - INFO - __main__ - [XLM-R + CRF] epoch 2 step 1150/6750 loss=9.2407
08/11/2026 13:28:25 - INFO - __main__ - [XLM-R + CRF] epoch 2 step 1200/6750 loss=10.1636
08/11/2026 13:28:47 - INFO - __main__ - [XLM-R + CRF] epoch 2 step 1250/6750 loss=7.2029
08/11/2026 13:29:08 - INFO - __main__ - [XLM-R + CRF] epoch 2 step 1300/6750 loss=8.1680
08/11/2026 13:29:29 - INFO - __main__ - [XLM-R + CRF] epoch 2 step 1350/6750 loss=10.6497
08/11/2026 13:29:50 - INFO - __main__ - [XLM-R + CRF] epoch 2 step 1400/6750 loss=12.7316
08/11/2026 13:30:11 - INFO - __main__ - [XLM-R + CRF] epoch 2 step 1450/6750 loss=6.7202
08/11/2026 13:30:32 - INFO - __main__ - [XLM-R + CRF] epoch 2 step 1500/6750 loss=9.9982
08/11/2026 13:30:53 - INFO - __main__ - [XLM-R + CRF] epoch 2 step 1550/6750 loss=9.1320
08/11/2026 13:31:14 - INFO - __main__ - [XLM-R + CRF] epoch 2 step 1600/6750 loss=8.3834
08/11/2026 13:31:36 - INFO - __main__ - [XLM-R + CRF] epoch 2 step 1650/6750 loss=10.3201
08/11/2026 13:31:57 - INFO - __main__ - [XLM-R + CRF] epoch 2 step 1700/6750 loss=12.0760
08/11/2026 13:32:18 - INFO - __main__ - [XLM-R + CRF] epoch 2 step 1750/6750 loss=8.4565
08/11/2026 13:32:40 - INFO - __main__ - [XLM-R + CRF] epoch 2 step 1800/6750 loss=6.8089
08/11/2026 13:33:02 - INFO - __main__ - [XLM-R + CRF] epoch 2 step 1850/6750 loss=8.0467
08/11/2026 13:33:24 - INFO - __main__ - [XLM-R + CRF] epoch 2 step 1900/6750 loss=10.0898
08/11/2026 13:33:46 - INFO - __main__ - [XLM-R + CRF] epoch 2 step 1950/6750 loss=7.9505
08/11/2026 13:34:08 - INFO - __main__ - [XLM-R + CRF] epoch 2 step 2000/6750 loss=7.3640
08/11/2026 13:34:29 - INFO - __main__ - [XLM-R + CRF] epoch 2 step 2050/6750 loss=8.4722
08/11/2026 13:34:50 - INFO - __main__ - [XLM-R + CRF] epoch 2 step 2100/6750 loss=8.9752
08/11/2026 13:35:12 - INFO - __main__ - [XLM-R + CRF] epoch 2 step 2150/6750 loss=7.4202
08/11/2026 13:35:34 - INFO - __main__ - [XLM-R + CRF] epoch 2 step 2200/6750 loss=8.5208
08/11/2026 13:35:55 - INFO - __main__ - [XLM-R + CRF] epoch 2 step 2250/6750 loss=8.4021
08/11/2026 13:36:16 - INFO - __main__ - [XLM-R + CRF] epoch 2 step 2300/6750 loss=8.7808
08/11/2026 13:36:37 - INFO - __main__ - [XLM-R + CRF] epoch 2 step 2350/6750 loss=10.1560
08/11/2026 13:36:59 - INFO - __main__ - [XLM-R + CRF] epoch 2 step 2400/6750 loss=10.3833
08/11/2026 13:37:19 - INFO - __main__ - [XLM-R + CRF] epoch 2 step 2450/6750 loss=8.7204
08/11/2026 13:37:39 - INFO - __main__ - [XLM-R + CRF] epoch 2 step 2500/6750 loss=8.9586
08/11/2026 13:38:00 - INFO - __main__ - [XLM-R + CRF] epoch 2 step 2550/6750 loss=9.6852
08/11/2026 13:38:20 - INFO - __main__ - [XLM-R + CRF] epoch 2 step 2600/6750 loss=7.4994
08/11/2026 13:38:41 - INFO - __main__ - [XLM-R + CRF] epoch 2 step 2650/6750 loss=5.8851
08/11/2026 13:39:01 - INFO - __main__ - [XLM-R + CRF] epoch 2 step 2700/6750 loss=9.3038
08/11/2026 13:39:21 - INFO - __main__ - [XLM-R + CRF] epoch 2 step 2750/6750 loss=6.7689
08/11/2026 13:39:42 - INFO - __main__ - [XLM-R + CRF] epoch 2 step 2800/6750 loss=10.3752
08/11/2026 13:40:03 - INFO - __main__ - [XLM-R + CRF] epoch 2 step 2850/6750 loss=10.6751
08/11/2026 13:40:24 - INFO - __main__ - [XLM-R + CRF] epoch 2 step 2900/6750 loss=7.2432
08/11/2026 13:40:45 - INFO - __main__ - [XLM-R + CRF] epoch 2 step 2950/6750 loss=13.1122
08/11/2026 13:41:06 - INFO - __main__ - [XLM-R + CRF] epoch 2 step 3000/6750 loss=7.6687
08/11/2026 13:41:27 - INFO - __main__ - [XLM-R + CRF] epoch 2 step 3050/6750 loss=9.7558
08/11/2026 13:41:48 - INFO - __main__ - [XLM-R + CRF] epoch 2 step 3100/6750 loss=8.4572
08/11/2026 13:42:09 - INFO - __main__ - [XLM-R + CRF] epoch 2 step 3150/6750 loss=10.1726
08/11/2026 13:42:30 - INFO - __main__ - [XLM-R + CRF] epoch 2 step 3200/6750 loss=8.3886
08/11/2026 13:42:51 - INFO - __main__ - [XLM-R + CRF] epoch 2 step 3250/6750 loss=6.7794
08/11/2026 13:43:12 - INFO - __main__ - [XLM-R + CRF] epoch 2 step 3300/6750 loss=9.1344
08/11/2026 13:43:33 - INFO - __main__ - [XLM-R + CRF] epoch 2 step 3350/6750 loss=7.0894
08/11/2026 13:43:54 - INFO - __main__ - [XLM-R + CRF] epoch 2 step 3400/6750 loss=8.8369
08/11/2026 13:44:15 - INFO - __main__ - [XLM-R + CRF] epoch 2 step 3450/6750 loss=9.3586
08/11/2026 13:44:36 - INFO - __main__ - [XLM-R + CRF] epoch 2 step 3500/6750 loss=7.7918
08/11/2026 13:44:57 - INFO - __main__ - [XLM-R + CRF] epoch 2 step 3550/6750 loss=6.7894
08/11/2026 13:45:18 - INFO - __main__ - [XLM-R + CRF] epoch 2 step 3600/6750 loss=7.6814
08/11/2026 13:45:39 - INFO - __main__ - [XLM-R + CRF] epoch 2 step 3650/6750 loss=8.8970
08/11/2026 13:46:00 - INFO - __main__ - [XLM-R + CRF] epoch 2 step 3700/6750 loss=8.7473
08/11/2026 13:46:21 - INFO - __main__ - [XLM-R + CRF] epoch 2 step 3750/6750 loss=7.0853
08/11/2026 13:46:42 - INFO - __main__ - [XLM-R + CRF] epoch 2 step 3800/6750 loss=9.1625
08/11/2026 13:47:03 - INFO - __main__ - [XLM-R + CRF] epoch 2 step 3850/6750 loss=8.3910
08/11/2026 13:47:24 - INFO - __main__ - [XLM-R + CRF] epoch 2 step 3900/6750 loss=6.2051
08/11/2026 13:47:44 - INFO - __main__ - [XLM-R + CRF] epoch 2 step 3950/6750 loss=9.5356
08/11/2026 13:48:05 - INFO - __main__ - [XLM-R + CRF] epoch 2 step 4000/6750 loss=11.3247
08/11/2026 13:48:27 - INFO - __main__ - [XLM-R + CRF] epoch 2 step 4050/6750 loss=12.1196
08/11/2026 13:48:48 - INFO - __main__ - [XLM-R + CRF] epoch 2 step 4100/6750 loss=8.0101
08/11/2026 13:49:09 - INFO - __main__ - [XLM-R + CRF] epoch 2 step 4150/6750 loss=10.5059
08/11/2026 13:49:30 - INFO - __main__ - [XLM-R + CRF] epoch 2 step 4200/6750 loss=7.7008
08/11/2026 13:49:51 - INFO - __main__ - [XLM-R + CRF] epoch 2 step 4250/6750 loss=8.6283
08/11/2026 13:50:12 - INFO - __main__ - [XLM-R + CRF] epoch 2 step 4300/6750 loss=7.6043
08/11/2026 13:50:34 - INFO - __main__ - [XLM-R + CRF] epoch 2 step 4350/6750 loss=7.6521
08/11/2026 13:50:55 - INFO - __main__ - [XLM-R + CRF] epoch 2 step 4400/6750 loss=10.3412
08/11/2026 13:51:16 - INFO - __main__ - [XLM-R + CRF] epoch 2 step 4450/6750 loss=9.5257
08/11/2026 13:51:36 - INFO - __main__ - [XLM-R + CRF] epoch 2 step 4500/6750 loss=6.7966
08/11/2026 13:51:57 - INFO - __main__ - [XLM-R + CRF] epoch 2 step 4550/6750 loss=8.6319
08/11/2026 13:52:18 - INFO - __main__ - [XLM-R + CRF] epoch 2 step 4600/6750 loss=6.9903
08/11/2026 13:52:40 - INFO - __main__ - [XLM-R + CRF] epoch 2 step 4650/6750 loss=7.4442
08/11/2026 13:53:01 - INFO - __main__ - [XLM-R + CRF] epoch 2 step 4700/6750 loss=7.0565
08/11/2026 13:53:22 - INFO - __main__ - [XLM-R + CRF] epoch 2 step 4750/6750 loss=8.6155
08/11/2026 13:53:43 - INFO - __main__ - [XLM-R + CRF] epoch 2 step 4800/6750 loss=6.9264
08/11/2026 13:54:04 - INFO - __main__ - [XLM-R + CRF] epoch 2 step 4850/6750 loss=10.3486
08/11/2026 13:54:25 - INFO - __main__ - [XLM-R + CRF] epoch 2 step 4900/6750 loss=11.3673
08/11/2026 13:54:46 - INFO - __main__ - [XLM-R + CRF] epoch 2 step 4950/6750 loss=6.9512
08/11/2026 13:55:08 - INFO - __main__ - [XLM-R + CRF] epoch 2 step 5000/6750 loss=7.7227
08/11/2026 13:55:29 - INFO - __main__ - [XLM-R + CRF] epoch 2 step 5050/6750 loss=9.5231
08/11/2026 13:55:50 - INFO - __main__ - [XLM-R + CRF] epoch 2 step 5100/6750 loss=6.8585
08/11/2026 13:56:11 - INFO - __main__ - [XLM-R + CRF] epoch 2 step 5150/6750 loss=10.4246
08/11/2026 13:56:32 - INFO - __main__ - [XLM-R + CRF] epoch 2 step 5200/6750 loss=7.7145
08/11/2026 13:56:53 - INFO - __main__ - [XLM-R + CRF] epoch 2 step 5250/6750 loss=11.1019
08/11/2026 13:57:14 - INFO - __main__ - [XLM-R + CRF] epoch 2 step 5300/6750 loss=6.3826
08/11/2026 13:57:35 - INFO - __main__ - [XLM-R + CRF] epoch 2 step 5350/6750 loss=8.4065
08/11/2026 13:57:56 - INFO - __main__ - [XLM-R + CRF] epoch 2 step 5400/6750 loss=8.0197
08/11/2026 13:58:17 - INFO - __main__ - [XLM-R + CRF] epoch 2 step 5450/6750 loss=10.8410
08/11/2026 13:58:38 - INFO - __main__ - [XLM-R + CRF] epoch 2 step 5500/6750 loss=13.2005
08/11/2026 13:58:59 - INFO - __main__ - [XLM-R + CRF] epoch 2 step 5550/6750 loss=9.5477
08/11/2026 13:59:20 - INFO - __main__ - [XLM-R + CRF] epoch 2 step 5600/6750 loss=8.4813
08/11/2026 13:59:42 - INFO - __main__ - [XLM-R + CRF] epoch 2 step 5650/6750 loss=7.1631
08/11/2026 14:00:03 - INFO - __main__ - [XLM-R + CRF] epoch 2 step 5700/6750 loss=8.3687
08/11/2026 14:00:24 - INFO - __main__ - [XLM-R + CRF] epoch 2 step 5750/6750 loss=8.5526
08/11/2026 14:00:46 - INFO - __main__ - [XLM-R + CRF] epoch 2 step 5800/6750 loss=6.9237
08/11/2026 14:01:08 - INFO - __main__ - [XLM-R + CRF] epoch 2 step 5850/6750 loss=8.5212
08/11/2026 14:01:29 - INFO - __main__ - [XLM-R + CRF] epoch 2 step 5900/6750 loss=7.5928
08/11/2026 14:01:51 - INFO - __main__ - [XLM-R + CRF] epoch 2 step 5950/6750 loss=8.8872
08/11/2026 14:02:12 - INFO - __main__ - [XLM-R + CRF] epoch 2 step 6000/6750 loss=8.2303
08/11/2026 14:02:34 - INFO - __main__ - [XLM-R + CRF] epoch 2 step 6050/6750 loss=8.7698
08/11/2026 14:02:55 - INFO - __main__ - [XLM-R + CRF] epoch 2 step 6100/6750 loss=10.0546
08/11/2026 14:03:16 - INFO - __main__ - [XLM-R + CRF] epoch 2 step 6150/6750 loss=6.8629
08/11/2026 14:03:38 - INFO - __main__ - [XLM-R + CRF] epoch 2 step 6200/6750 loss=10.0230
08/11/2026 14:04:00 - INFO - __main__ - [XLM-R + CRF] epoch 2 step 6250/6750 loss=7.9999
08/11/2026 14:04:21 - INFO - __main__ - [XLM-R + CRF] epoch 2 step 6300/6750 loss=8.7262
08/11/2026 14:04:42 - INFO - __main__ - [XLM-R + CRF] epoch 2 step 6350/6750 loss=10.6816
08/11/2026 14:05:03 - INFO - __main__ - [XLM-R + CRF] epoch 2 step 6400/6750 loss=10.6131
08/11/2026 14:05:24 - INFO - __main__ - [XLM-R + CRF] epoch 2 step 6450/6750 loss=7.8920
08/11/2026 14:05:46 - INFO - __main__ - [XLM-R + CRF] epoch 2 step 6500/6750 loss=8.8159
08/11/2026 14:06:07 - INFO - __main__ - [XLM-R + CRF] epoch 2 step 6550/6750 loss=8.1689
08/11/2026 14:06:29 - INFO - __main__ - [XLM-R + CRF] epoch 2 step 6600/6750 loss=7.9153
08/11/2026 14:06:50 - INFO - __main__ - [XLM-R + CRF] epoch 2 step 6650/6750 loss=7.6518
08/11/2026 14:07:10 - INFO - __main__ - [XLM-R + CRF] epoch 2 step 6700/6750 loss=8.9552
08/11/2026 14:07:31 - INFO - __main__ - [XLM-R + CRF] epoch 2 step 6750/6750 loss=8.7481
08/11/2026 14:07:31 - INFO - __main__ - [XLM-R + CRF] Epoch 2 xong sau 2860.2s, avg_loss=8.7937
08/11/2026 14:11:19 - INFO - __main__ - [XLM-R + CRF] Epoch 2 - Valid macro F1 = 0.5532
              precision    recall  f1-score   support

      PERIOD     0.8535    0.8760    0.8646    140169
       COMMA     0.7705    0.7040    0.7358    162056
       COLON     0.6770    0.5173    0.5865     10825
       QMARK     0.7844    0.6658    0.7203      4884
      EXCLAM     0.6255    0.1189    0.1999      2556
   SEMICOLON     0.3925    0.1456    0.2124      1944

   micro avg     0.8062    0.7639    0.7845    322434
   macro avg     0.6839    0.5046    0.5532    322434
weighted avg     0.8003    0.7639    0.7791    322434

08/11/2026 14:11:28 - INFO - __main__ - -> [XLM-R + CRF] best checkpoint mới, macro F1 = 0.5532
/root/phopunct/baseline_lstm_crf.py:261: FutureWarning: `torch.cuda.amp.autocast(args...)` is deprecated. Please use `torch.amp.autocast('cuda', args...)` instead.
  with torch.cuda.amp.autocast(enabled=use_amp):
08/11/2026 14:11:50 - INFO - __main__ - [XLM-R + CRF] epoch 3 step 50/6750 loss=8.8801
08/11/2026 14:12:12 - INFO - __main__ - [XLM-R + CRF] epoch 3 step 100/6750 loss=8.8688
08/11/2026 14:12:32 - INFO - __main__ - [XLM-R + CRF] epoch 3 step 150/6750 loss=7.3423
08/11/2026 14:12:54 - INFO - __main__ - [XLM-R + CRF] epoch 3 step 200/6750 loss=7.6195
08/11/2026 14:13:15 - INFO - __main__ - [XLM-R + CRF] epoch 3 step 250/6750 loss=9.3244
08/11/2026 14:13:36 - INFO - __main__ - [XLM-R + CRF] epoch 3 step 300/6750 loss=6.4401
08/11/2026 14:13:58 - INFO - __main__ - [XLM-R + CRF] epoch 3 step 350/6750 loss=8.0416
08/11/2026 14:14:19 - INFO - __main__ - [XLM-R + CRF] epoch 3 step 400/6750 loss=7.0089
08/11/2026 14:14:40 - INFO - __main__ - [XLM-R + CRF] epoch 3 step 450/6750 loss=7.9695
08/11/2026 14:15:01 - INFO - __main__ - [XLM-R + CRF] epoch 3 step 500/6750 loss=5.6703
08/11/2026 14:15:21 - INFO - __main__ - [XLM-R + CRF] epoch 3 step 550/6750 loss=6.9533
08/11/2026 14:15:43 - INFO - __main__ - [XLM-R + CRF] epoch 3 step 600/6750 loss=7.1900
08/11/2026 14:16:04 - INFO - __main__ - [XLM-R + CRF] epoch 3 step 650/6750 loss=6.8949
08/11/2026 14:16:25 - INFO - __main__ - [XLM-R + CRF] epoch 3 step 700/6750 loss=8.5753
08/11/2026 14:16:46 - INFO - __main__ - [XLM-R + CRF] epoch 3 step 750/6750 loss=7.8832
08/11/2026 14:17:07 - INFO - __main__ - [XLM-R + CRF] epoch 3 step 800/6750 loss=8.1388
08/11/2026 14:17:28 - INFO - __main__ - [XLM-R + CRF] epoch 3 step 850/6750 loss=6.5359
08/11/2026 14:17:50 - INFO - __main__ - [XLM-R + CRF] epoch 3 step 900/6750 loss=8.0964
08/11/2026 14:18:11 - INFO - __main__ - [XLM-R + CRF] epoch 3 step 950/6750 loss=8.6163
08/11/2026 14:18:31 - INFO - __main__ - [XLM-R + CRF] epoch 3 step 1000/6750 loss=10.5008
08/11/2026 14:18:52 - INFO - __main__ - [XLM-R + CRF] epoch 3 step 1050/6750 loss=5.5673
08/11/2026 14:19:13 - INFO - __main__ - [XLM-R + CRF] epoch 3 step 1100/6750 loss=7.3735
08/11/2026 14:19:34 - INFO - __main__ - [XLM-R + CRF] epoch 3 step 1150/6750 loss=7.1024
08/11/2026 14:19:56 - INFO - __main__ - [XLM-R + CRF] epoch 3 step 1200/6750 loss=6.0347
08/11/2026 14:20:17 - INFO - __main__ - [XLM-R + CRF] epoch 3 step 1250/6750 loss=8.3383
08/11/2026 14:20:38 - INFO - __main__ - [XLM-R + CRF] epoch 3 step 1300/6750 loss=10.1461
08/11/2026 14:20:59 - INFO - __main__ - [XLM-R + CRF] epoch 3 step 1350/6750 loss=6.6314
08/11/2026 14:21:19 - INFO - __main__ - [XLM-R + CRF] epoch 3 step 1400/6750 loss=7.4487
08/11/2026 14:21:40 - INFO - __main__ - [XLM-R + CRF] epoch 3 step 1450/6750 loss=6.5963
08/11/2026 14:22:01 - INFO - __main__ - [XLM-R + CRF] epoch 3 step 1500/6750 loss=6.8177
08/11/2026 14:22:22 - INFO - __main__ - [XLM-R + CRF] epoch 3 step 1550/6750 loss=6.6592
08/11/2026 14:22:43 - INFO - __main__ - [XLM-R + CRF] epoch 3 step 1600/6750 loss=6.5592
08/11/2026 14:23:04 - INFO - __main__ - [XLM-R + CRF] epoch 3 step 1650/6750 loss=8.4007
08/11/2026 14:23:25 - INFO - __main__ - [XLM-R + CRF] epoch 3 step 1700/6750 loss=6.4205
08/11/2026 14:23:47 - INFO - __main__ - [XLM-R + CRF] epoch 3 step 1750/6750 loss=12.9422
08/11/2026 14:24:07 - INFO - __main__ - [XLM-R + CRF] epoch 3 step 1800/6750 loss=7.4767
08/11/2026 14:24:28 - INFO - __main__ - [XLM-R + CRF] epoch 3 step 1850/6750 loss=8.8924
08/11/2026 14:24:49 - INFO - __main__ - [XLM-R + CRF] epoch 3 step 1900/6750 loss=6.6476
08/11/2026 14:25:09 - INFO - __main__ - [XLM-R + CRF] epoch 3 step 1950/6750 loss=7.8846
08/11/2026 14:25:30 - INFO - __main__ - [XLM-R + CRF] epoch 3 step 2000/6750 loss=7.9380
08/11/2026 14:25:51 - INFO - __main__ - [XLM-R + CRF] epoch 3 step 2050/6750 loss=8.8432
08/11/2026 14:26:12 - INFO - __main__ - [XLM-R + CRF] epoch 3 step 2100/6750 loss=7.1456
08/11/2026 14:26:32 - INFO - __main__ - [XLM-R + CRF] epoch 3 step 2150/6750 loss=8.6168
08/11/2026 14:26:53 - INFO - __main__ - [XLM-R + CRF] epoch 3 step 2200/6750 loss=10.8104
08/11/2026 14:27:14 - INFO - __main__ - [XLM-R + CRF] epoch 3 step 2250/6750 loss=9.8185
08/11/2026 14:27:35 - INFO - __main__ - [XLM-R + CRF] epoch 3 step 2300/6750 loss=10.6117
08/11/2026 14:27:57 - INFO - __main__ - [XLM-R + CRF] epoch 3 step 2350/6750 loss=12.2624
08/11/2026 14:28:18 - INFO - __main__ - [XLM-R + CRF] epoch 3 step 2400/6750 loss=7.6172
08/11/2026 14:28:39 - INFO - __main__ - [XLM-R + CRF] epoch 3 step 2450/6750 loss=7.6521
08/11/2026 14:29:00 - INFO - __main__ - [XLM-R + CRF] epoch 3 step 2500/6750 loss=6.6524
08/11/2026 14:29:21 - INFO - __main__ - [XLM-R + CRF] epoch 3 step 2550/6750 loss=7.1335
08/11/2026 14:29:42 - INFO - __main__ - [XLM-R + CRF] epoch 3 step 2600/6750 loss=8.9162
08/11/2026 14:30:04 - INFO - __main__ - [XLM-R + CRF] epoch 3 step 2650/6750 loss=3.8904
08/11/2026 14:30:24 - INFO - __main__ - [XLM-R + CRF] epoch 3 step 2700/6750 loss=9.3737
08/11/2026 14:30:45 - INFO - __main__ - [XLM-R + CRF] epoch 3 step 2750/6750 loss=11.6012
08/11/2026 14:31:06 - INFO - __main__ - [XLM-R + CRF] epoch 3 step 2800/6750 loss=7.3478
08/11/2026 14:31:26 - INFO - __main__ - [XLM-R + CRF] epoch 3 step 2850/6750 loss=7.0268
08/11/2026 14:31:47 - INFO - __main__ - [XLM-R + CRF] epoch 3 step 2900/6750 loss=9.6461
08/11/2026 14:32:08 - INFO - __main__ - [XLM-R + CRF] epoch 3 step 2950/6750 loss=6.8821
08/11/2026 14:32:29 - INFO - __main__ - [XLM-R + CRF] epoch 3 step 3000/6750 loss=9.4683
08/11/2026 14:32:50 - INFO - __main__ - [XLM-R + CRF] epoch 3 step 3050/6750 loss=9.4452
08/11/2026 14:33:11 - INFO - __main__ - [XLM-R + CRF] epoch 3 step 3100/6750 loss=6.6608
08/11/2026 14:33:32 - INFO - __main__ - [XLM-R + CRF] epoch 3 step 3150/6750 loss=6.3030
08/11/2026 14:33:53 - INFO - __main__ - [XLM-R + CRF] epoch 3 step 3200/6750 loss=9.3295
08/11/2026 14:34:13 - INFO - __main__ - [XLM-R + CRF] epoch 3 step 3250/6750 loss=8.1587
08/11/2026 14:34:34 - INFO - __main__ - [XLM-R + CRF] epoch 3 step 3300/6750 loss=8.6077
08/11/2026 14:34:56 - INFO - __main__ - [XLM-R + CRF] epoch 3 step 3350/6750 loss=9.1653
08/11/2026 14:35:17 - INFO - __main__ - [XLM-R + CRF] epoch 3 step 3400/6750 loss=5.7563
08/11/2026 14:35:38 - INFO - __main__ - [XLM-R + CRF] epoch 3 step 3450/6750 loss=6.0054
08/11/2026 14:35:59 - INFO - __main__ - [XLM-R + CRF] epoch 3 step 3500/6750 loss=8.3290
08/11/2026 14:36:20 - INFO - __main__ - [XLM-R + CRF] epoch 3 step 3550/6750 loss=8.2701
08/11/2026 14:36:42 - INFO - __main__ - [XLM-R + CRF] epoch 3 step 3600/6750 loss=5.8507
08/11/2026 14:37:03 - INFO - __main__ - [XLM-R + CRF] epoch 3 step 3650/6750 loss=6.9951
08/11/2026 14:37:25 - INFO - __main__ - [XLM-R + CRF] epoch 3 step 3700/6750 loss=6.9091
08/11/2026 14:37:46 - INFO - __main__ - [XLM-R + CRF] epoch 3 step 3750/6750 loss=7.9727
08/11/2026 14:38:07 - INFO - __main__ - [XLM-R + CRF] epoch 3 step 3800/6750 loss=5.2692
08/11/2026 14:38:28 - INFO - __main__ - [XLM-R + CRF] epoch 3 step 3850/6750 loss=9.2915
08/11/2026 14:38:50 - INFO - __main__ - [XLM-R + CRF] epoch 3 step 3900/6750 loss=10.3638
08/11/2026 14:39:11 - INFO - __main__ - [XLM-R + CRF] epoch 3 step 3950/6750 loss=6.7798
08/11/2026 14:39:32 - INFO - __main__ - [XLM-R + CRF] epoch 3 step 4000/6750 loss=5.5486
08/11/2026 14:39:53 - INFO - __main__ - [XLM-R + CRF] epoch 3 step 4050/6750 loss=7.2435
08/11/2026 14:40:13 - INFO - __main__ - [XLM-R + CRF] epoch 3 step 4100/6750 loss=8.6318
08/11/2026 14:40:34 - INFO - __main__ - [XLM-R + CRF] epoch 3 step 4150/6750 loss=8.5534
08/11/2026 14:40:54 - INFO - __main__ - [XLM-R + CRF] epoch 3 step 4200/6750 loss=6.8138
08/11/2026 14:41:16 - INFO - __main__ - [XLM-R + CRF] epoch 3 step 4250/6750 loss=5.8049
08/11/2026 14:41:37 - INFO - __main__ - [XLM-R + CRF] epoch 3 step 4300/6750 loss=9.4288
08/11/2026 14:41:59 - INFO - __main__ - [XLM-R + CRF] epoch 3 step 4350/6750 loss=6.8342
08/11/2026 14:42:20 - INFO - __main__ - [XLM-R + CRF] epoch 3 step 4400/6750 loss=9.0629
08/11/2026 14:42:41 - INFO - __main__ - [XLM-R + CRF] epoch 3 step 4450/6750 loss=7.3200
08/11/2026 14:43:02 - INFO - __main__ - [XLM-R + CRF] epoch 3 step 4500/6750 loss=7.3632
08/11/2026 14:43:23 - INFO - __main__ - [XLM-R + CRF] epoch 3 step 4550/6750 loss=7.6339
08/11/2026 14:43:44 - INFO - __main__ - [XLM-R + CRF] epoch 3 step 4600/6750 loss=6.0444
08/11/2026 14:44:04 - INFO - __main__ - [XLM-R + CRF] epoch 3 step 4650/6750 loss=8.0943
08/11/2026 14:44:25 - INFO - __main__ - [XLM-R + CRF] epoch 3 step 4700/6750 loss=9.0643
08/11/2026 14:44:46 - INFO - __main__ - [XLM-R + CRF] epoch 3 step 4750/6750 loss=7.7768
08/11/2026 14:45:07 - INFO - __main__ - [XLM-R + CRF] epoch 3 step 4800/6750 loss=7.0195
08/11/2026 14:45:27 - INFO - __main__ - [XLM-R + CRF] epoch 3 step 4850/6750 loss=5.4523
08/11/2026 14:45:47 - INFO - __main__ - [XLM-R + CRF] epoch 3 step 4900/6750 loss=8.2945
08/11/2026 14:46:08 - INFO - __main__ - [XLM-R + CRF] epoch 3 step 4950/6750 loss=6.8707
08/11/2026 14:46:29 - INFO - __main__ - [XLM-R + CRF] epoch 3 step 5000/6750 loss=6.7861
08/11/2026 14:46:49 - INFO - __main__ - [XLM-R + CRF] epoch 3 step 5050/6750 loss=6.1391
08/11/2026 14:47:10 - INFO - __main__ - [XLM-R + CRF] epoch 3 step 5100/6750 loss=11.8575
08/11/2026 14:47:32 - INFO - __main__ - [XLM-R + CRF] epoch 3 step 5150/6750 loss=8.1500
08/11/2026 14:47:53 - INFO - __main__ - [XLM-R + CRF] epoch 3 step 5200/6750 loss=11.8760
08/11/2026 14:48:14 - INFO - __main__ - [XLM-R + CRF] epoch 3 step 5250/6750 loss=8.6178
08/11/2026 14:48:36 - INFO - __main__ - [XLM-R + CRF] epoch 3 step 5300/6750 loss=8.8598
08/11/2026 14:48:57 - INFO - __main__ - [XLM-R + CRF] epoch 3 step 5350/6750 loss=7.1192
08/11/2026 14:49:18 - INFO - __main__ - [XLM-R + CRF] epoch 3 step 5400/6750 loss=10.7759
08/11/2026 14:49:40 - INFO - __main__ - [XLM-R + CRF] epoch 3 step 5450/6750 loss=8.0525
08/11/2026 14:50:02 - INFO - __main__ - [XLM-R + CRF] epoch 3 step 5500/6750 loss=7.7189
08/11/2026 14:50:23 - INFO - __main__ - [XLM-R + CRF] epoch 3 step 5550/6750 loss=7.4584
08/11/2026 14:50:45 - INFO - __main__ - [XLM-R + CRF] epoch 3 step 5600/6750 loss=7.2745
08/11/2026 14:51:06 - INFO - __main__ - [XLM-R + CRF] epoch 3 step 5650/6750 loss=8.8574
08/11/2026 14:51:27 - INFO - __main__ - [XLM-R + CRF] epoch 3 step 5700/6750 loss=6.9122
08/11/2026 14:51:48 - INFO - __main__ - [XLM-R + CRF] epoch 3 step 5750/6750 loss=6.6675
08/11/2026 14:52:10 - INFO - __main__ - [XLM-R + CRF] epoch 3 step 5800/6750 loss=6.4394
08/11/2026 14:52:31 - INFO - __main__ - [XLM-R + CRF] epoch 3 step 5850/6750 loss=6.5653
08/11/2026 14:52:53 - INFO - __main__ - [XLM-R + CRF] epoch 3 step 5900/6750 loss=7.0710
08/11/2026 14:53:14 - INFO - __main__ - [XLM-R + CRF] epoch 3 step 5950/6750 loss=7.2413
08/11/2026 14:53:36 - INFO - __main__ - [XLM-R + CRF] epoch 3 step 6000/6750 loss=9.2627
08/11/2026 14:53:58 - INFO - __main__ - [XLM-R + CRF] epoch 3 step 6050/6750 loss=6.7612
08/11/2026 14:54:19 - INFO - __main__ - [XLM-R + CRF] epoch 3 step 6100/6750 loss=6.7182
08/11/2026 14:54:40 - INFO - __main__ - [XLM-R + CRF] epoch 3 step 6150/6750 loss=8.5837
08/11/2026 14:55:02 - INFO - __main__ - [XLM-R + CRF] epoch 3 step 6200/6750 loss=7.0716
08/11/2026 14:55:23 - INFO - __main__ - [XLM-R + CRF] epoch 3 step 6250/6750 loss=8.3306
08/11/2026 14:55:44 - INFO - __main__ - [XLM-R + CRF] epoch 3 step 6300/6750 loss=8.3086
08/11/2026 14:56:04 - INFO - __main__ - [XLM-R + CRF] epoch 3 step 6350/6750 loss=6.9795
08/11/2026 14:56:25 - INFO - __main__ - [XLM-R + CRF] epoch 3 step 6400/6750 loss=6.0422
08/11/2026 14:56:46 - INFO - __main__ - [XLM-R + CRF] epoch 3 step 6450/6750 loss=8.9105
08/11/2026 14:57:07 - INFO - __main__ - [XLM-R + CRF] epoch 3 step 6500/6750 loss=6.1217
08/11/2026 14:57:27 - INFO - __main__ - [XLM-R + CRF] epoch 3 step 6550/6750 loss=6.9191
08/11/2026 14:57:47 - INFO - __main__ - [XLM-R + CRF] epoch 3 step 6600/6750 loss=7.2864
08/11/2026 14:58:08 - INFO - __main__ - [XLM-R + CRF] epoch 3 step 6650/6750 loss=6.3333
08/11/2026 14:58:28 - INFO - __main__ - [XLM-R + CRF] epoch 3 step 6700/6750 loss=10.3822
08/11/2026 14:58:49 - INFO - __main__ - [XLM-R + CRF] epoch 3 step 6750/6750 loss=5.5635
08/11/2026 14:58:49 - INFO - __main__ - [XLM-R + CRF] Epoch 3 xong sau 2840.9s, avg_loss=7.6691
08/11/2026 15:02:38 - INFO - __main__ - [XLM-R + CRF] Epoch 3 - Valid macro F1 = 0.5744
              precision    recall  f1-score   support

      PERIOD     0.8507    0.8867    0.8683    140169
       COMMA     0.7663    0.7236    0.7443    162056
       COLON     0.6454    0.5594    0.5994     10825
       QMARK     0.7660    0.7090    0.7364      4884
      EXCLAM     0.4488    0.1647    0.2410      2556
   SEMICOLON     0.4178    0.1857    0.2571      1944

   micro avg     0.8000    0.7811    0.7904    322434
   macro avg     0.6492    0.5382    0.5744    322434
weighted avg     0.7943    0.7811    0.7863    322434

08/11/2026 15:02:47 - INFO - __main__ - -> [XLM-R + CRF] best checkpoint mới, macro F1 = 0.5744
/root/phopunct/baseline_lstm_crf.py:261: FutureWarning: `torch.cuda.amp.autocast(args...)` is deprecated. Please use `torch.amp.autocast('cuda', args...)` instead.
  with torch.cuda.amp.autocast(enabled=use_amp):
08/11/2026 15:03:08 - INFO - __main__ - [XLM-R + CRF] epoch 4 step 50/6750 loss=7.2338
08/11/2026 15:03:30 - INFO - __main__ - [XLM-R + CRF] epoch 4 step 100/6750 loss=6.8207
08/11/2026 15:03:50 - INFO - __main__ - [XLM-R + CRF] epoch 4 step 150/6750 loss=7.3727
08/11/2026 15:04:11 - INFO - __main__ - [XLM-R + CRF] epoch 4 step 200/6750 loss=7.1681
08/11/2026 15:04:32 - INFO - __main__ - [XLM-R + CRF] epoch 4 step 250/6750 loss=7.5873
08/11/2026 15:04:52 - INFO - __main__ - [XLM-R + CRF] epoch 4 step 300/6750 loss=6.5836
08/11/2026 15:05:13 - INFO - __main__ - [XLM-R + CRF] epoch 4 step 350/6750 loss=7.1963
08/11/2026 15:05:34 - INFO - __main__ - [XLM-R + CRF] epoch 4 step 400/6750 loss=3.7723
08/11/2026 15:05:55 - INFO - __main__ - [XLM-R + CRF] epoch 4 step 450/6750 loss=8.6612
08/11/2026 15:06:15 - INFO - __main__ - [XLM-R + CRF] epoch 4 step 500/6750 loss=7.6009
08/11/2026 15:06:36 - INFO - __main__ - [XLM-R + CRF] epoch 4 step 550/6750 loss=6.4333
08/11/2026 15:06:57 - INFO - __main__ - [XLM-R + CRF] epoch 4 step 600/6750 loss=7.1002
08/11/2026 15:07:18 - INFO - __main__ - [XLM-R + CRF] epoch 4 step 650/6750 loss=6.9431
08/11/2026 15:07:39 - INFO - __main__ - [XLM-R + CRF] epoch 4 step 700/6750 loss=6.7459
08/11/2026 15:07:59 - INFO - __main__ - [XLM-R + CRF] epoch 4 step 750/6750 loss=8.5233
08/11/2026 15:08:21 - INFO - __main__ - [XLM-R + CRF] epoch 4 step 800/6750 loss=8.3188
08/11/2026 15:08:43 - INFO - __main__ - [XLM-R + CRF] epoch 4 step 850/6750 loss=7.3327
08/11/2026 15:09:03 - INFO - __main__ - [XLM-R + CRF] epoch 4 step 900/6750 loss=4.0004
08/11/2026 15:09:24 - INFO - __main__ - [XLM-R + CRF] epoch 4 step 950/6750 loss=5.6878
08/11/2026 15:09:45 - INFO - __main__ - [XLM-R + CRF] epoch 4 step 1000/6750 loss=7.1186
08/11/2026 15:10:05 - INFO - __main__ - [XLM-R + CRF] epoch 4 step 1050/6750 loss=7.7460
08/11/2026 15:10:27 - INFO - __main__ - [XLM-R + CRF] epoch 4 step 1100/6750 loss=6.9317
08/11/2026 15:10:48 - INFO - __main__ - [XLM-R + CRF] epoch 4 step 1150/6750 loss=6.1974
08/11/2026 15:11:08 - INFO - __main__ - [XLM-R + CRF] epoch 4 step 1200/6750 loss=6.3334
08/11/2026 15:11:29 - INFO - __main__ - [XLM-R + CRF] epoch 4 step 1250/6750 loss=8.9758
08/11/2026 15:11:50 - INFO - __main__ - [XLM-R + CRF] epoch 4 step 1300/6750 loss=9.6503
08/11/2026 15:12:11 - INFO - __main__ - [XLM-R + CRF] epoch 4 step 1350/6750 loss=6.4784
08/11/2026 15:12:32 - INFO - __main__ - [XLM-R + CRF] epoch 4 step 1400/6750 loss=6.5781
08/11/2026 15:12:53 - INFO - __main__ - [XLM-R + CRF] epoch 4 step 1450/6750 loss=7.1021
08/11/2026 15:13:14 - INFO - __main__ - [XLM-R + CRF] epoch 4 step 1500/6750 loss=6.4265
08/11/2026 15:13:35 - INFO - __main__ - [XLM-R + CRF] epoch 4 step 1550/6750 loss=7.6935
08/11/2026 15:13:56 - INFO - __main__ - [XLM-R + CRF] epoch 4 step 1600/6750 loss=5.3745
08/11/2026 15:14:17 - INFO - __main__ - [XLM-R + CRF] epoch 4 step 1650/6750 loss=7.3276
08/11/2026 15:14:38 - INFO - __main__ - [XLM-R + CRF] epoch 4 step 1700/6750 loss=6.8194
08/11/2026 15:14:59 - INFO - __main__ - [XLM-R + CRF] epoch 4 step 1750/6750 loss=10.3977
08/11/2026 15:15:19 - INFO - __main__ - [XLM-R + CRF] epoch 4 step 1800/6750 loss=7.0749
08/11/2026 15:15:40 - INFO - __main__ - [XLM-R + CRF] epoch 4 step 1850/6750 loss=8.1983
08/11/2026 15:16:01 - INFO - __main__ - [XLM-R + CRF] epoch 4 step 1900/6750 loss=5.6682
08/11/2026 15:16:22 - INFO - __main__ - [XLM-R + CRF] epoch 4 step 1950/6750 loss=8.0511
08/11/2026 15:16:43 - INFO - __main__ - [XLM-R + CRF] epoch 4 step 2000/6750 loss=6.3800
08/11/2026 15:17:03 - INFO - __main__ - [XLM-R + CRF] epoch 4 step 2050/6750 loss=6.1663
08/11/2026 15:17:24 - INFO - __main__ - [XLM-R + CRF] epoch 4 step 2100/6750 loss=5.6718
08/11/2026 15:17:44 - INFO - __main__ - [XLM-R + CRF] epoch 4 step 2150/6750 loss=6.5222
08/11/2026 15:18:04 - INFO - __main__ - [XLM-R + CRF] epoch 4 step 2200/6750 loss=9.6614
08/11/2026 15:18:24 - INFO - __main__ - [XLM-R + CRF] epoch 4 step 2250/6750 loss=6.4962
08/11/2026 15:18:45 - INFO - __main__ - [XLM-R + CRF] epoch 4 step 2300/6750 loss=6.8074
08/11/2026 15:19:06 - INFO - __main__ - [XLM-R + CRF] epoch 4 step 2350/6750 loss=5.6772
08/11/2026 15:19:26 - INFO - __main__ - [XLM-R + CRF] epoch 4 step 2400/6750 loss=6.4193
08/11/2026 15:19:47 - INFO - __main__ - [XLM-R + CRF] epoch 4 step 2450/6750 loss=6.4906
08/11/2026 15:20:08 - INFO - __main__ - [XLM-R + CRF] epoch 4 step 2500/6750 loss=6.4616
08/11/2026 15:20:29 - INFO - __main__ - [XLM-R + CRF] epoch 4 step 2550/6750 loss=7.9068
08/11/2026 15:20:49 - INFO - __main__ - [XLM-R + CRF] epoch 4 step 2600/6750 loss=5.3450
08/11/2026 15:21:10 - INFO - __main__ - [XLM-R + CRF] epoch 4 step 2650/6750 loss=7.7423
08/11/2026 15:21:30 - INFO - __main__ - [XLM-R + CRF] epoch 4 step 2700/6750 loss=5.5114
08/11/2026 15:21:51 - INFO - __main__ - [XLM-R + CRF] epoch 4 step 2750/6750 loss=7.2860
08/11/2026 15:22:11 - INFO - __main__ - [XLM-R + CRF] epoch 4 step 2800/6750 loss=7.3582
08/11/2026 15:22:32 - INFO - __main__ - [XLM-R + CRF] epoch 4 step 2850/6750 loss=6.7510
08/11/2026 15:22:52 - INFO - __main__ - [XLM-R + CRF] epoch 4 step 2900/6750 loss=5.4414
08/11/2026 15:23:13 - INFO - __main__ - [XLM-R + CRF] epoch 4 step 2950/6750 loss=6.8077
08/11/2026 15:23:33 - INFO - __main__ - [XLM-R + CRF] epoch 4 step 3000/6750 loss=5.6039
08/11/2026 15:23:54 - INFO - __main__ - [XLM-R + CRF] epoch 4 step 3050/6750 loss=5.7063
08/11/2026 15:24:15 - INFO - __main__ - [XLM-R + CRF] epoch 4 step 3100/6750 loss=6.5678
08/11/2026 15:24:36 - INFO - __main__ - [XLM-R + CRF] epoch 4 step 3150/6750 loss=7.4001
08/11/2026 15:24:56 - INFO - __main__ - [XLM-R + CRF] epoch 4 step 3200/6750 loss=5.1954
08/11/2026 15:25:16 - INFO - __main__ - [XLM-R + CRF] epoch 4 step 3250/6750 loss=7.6710
08/11/2026 15:25:37 - INFO - __main__ - [XLM-R + CRF] epoch 4 step 3300/6750 loss=8.2783
08/11/2026 15:25:57 - INFO - __main__ - [XLM-R + CRF] epoch 4 step 3350/6750 loss=5.2448
08/11/2026 15:26:17 - INFO - __main__ - [XLM-R + CRF] epoch 4 step 3400/6750 loss=7.7067
08/11/2026 15:26:38 - INFO - __main__ - [XLM-R + CRF] epoch 4 step 3450/6750 loss=5.5059
08/11/2026 15:26:58 - INFO - __main__ - [XLM-R + CRF] epoch 4 step 3500/6750 loss=8.0335
08/11/2026 15:27:19 - INFO - __main__ - [XLM-R + CRF] epoch 4 step 3550/6750 loss=8.7564
08/11/2026 15:27:39 - INFO - __main__ - [XLM-R + CRF] epoch 4 step 3600/6750 loss=7.7108
08/11/2026 15:28:00 - INFO - __main__ - [XLM-R + CRF] epoch 4 step 3650/6750 loss=7.5108
08/11/2026 15:28:20 - INFO - __main__ - [XLM-R + CRF] epoch 4 step 3700/6750 loss=7.9904
08/11/2026 15:28:41 - INFO - __main__ - [XLM-R + CRF] epoch 4 step 3750/6750 loss=4.7497
08/11/2026 15:29:01 - INFO - __main__ - [XLM-R + CRF] epoch 4 step 3800/6750 loss=7.4498
08/11/2026 15:29:22 - INFO - __main__ - [XLM-R + CRF] epoch 4 step 3850/6750 loss=5.4388
08/11/2026 15:29:43 - INFO - __main__ - [XLM-R + CRF] epoch 4 step 3900/6750 loss=7.1612
08/11/2026 15:30:03 - INFO - __main__ - [XLM-R + CRF] epoch 4 step 3950/6750 loss=7.7220
08/11/2026 15:30:24 - INFO - __main__ - [XLM-R + CRF] epoch 4 step 4000/6750 loss=7.4384
08/11/2026 15:30:45 - INFO - __main__ - [XLM-R + CRF] epoch 4 step 4050/6750 loss=5.9604
08/11/2026 15:31:06 - INFO - __main__ - [XLM-R + CRF] epoch 4 step 4100/6750 loss=6.8044
08/11/2026 15:31:27 - INFO - __main__ - [XLM-R + CRF] epoch 4 step 4150/6750 loss=6.0897
08/11/2026 15:31:48 - INFO - __main__ - [XLM-R + CRF] epoch 4 step 4200/6750 loss=8.0639
08/11/2026 15:32:09 - INFO - __main__ - [XLM-R + CRF] epoch 4 step 4250/6750 loss=7.6229
08/11/2026 15:32:29 - INFO - __main__ - [XLM-R + CRF] epoch 4 step 4300/6750 loss=6.8795
08/11/2026 15:32:50 - INFO - __main__ - [XLM-R + CRF] epoch 4 step 4350/6750 loss=5.1745
08/11/2026 15:33:12 - INFO - __main__ - [XLM-R + CRF] epoch 4 step 4400/6750 loss=4.9141
08/11/2026 15:33:32 - INFO - __main__ - [XLM-R + CRF] epoch 4 step 4450/6750 loss=6.4499
08/11/2026 15:33:53 - INFO - __main__ - [XLM-R + CRF] epoch 4 step 4500/6750 loss=7.1196
08/11/2026 15:34:14 - INFO - __main__ - [XLM-R + CRF] epoch 4 step 4550/6750 loss=5.6984
08/11/2026 15:34:35 - INFO - __main__ - [XLM-R + CRF] epoch 4 step 4600/6750 loss=8.0271
08/11/2026 15:34:56 - INFO - __main__ - [XLM-R + CRF] epoch 4 step 4650/6750 loss=5.9500
08/11/2026 15:35:18 - INFO - __main__ - [XLM-R + CRF] epoch 4 step 4700/6750 loss=4.8866
08/11/2026 15:35:39 - INFO - __main__ - [XLM-R + CRF] epoch 4 step 4750/6750 loss=8.2738
08/11/2026 15:36:01 - INFO - __main__ - [XLM-R + CRF] epoch 4 step 4800/6750 loss=7.6972
08/11/2026 15:36:23 - INFO - __main__ - [XLM-R + CRF] epoch 4 step 4850/6750 loss=6.2637
08/11/2026 15:36:45 - INFO - __main__ - [XLM-R + CRF] epoch 4 step 4900/6750 loss=7.3607
08/11/2026 15:37:07 - INFO - __main__ - [XLM-R + CRF] epoch 4 step 4950/6750 loss=5.3384
08/11/2026 15:37:28 - INFO - __main__ - [XLM-R + CRF] epoch 4 step 5000/6750 loss=6.3794
08/11/2026 15:37:50 - INFO - __main__ - [XLM-R + CRF] epoch 4 step 5050/6750 loss=8.1237
08/11/2026 15:38:11 - INFO - __main__ - [XLM-R + CRF] epoch 4 step 5100/6750 loss=7.9507
08/11/2026 15:38:32 - INFO - __main__ - [XLM-R + CRF] epoch 4 step 5150/6750 loss=6.4891
08/11/2026 15:38:54 - INFO - __main__ - [XLM-R + CRF] epoch 4 step 5200/6750 loss=6.7372
08/11/2026 15:39:15 - INFO - __main__ - [XLM-R + CRF] epoch 4 step 5250/6750 loss=6.9639
08/11/2026 15:39:36 - INFO - __main__ - [XLM-R + CRF] epoch 4 step 5300/6750 loss=5.8427
08/11/2026 15:39:58 - INFO - __main__ - [XLM-R + CRF] epoch 4 step 5350/6750 loss=5.9883
08/11/2026 15:40:20 - INFO - __main__ - [XLM-R + CRF] epoch 4 step 5400/6750 loss=8.0359
08/11/2026 15:40:40 - INFO - __main__ - [XLM-R + CRF] epoch 4 step 5450/6750 loss=4.4258
08/11/2026 15:41:01 - INFO - __main__ - [XLM-R + CRF] epoch 4 step 5500/6750 loss=5.0134
08/11/2026 15:41:22 - INFO - __main__ - [XLM-R + CRF] epoch 4 step 5550/6750 loss=5.6917
08/11/2026 15:41:43 - INFO - __main__ - [XLM-R + CRF] epoch 4 step 5600/6750 loss=6.8564
08/11/2026 15:42:03 - INFO - __main__ - [XLM-R + CRF] epoch 4 step 5650/6750 loss=5.8686
08/11/2026 15:42:25 - INFO - __main__ - [XLM-R + CRF] epoch 4 step 5700/6750 loss=5.0335
08/11/2026 15:42:46 - INFO - __main__ - [XLM-R + CRF] epoch 4 step 5750/6750 loss=7.6296
08/11/2026 15:43:06 - INFO - __main__ - [XLM-R + CRF] epoch 4 step 5800/6750 loss=8.3186
08/11/2026 15:43:27 - INFO - __main__ - [XLM-R + CRF] epoch 4 step 5850/6750 loss=9.8670
08/11/2026 15:43:47 - INFO - __main__ - [XLM-R + CRF] epoch 4 step 5900/6750 loss=6.8844
08/11/2026 15:44:08 - INFO - __main__ - [XLM-R + CRF] epoch 4 step 5950/6750 loss=7.3617
08/11/2026 15:44:29 - INFO - __main__ - [XLM-R + CRF] epoch 4 step 6000/6750 loss=8.3750
08/11/2026 15:44:50 - INFO - __main__ - [XLM-R + CRF] epoch 4 step 6050/6750 loss=5.0036
08/11/2026 15:45:10 - INFO - __main__ - [XLM-R + CRF] epoch 4 step 6100/6750 loss=5.7134
08/11/2026 15:45:31 - INFO - __main__ - [XLM-R + CRF] epoch 4 step 6150/6750 loss=8.2497
08/11/2026 15:45:52 - INFO - __main__ - [XLM-R + CRF] epoch 4 step 6200/6750 loss=7.8536
08/11/2026 15:46:13 - INFO - __main__ - [XLM-R + CRF] epoch 4 step 6250/6750 loss=6.5216
08/11/2026 15:46:34 - INFO - __main__ - [XLM-R + CRF] epoch 4 step 6300/6750 loss=5.6602
08/11/2026 15:46:55 - INFO - __main__ - [XLM-R + CRF] epoch 4 step 6350/6750 loss=5.9954
08/11/2026 15:47:16 - INFO - __main__ - [XLM-R + CRF] epoch 4 step 6400/6750 loss=7.4960
08/11/2026 15:47:37 - INFO - __main__ - [XLM-R + CRF] epoch 4 step 6450/6750 loss=6.6148
08/11/2026 15:47:58 - INFO - __main__ - [XLM-R + CRF] epoch 4 step 6500/6750 loss=7.2059
08/11/2026 15:48:19 - INFO - __main__ - [XLM-R + CRF] epoch 4 step 6550/6750 loss=7.7034
08/11/2026 15:48:39 - INFO - __main__ - [XLM-R + CRF] epoch 4 step 6600/6750 loss=6.1255
08/11/2026 15:49:00 - INFO - __main__ - [XLM-R + CRF] epoch 4 step 6650/6750 loss=7.0721
08/11/2026 15:49:21 - INFO - __main__ - [XLM-R + CRF] epoch 4 step 6700/6750 loss=6.2876
08/11/2026 15:49:42 - INFO - __main__ - [XLM-R + CRF] epoch 4 step 6750/6750 loss=7.0842
08/11/2026 15:49:42 - INFO - __main__ - [XLM-R + CRF] Epoch 4 xong sau 2814.9s, avg_loss=6.8867
08/11/2026 15:53:28 - INFO - __main__ - [XLM-R + CRF] Epoch 4 - Valid macro F1 = 0.5620
              precision    recall  f1-score   support

      PERIOD     0.8620    0.8805    0.8712    140169
       COMMA     0.7534    0.7465    0.7500    162056
       COLON     0.6409    0.5934    0.6163     10825
       QMARK     0.7431    0.7328    0.7379      4884
      EXCLAM     0.6045    0.1166    0.1955      2556
   SEMICOLON     0.4446    0.1301    0.2014      1944

   micro avg     0.7976    0.7907    0.7941    322434
   macro avg     0.6748    0.5333    0.5620    322434
weighted avg     0.7937    0.7907    0.7903    322434

/root/phopunct/baseline_lstm_crf.py:261: FutureWarning: `torch.cuda.amp.autocast(args...)` is deprecated. Please use `torch.amp.autocast('cuda', args...)` instead.
  with torch.cuda.amp.autocast(enabled=use_amp):
08/11/2026 15:53:53 - INFO - __main__ - [XLM-R + CRF] epoch 5 step 50/6750 loss=4.9304
08/11/2026 15:54:14 - INFO - __main__ - [XLM-R + CRF] epoch 5 step 100/6750 loss=5.3060
08/11/2026 15:54:35 - INFO - __main__ - [XLM-R + CRF] epoch 5 step 150/6750 loss=7.5761
08/11/2026 15:54:56 - INFO - __main__ - [XLM-R + CRF] epoch 5 step 200/6750 loss=6.8869
08/11/2026 15:55:18 - INFO - __main__ - [XLM-R + CRF] epoch 5 step 250/6750 loss=5.1814
08/11/2026 15:55:39 - INFO - __main__ - [XLM-R + CRF] epoch 5 step 300/6750 loss=6.2411
08/11/2026 15:56:01 - INFO - __main__ - [XLM-R + CRF] epoch 5 step 350/6750 loss=5.8064
08/11/2026 15:56:22 - INFO - __main__ - [XLM-R + CRF] epoch 5 step 400/6750 loss=6.3240
08/11/2026 15:56:43 - INFO - __main__ - [XLM-R + CRF] epoch 5 step 450/6750 loss=4.7588
08/11/2026 15:57:04 - INFO - __main__ - [XLM-R + CRF] epoch 5 step 500/6750 loss=5.7492
08/11/2026 15:57:25 - INFO - __main__ - [XLM-R + CRF] epoch 5 step 550/6750 loss=6.1282
08/11/2026 15:57:47 - INFO - __main__ - [XLM-R + CRF] epoch 5 step 600/6750 loss=5.9214
08/11/2026 15:58:08 - INFO - __main__ - [XLM-R + CRF] epoch 5 step 650/6750 loss=8.0880
08/11/2026 15:58:30 - INFO - __main__ - [XLM-R + CRF] epoch 5 step 700/6750 loss=5.8405
08/11/2026 15:58:52 - INFO - __main__ - [XLM-R + CRF] epoch 5 step 750/6750 loss=6.7621
08/11/2026 15:59:14 - INFO - __main__ - [XLM-R + CRF] epoch 5 step 800/6750 loss=6.6328
08/11/2026 15:59:36 - INFO - __main__ - [XLM-R + CRF] epoch 5 step 850/6750 loss=7.2594
08/11/2026 15:59:58 - INFO - __main__ - [XLM-R + CRF] epoch 5 step 900/6750 loss=6.2197
08/11/2026 16:00:19 - INFO - __main__ - [XLM-R + CRF] epoch 5 step 950/6750 loss=6.8675
08/11/2026 16:00:41 - INFO - __main__ - [XLM-R + CRF] epoch 5 step 1000/6750 loss=5.1325
08/11/2026 16:01:01 - INFO - __main__ - [XLM-R + CRF] epoch 5 step 1050/6750 loss=6.5027
08/11/2026 16:01:23 - INFO - __main__ - [XLM-R + CRF] epoch 5 step 1100/6750 loss=6.2083
08/11/2026 16:01:43 - INFO - __main__ - [XLM-R + CRF] epoch 5 step 1150/6750 loss=7.2636
08/11/2026 16:02:04 - INFO - __main__ - [XLM-R + CRF] epoch 5 step 1200/6750 loss=7.9826
08/11/2026 16:02:25 - INFO - __main__ - [XLM-R + CRF] epoch 5 step 1250/6750 loss=5.1289
08/11/2026 16:02:46 - INFO - __main__ - [XLM-R + CRF] epoch 5 step 1300/6750 loss=6.5428
08/11/2026 16:03:07 - INFO - __main__ - [XLM-R + CRF] epoch 5 step 1350/6750 loss=5.4718
08/11/2026 16:03:28 - INFO - __main__ - [XLM-R + CRF] epoch 5 step 1400/6750 loss=6.4858
08/11/2026 16:03:49 - INFO - __main__ - [XLM-R + CRF] epoch 5 step 1450/6750 loss=7.4355
08/11/2026 16:04:10 - INFO - __main__ - [XLM-R + CRF] epoch 5 step 1500/6750 loss=5.0734
08/11/2026 16:04:31 - INFO - __main__ - [XLM-R + CRF] epoch 5 step 1550/6750 loss=7.7836
08/11/2026 16:04:52 - INFO - __main__ - [XLM-R + CRF] epoch 5 step 1600/6750 loss=5.8859
08/11/2026 16:05:14 - INFO - __main__ - [XLM-R + CRF] epoch 5 step 1650/6750 loss=7.3633
08/11/2026 16:05:35 - INFO - __main__ - [XLM-R + CRF] epoch 5 step 1700/6750 loss=5.7215
08/11/2026 16:05:55 - INFO - __main__ - [XLM-R + CRF] epoch 5 step 1750/6750 loss=9.4957
08/11/2026 16:06:16 - INFO - __main__ - [XLM-R + CRF] epoch 5 step 1800/6750 loss=6.9309
08/11/2026 16:06:37 - INFO - __main__ - [XLM-R + CRF] epoch 5 step 1850/6750 loss=5.9216
08/11/2026 16:06:58 - INFO - __main__ - [XLM-R + CRF] epoch 5 step 1900/6750 loss=6.0736
08/11/2026 16:07:19 - INFO - __main__ - [XLM-R + CRF] epoch 5 step 1950/6750 loss=4.9165
08/11/2026 16:07:40 - INFO - __main__ - [XLM-R + CRF] epoch 5 step 2000/6750 loss=4.3280
08/11/2026 16:08:01 - INFO - __main__ - [XLM-R + CRF] epoch 5 step 2050/6750 loss=4.3861
08/11/2026 16:08:22 - INFO - __main__ - [XLM-R + CRF] epoch 5 step 2100/6750 loss=7.7740
08/11/2026 16:08:43 - INFO - __main__ - [XLM-R + CRF] epoch 5 step 2150/6750 loss=7.2309
08/11/2026 16:09:04 - INFO - __main__ - [XLM-R + CRF] epoch 5 step 2200/6750 loss=6.4390
08/11/2026 16:09:26 - INFO - __main__ - [XLM-R + CRF] epoch 5 step 2250/6750 loss=6.1551
08/11/2026 16:09:46 - INFO - __main__ - [XLM-R + CRF] epoch 5 step 2300/6750 loss=4.1911
08/11/2026 16:10:07 - INFO - __main__ - [XLM-R + CRF] epoch 5 step 2350/6750 loss=8.4898
08/11/2026 16:10:28 - INFO - __main__ - [XLM-R + CRF] epoch 5 step 2400/6750 loss=8.9685
08/11/2026 16:10:48 - INFO - __main__ - [XLM-R + CRF] epoch 5 step 2450/6750 loss=5.4635
08/11/2026 16:11:09 - INFO - __main__ - [XLM-R + CRF] epoch 5 step 2500/6750 loss=6.8760
08/11/2026 16:11:29 - INFO - __main__ - [XLM-R + CRF] epoch 5 step 2550/6750 loss=7.3852
08/11/2026 16:11:50 - INFO - __main__ - [XLM-R + CRF] epoch 5 step 2600/6750 loss=9.1822
08/11/2026 16:12:10 - INFO - __main__ - [XLM-R + CRF] epoch 5 step 2650/6750 loss=5.9545
08/11/2026 16:12:31 - INFO - __main__ - [XLM-R + CRF] epoch 5 step 2700/6750 loss=5.4460
08/11/2026 16:12:52 - INFO - __main__ - [XLM-R + CRF] epoch 5 step 2750/6750 loss=4.6083
08/11/2026 16:13:12 - INFO - __main__ - [XLM-R + CRF] epoch 5 step 2800/6750 loss=5.1763
08/11/2026 16:13:33 - INFO - __main__ - [XLM-R + CRF] epoch 5 step 2850/6750 loss=5.8724
08/11/2026 16:13:54 - INFO - __main__ - [XLM-R + CRF] epoch 5 step 2900/6750 loss=3.7196
08/11/2026 16:14:15 - INFO - __main__ - [XLM-R + CRF] epoch 5 step 2950/6750 loss=7.0461
08/11/2026 16:14:35 - INFO - __main__ - [XLM-R + CRF] epoch 5 step 3000/6750 loss=6.3343
08/11/2026 16:14:56 - INFO - __main__ - [XLM-R + CRF] epoch 5 step 3050/6750 loss=4.6562
08/11/2026 16:15:17 - INFO - __main__ - [XLM-R + CRF] epoch 5 step 3100/6750 loss=6.0893
08/11/2026 16:15:39 - INFO - __main__ - [XLM-R + CRF] epoch 5 step 3150/6750 loss=5.4419
08/11/2026 16:15:59 - INFO - __main__ - [XLM-R + CRF] epoch 5 step 3200/6750 loss=7.6077
08/11/2026 16:16:20 - INFO - __main__ - [XLM-R + CRF] epoch 5 step 3250/6750 loss=6.3343
08/11/2026 16:16:41 - INFO - __main__ - [XLM-R + CRF] epoch 5 step 3300/6750 loss=5.7067
08/11/2026 16:17:02 - INFO - __main__ - [XLM-R + CRF] epoch 5 step 3350/6750 loss=6.4396
08/11/2026 16:17:23 - INFO - __main__ - [XLM-R + CRF] epoch 5 step 3400/6750 loss=5.1078
08/11/2026 16:17:44 - INFO - __main__ - [XLM-R + CRF] epoch 5 step 3450/6750 loss=5.1251
08/11/2026 16:18:05 - INFO - __main__ - [XLM-R + CRF] epoch 5 step 3500/6750 loss=5.3191
08/11/2026 16:18:25 - INFO - __main__ - [XLM-R + CRF] epoch 5 step 3550/6750 loss=5.3371
08/11/2026 16:18:46 - INFO - __main__ - [XLM-R + CRF] epoch 5 step 3600/6750 loss=5.0576
08/11/2026 16:19:07 - INFO - __main__ - [XLM-R + CRF] epoch 5 step 3650/6750 loss=8.9062
08/11/2026 16:19:27 - INFO - __main__ - [XLM-R + CRF] epoch 5 step 3700/6750 loss=5.2692
08/11/2026 16:19:48 - INFO - __main__ - [XLM-R + CRF] epoch 5 step 3750/6750 loss=7.2612
08/11/2026 16:20:09 - INFO - __main__ - [XLM-R + CRF] epoch 5 step 3800/6750 loss=6.4217
08/11/2026 16:20:31 - INFO - __main__ - [XLM-R + CRF] epoch 5 step 3850/6750 loss=10.4517
08/11/2026 16:20:52 - INFO - __main__ - [XLM-R + CRF] epoch 5 step 3900/6750 loss=6.2499
08/11/2026 16:21:14 - INFO - __main__ - [XLM-R + CRF] epoch 5 step 3950/6750 loss=7.1278
08/11/2026 16:21:35 - INFO - __main__ - [XLM-R + CRF] epoch 5 step 4000/6750 loss=7.4038
08/11/2026 16:21:56 - INFO - __main__ - [XLM-R + CRF] epoch 5 step 4050/6750 loss=7.0295
08/11/2026 16:22:17 - INFO - __main__ - [XLM-R + CRF] epoch 5 step 4100/6750 loss=6.4750
08/11/2026 16:22:38 - INFO - __main__ - [XLM-R + CRF] epoch 5 step 4150/6750 loss=7.0260
08/11/2026 16:22:59 - INFO - __main__ - [XLM-R + CRF] epoch 5 step 4200/6750 loss=6.0011
08/11/2026 16:23:20 - INFO - __main__ - [XLM-R + CRF] epoch 5 step 4250/6750 loss=6.2555
08/11/2026 16:23:41 - INFO - __main__ - [XLM-R + CRF] epoch 5 step 4300/6750 loss=4.4597
08/11/2026 16:24:02 - INFO - __main__ - [XLM-R + CRF] epoch 5 step 4350/6750 loss=9.8342
08/11/2026 16:24:24 - INFO - __main__ - [XLM-R + CRF] epoch 5 step 4400/6750 loss=6.0663
08/11/2026 16:24:44 - INFO - __main__ - [XLM-R + CRF] epoch 5 step 4450/6750 loss=5.6084
08/11/2026 16:25:06 - INFO - __main__ - [XLM-R + CRF] epoch 5 step 4500/6750 loss=6.7774
08/11/2026 16:25:27 - INFO - __main__ - [XLM-R + CRF] epoch 5 step 4550/6750 loss=4.8830
08/11/2026 16:25:48 - INFO - __main__ - [XLM-R + CRF] epoch 5 step 4600/6750 loss=7.3282
08/11/2026 16:26:09 - INFO - __main__ - [XLM-R + CRF] epoch 5 step 4650/6750 loss=7.3943
08/11/2026 16:26:30 - INFO - __main__ - [XLM-R + CRF] epoch 5 step 4700/6750 loss=7.3194
08/11/2026 16:26:51 - INFO - __main__ - [XLM-R + CRF] epoch 5 step 4750/6750 loss=5.2980
08/11/2026 16:27:13 - INFO - __main__ - [XLM-R + CRF] epoch 5 step 4800/6750 loss=7.4862
08/11/2026 16:27:34 - INFO - __main__ - [XLM-R + CRF] epoch 5 step 4850/6750 loss=5.1950
08/11/2026 16:27:56 - INFO - __main__ - [XLM-R + CRF] epoch 5 step 4900/6750 loss=6.4309
08/11/2026 16:28:17 - INFO - __main__ - [XLM-R + CRF] epoch 5 step 4950/6750 loss=8.8914
08/11/2026 16:28:39 - INFO - __main__ - [XLM-R + CRF] epoch 5 step 5000/6750 loss=6.4642
08/11/2026 16:29:00 - INFO - __main__ - [XLM-R + CRF] epoch 5 step 5050/6750 loss=7.7685
08/11/2026 16:29:22 - INFO - __main__ - [XLM-R + CRF] epoch 5 step 5100/6750 loss=4.6282
08/11/2026 16:29:43 - INFO - __main__ - [XLM-R + CRF] epoch 5 step 5150/6750 loss=4.9594
08/11/2026 16:30:04 - INFO - __main__ - [XLM-R + CRF] epoch 5 step 5200/6750 loss=7.0424
08/11/2026 16:30:25 - INFO - __main__ - [XLM-R + CRF] epoch 5 step 5250/6750 loss=5.6349
08/11/2026 16:30:47 - INFO - __main__ - [XLM-R + CRF] epoch 5 step 5300/6750 loss=6.1631
08/11/2026 16:31:09 - INFO - __main__ - [XLM-R + CRF] epoch 5 step 5350/6750 loss=6.3397
08/11/2026 16:31:30 - INFO - __main__ - [XLM-R + CRF] epoch 5 step 5400/6750 loss=6.3201
08/11/2026 16:31:52 - INFO - __main__ - [XLM-R + CRF] epoch 5 step 5450/6750 loss=7.3933
08/11/2026 16:32:12 - INFO - __main__ - [XLM-R + CRF] epoch 5 step 5500/6750 loss=8.2200
08/11/2026 16:32:33 - INFO - __main__ - [XLM-R + CRF] epoch 5 step 5550/6750 loss=6.4152
08/11/2026 16:32:54 - INFO - __main__ - [XLM-R + CRF] epoch 5 step 5600/6750 loss=6.7166
08/11/2026 16:33:15 - INFO - __main__ - [XLM-R + CRF] epoch 5 step 5650/6750 loss=6.4358
08/11/2026 16:33:36 - INFO - __main__ - [XLM-R + CRF] epoch 5 step 5700/6750 loss=4.2397
08/11/2026 16:33:57 - INFO - __main__ - [XLM-R + CRF] epoch 5 step 5750/6750 loss=5.7135
08/11/2026 16:34:19 - INFO - __main__ - [XLM-R + CRF] epoch 5 step 5800/6750 loss=7.4701
08/11/2026 16:34:39 - INFO - __main__ - [XLM-R + CRF] epoch 5 step 5850/6750 loss=4.8594
08/11/2026 16:35:00 - INFO - __main__ - [XLM-R + CRF] epoch 5 step 5900/6750 loss=8.1189
08/11/2026 16:35:22 - INFO - __main__ - [XLM-R + CRF] epoch 5 step 5950/6750 loss=7.7073
08/11/2026 16:35:43 - INFO - __main__ - [XLM-R + CRF] epoch 5 step 6000/6750 loss=5.2805
08/11/2026 16:36:04 - INFO - __main__ - [XLM-R + CRF] epoch 5 step 6050/6750 loss=6.7154
08/11/2026 16:36:26 - INFO - __main__ - [XLM-R + CRF] epoch 5 step 6100/6750 loss=5.6301
08/11/2026 16:36:46 - INFO - __main__ - [XLM-R + CRF] epoch 5 step 6150/6750 loss=6.2090
08/11/2026 16:37:08 - INFO - __main__ - [XLM-R + CRF] epoch 5 step 6200/6750 loss=8.9356
08/11/2026 16:37:29 - INFO - __main__ - [XLM-R + CRF] epoch 5 step 6250/6750 loss=7.1139
08/11/2026 16:37:51 - INFO - __main__ - [XLM-R + CRF] epoch 5 step 6300/6750 loss=5.0106
08/11/2026 16:38:12 - INFO - __main__ - [XLM-R + CRF] epoch 5 step 6350/6750 loss=6.1878
08/11/2026 16:38:33 - INFO - __main__ - [XLM-R + CRF] epoch 5 step 6400/6750 loss=9.6151
08/11/2026 16:38:54 - INFO - __main__ - [XLM-R + CRF] epoch 5 step 6450/6750 loss=6.9739
08/11/2026 16:39:15 - INFO - __main__ - [XLM-R + CRF] epoch 5 step 6500/6750 loss=6.9890
08/11/2026 16:39:36 - INFO - __main__ - [XLM-R + CRF] epoch 5 step 6550/6750 loss=6.2474
08/11/2026 16:39:58 - INFO - __main__ - [XLM-R + CRF] epoch 5 step 6600/6750 loss=6.5684
08/11/2026 16:40:19 - INFO - __main__ - [XLM-R + CRF] epoch 5 step 6650/6750 loss=4.4828
08/11/2026 16:40:40 - INFO - __main__ - [XLM-R + CRF] epoch 5 step 6700/6750 loss=5.0696
08/11/2026 16:41:01 - INFO - __main__ - [XLM-R + CRF] epoch 5 step 6750/6750 loss=7.0759
08/11/2026 16:41:01 - INFO - __main__ - [XLM-R + CRF] Epoch 5 xong sau 2849.6s, avg_loss=6.2740
08/11/2026 16:44:49 - INFO - __main__ - [XLM-R + CRF] Epoch 5 - Valid macro F1 = 0.5751
              precision    recall  f1-score   support

      PERIOD     0.8534    0.8895    0.8711    140169
       COMMA     0.7582    0.7406    0.7493    162056
       COLON     0.6891    0.5442    0.6081     10825
       QMARK     0.7437    0.7308    0.7372      4884
      EXCLAM     0.4874    0.1659    0.2475      2556
   SEMICOLON     0.4467    0.1615    0.2372      1944

   micro avg     0.7982    0.7905    0.7944    322434
   macro avg     0.6631    0.5387    0.5751    322434
weighted avg     0.7930    0.7905    0.7902    322434

08/11/2026 16:44:58 - INFO - __main__ - -> [XLM-R + CRF] best checkpoint mới, macro F1 = 0.5751
/root/phopunct/baseline_lstm_crf.py:261: FutureWarning: `torch.cuda.amp.autocast(args...)` is deprecated. Please use `torch.amp.autocast('cuda', args...)` instead.
  with torch.cuda.amp.autocast(enabled=use_amp):
08/11/2026 16:45:20 - INFO - __main__ - [XLM-R + CRF] epoch 6 step 50/6750 loss=5.2389
08/11/2026 16:45:41 - INFO - __main__ - [XLM-R + CRF] epoch 6 step 100/6750 loss=3.6902
08/11/2026 16:46:02 - INFO - __main__ - [XLM-R + CRF] epoch 6 step 150/6750 loss=6.5722
08/11/2026 16:46:23 - INFO - __main__ - [XLM-R + CRF] epoch 6 step 200/6750 loss=6.6695
08/11/2026 16:46:45 - INFO - __main__ - [XLM-R + CRF] epoch 6 step 250/6750 loss=5.4245
08/11/2026 16:47:06 - INFO - __main__ - [XLM-R + CRF] epoch 6 step 300/6750 loss=5.9909
08/11/2026 16:47:27 - INFO - __main__ - [XLM-R + CRF] epoch 6 step 350/6750 loss=4.6116
08/11/2026 16:47:49 - INFO - __main__ - [XLM-R + CRF] epoch 6 step 400/6750 loss=5.6720
08/11/2026 16:48:10 - INFO - __main__ - [XLM-R + CRF] epoch 6 step 450/6750 loss=7.3354
08/11/2026 16:48:32 - INFO - __main__ - [XLM-R + CRF] epoch 6 step 500/6750 loss=5.0149
08/11/2026 16:48:53 - INFO - __main__ - [XLM-R + CRF] epoch 6 step 550/6750 loss=7.2191
08/11/2026 16:49:15 - INFO - __main__ - [XLM-R + CRF] epoch 6 step 600/6750 loss=5.6669
08/11/2026 16:49:36 - INFO - __main__ - [XLM-R + CRF] epoch 6 step 650/6750 loss=5.4468
08/11/2026 16:49:57 - INFO - __main__ - [XLM-R + CRF] epoch 6 step 700/6750 loss=4.6712
08/11/2026 16:50:18 - INFO - __main__ - [XLM-R + CRF] epoch 6 step 750/6750 loss=5.2683
08/11/2026 16:50:40 - INFO - __main__ - [XLM-R + CRF] epoch 6 step 800/6750 loss=5.8781
08/11/2026 16:51:01 - INFO - __main__ - [XLM-R + CRF] epoch 6 step 850/6750 loss=3.5098
08/11/2026 16:51:22 - INFO - __main__ - [XLM-R + CRF] epoch 6 step 900/6750 loss=4.6754
08/11/2026 16:51:44 - INFO - __main__ - [XLM-R + CRF] epoch 6 step 950/6750 loss=8.5824
08/11/2026 16:52:05 - INFO - __main__ - [XLM-R + CRF] epoch 6 step 1000/6750 loss=6.6477
08/11/2026 16:52:27 - INFO - __main__ - [XLM-R + CRF] epoch 6 step 1050/6750 loss=6.9258
08/11/2026 16:52:48 - INFO - __main__ - [XLM-R + CRF] epoch 6 step 1100/6750 loss=6.4917
08/11/2026 16:53:09 - INFO - __main__ - [XLM-R + CRF] epoch 6 step 1150/6750 loss=5.4751
08/11/2026 16:53:31 - INFO - __main__ - [XLM-R + CRF] epoch 6 step 1200/6750 loss=6.0472
08/11/2026 16:53:53 - INFO - __main__ - [XLM-R + CRF] epoch 6 step 1250/6750 loss=3.7856
08/11/2026 16:54:14 - INFO - __main__ - [XLM-R + CRF] epoch 6 step 1300/6750 loss=6.7060
08/11/2026 16:54:36 - INFO - __main__ - [XLM-R + CRF] epoch 6 step 1350/6750 loss=7.0598
08/11/2026 16:54:57 - INFO - __main__ - [XLM-R + CRF] epoch 6 step 1400/6750 loss=3.9691
08/11/2026 16:55:18 - INFO - __main__ - [XLM-R + CRF] epoch 6 step 1450/6750 loss=4.2744
08/11/2026 16:55:40 - INFO - __main__ - [XLM-R + CRF] epoch 6 step 1500/6750 loss=6.7359
08/11/2026 16:56:01 - INFO - __main__ - [XLM-R + CRF] epoch 6 step 1550/6750 loss=6.2930
08/11/2026 16:56:21 - INFO - __main__ - [XLM-R + CRF] epoch 6 step 1600/6750 loss=5.2206
08/11/2026 16:56:42 - INFO - __main__ - [XLM-R + CRF] epoch 6 step 1650/6750 loss=5.0701
08/11/2026 16:57:03 - INFO - __main__ - [XLM-R + CRF] epoch 6 step 1700/6750 loss=5.7302
08/11/2026 16:57:24 - INFO - __main__ - [XLM-R + CRF] epoch 6 step 1750/6750 loss=5.3001
08/11/2026 16:57:45 - INFO - __main__ - [XLM-R + CRF] epoch 6 step 1800/6750 loss=5.7024
08/11/2026 16:58:06 - INFO - __main__ - [XLM-R + CRF] epoch 6 step 1850/6750 loss=5.4490
08/11/2026 16:58:28 - INFO - __main__ - [XLM-R + CRF] epoch 6 step 1900/6750 loss=6.1165
08/11/2026 16:58:49 - INFO - __main__ - [XLM-R + CRF] epoch 6 step 1950/6750 loss=3.9273
08/11/2026 16:59:10 - INFO - __main__ - [XLM-R + CRF] epoch 6 step 2000/6750 loss=6.8032
08/11/2026 16:59:32 - INFO - __main__ - [XLM-R + CRF] epoch 6 step 2050/6750 loss=5.7080
08/11/2026 16:59:53 - INFO - __main__ - [XLM-R + CRF] epoch 6 step 2100/6750 loss=5.8067
08/11/2026 17:00:14 - INFO - __main__ - [XLM-R + CRF] epoch 6 step 2150/6750 loss=5.8228
08/11/2026 17:00:36 - INFO - __main__ - [XLM-R + CRF] epoch 6 step 2200/6750 loss=5.0913
08/11/2026 17:00:57 - INFO - __main__ - [XLM-R + CRF] epoch 6 step 2250/6750 loss=6.3301
08/11/2026 17:01:18 - INFO - __main__ - [XLM-R + CRF] epoch 6 step 2300/6750 loss=3.9811
08/11/2026 17:01:39 - INFO - __main__ - [XLM-R + CRF] epoch 6 step 2350/6750 loss=5.7412
08/11/2026 17:02:00 - INFO - __main__ - [XLM-R + CRF] epoch 6 step 2400/6750 loss=4.7794
08/11/2026 17:02:21 - INFO - __main__ - [XLM-R + CRF] epoch 6 step 2450/6750 loss=5.6661
08/11/2026 17:02:42 - INFO - __main__ - [XLM-R + CRF] epoch 6 step 2500/6750 loss=4.4725
08/11/2026 17:03:03 - INFO - __main__ - [XLM-R + CRF] epoch 6 step 2550/6750 loss=5.3398
08/11/2026 17:03:23 - INFO - __main__ - [XLM-R + CRF] epoch 6 step 2600/6750 loss=4.2216
08/11/2026 17:03:44 - INFO - __main__ - [XLM-R + CRF] epoch 6 step 2650/6750 loss=4.7850
08/11/2026 17:04:05 - INFO - __main__ - [XLM-R + CRF] epoch 6 step 2700/6750 loss=4.4925
08/11/2026 17:04:26 - INFO - __main__ - [XLM-R + CRF] epoch 6 step 2750/6750 loss=5.0827
08/11/2026 17:04:47 - INFO - __main__ - [XLM-R + CRF] epoch 6 step 2800/6750 loss=5.6604
08/11/2026 17:05:08 - INFO - __main__ - [XLM-R + CRF] epoch 6 step 2850/6750 loss=5.0422
08/11/2026 17:05:29 - INFO - __main__ - [XLM-R + CRF] epoch 6 step 2900/6750 loss=6.7263
08/11/2026 17:05:49 - INFO - __main__ - [XLM-R + CRF] epoch 6 step 2950/6750 loss=7.6033
08/11/2026 17:06:10 - INFO - __main__ - [XLM-R + CRF] epoch 6 step 3000/6750 loss=5.2373
08/11/2026 17:06:31 - INFO - __main__ - [XLM-R + CRF] epoch 6 step 3050/6750 loss=6.0016
08/11/2026 17:06:52 - INFO - __main__ - [XLM-R + CRF] epoch 6 step 3100/6750 loss=7.2459
08/11/2026 17:07:14 - INFO - __main__ - [XLM-R + CRF] epoch 6 step 3150/6750 loss=4.9407
08/11/2026 17:07:35 - INFO - __main__ - [XLM-R + CRF] epoch 6 step 3200/6750 loss=5.4979
08/11/2026 17:07:57 - INFO - __main__ - [XLM-R + CRF] epoch 6 step 3250/6750 loss=5.5904
08/11/2026 17:08:18 - INFO - __main__ - [XLM-R + CRF] epoch 6 step 3300/6750 loss=6.0662
08/11/2026 17:08:39 - INFO - __main__ - [XLM-R + CRF] epoch 6 step 3350/6750 loss=5.7085
08/11/2026 17:09:01 - INFO - __main__ - [XLM-R + CRF] epoch 6 step 3400/6750 loss=5.5512
08/11/2026 17:09:22 - INFO - __main__ - [XLM-R + CRF] epoch 6 step 3450/6750 loss=6.5091
08/11/2026 17:09:43 - INFO - __main__ - [XLM-R + CRF] epoch 6 step 3500/6750 loss=5.4081
08/11/2026 17:10:04 - INFO - __main__ - [XLM-R + CRF] epoch 6 step 3550/6750 loss=6.0257
08/11/2026 17:10:26 - INFO - __main__ - [XLM-R + CRF] epoch 6 step 3600/6750 loss=4.3803
08/11/2026 17:10:47 - INFO - __main__ - [XLM-R + CRF] epoch 6 step 3650/6750 loss=6.9769
08/11/2026 17:11:08 - INFO - __main__ - [XLM-R + CRF] epoch 6 step 3700/6750 loss=4.1074
08/11/2026 17:11:30 - INFO - __main__ - [XLM-R + CRF] epoch 6 step 3750/6750 loss=8.2324
08/11/2026 17:11:51 - INFO - __main__ - [XLM-R + CRF] epoch 6 step 3800/6750 loss=5.3707
08/11/2026 17:12:13 - INFO - __main__ - [XLM-R + CRF] epoch 6 step 3850/6750 loss=6.8881
08/11/2026 17:12:34 - INFO - __main__ - [XLM-R + CRF] epoch 6 step 3900/6750 loss=4.3909
08/11/2026 17:12:55 - INFO - __main__ - [XLM-R + CRF] epoch 6 step 3950/6750 loss=5.6605
08/11/2026 17:13:16 - INFO - __main__ - [XLM-R + CRF] epoch 6 step 4000/6750 loss=6.6293
08/11/2026 17:13:37 - INFO - __main__ - [XLM-R + CRF] epoch 6 step 4050/6750 loss=4.9442
08/11/2026 17:13:59 - INFO - __main__ - [XLM-R + CRF] epoch 6 step 4100/6750 loss=4.4625
08/11/2026 17:14:20 - INFO - __main__ - [XLM-R + CRF] epoch 6 step 4150/6750 loss=5.8363
08/11/2026 17:14:41 - INFO - __main__ - [XLM-R + CRF] epoch 6 step 4200/6750 loss=5.2732
08/11/2026 17:15:01 - INFO - __main__ - [XLM-R + CRF] epoch 6 step 4250/6750 loss=4.2198
08/11/2026 17:15:22 - INFO - __main__ - [XLM-R + CRF] epoch 6 step 4300/6750 loss=4.9280
08/11/2026 17:15:43 - INFO - __main__ - [XLM-R + CRF] epoch 6 step 4350/6750 loss=6.0883
08/11/2026 17:16:04 - INFO - __main__ - [XLM-R + CRF] epoch 6 step 4400/6750 loss=5.6944
08/11/2026 17:16:25 - INFO - __main__ - [XLM-R + CRF] epoch 6 step 4450/6750 loss=5.5535
08/11/2026 17:16:46 - INFO - __main__ - [XLM-R + CRF] epoch 6 step 4500/6750 loss=5.1854
08/11/2026 17:17:07 - INFO - __main__ - [XLM-R + CRF] epoch 6 step 4550/6750 loss=4.8846
08/11/2026 17:17:28 - INFO - __main__ - [XLM-R + CRF] epoch 6 step 4600/6750 loss=5.8233
08/11/2026 17:17:50 - INFO - __main__ - [XLM-R + CRF] epoch 6 step 4650/6750 loss=6.1414
08/11/2026 17:18:11 - INFO - __main__ - [XLM-R + CRF] epoch 6 step 4700/6750 loss=7.7767
08/11/2026 17:18:33 - INFO - __main__ - [XLM-R + CRF] epoch 6 step 4750/6750 loss=6.2058
08/11/2026 17:18:53 - INFO - __main__ - [XLM-R + CRF] epoch 6 step 4800/6750 loss=5.5383
08/11/2026 17:19:13 - INFO - __main__ - [XLM-R + CRF] epoch 6 step 4850/6750 loss=6.5810
08/11/2026 17:19:34 - INFO - __main__ - [XLM-R + CRF] epoch 6 step 4900/6750 loss=5.7147
08/11/2026 17:19:54 - INFO - __main__ - [XLM-R + CRF] epoch 6 step 4950/6750 loss=5.7540
08/11/2026 17:20:15 - INFO - __main__ - [XLM-R + CRF] epoch 6 step 5000/6750 loss=6.1146
08/11/2026 17:20:36 - INFO - __main__ - [XLM-R + CRF] epoch 6 step 5050/6750 loss=6.2207
08/11/2026 17:20:57 - INFO - __main__ - [XLM-R + CRF] epoch 6 step 5100/6750 loss=3.7361
08/11/2026 17:21:18 - INFO - __main__ - [XLM-R + CRF] epoch 6 step 5150/6750 loss=5.6230
08/11/2026 17:21:39 - INFO - __main__ - [XLM-R + CRF] epoch 6 step 5200/6750 loss=6.1072
08/11/2026 17:22:00 - INFO - __main__ - [XLM-R + CRF] epoch 6 step 5250/6750 loss=5.9762
08/11/2026 17:22:21 - INFO - __main__ - [XLM-R + CRF] epoch 6 step 5300/6750 loss=5.8027
08/11/2026 17:22:42 - INFO - __main__ - [XLM-R + CRF] epoch 6 step 5350/6750 loss=4.9909
08/11/2026 17:23:03 - INFO - __main__ - [XLM-R + CRF] epoch 6 step 5400/6750 loss=5.5796
08/11/2026 17:23:23 - INFO - __main__ - [XLM-R + CRF] epoch 6 step 5450/6750 loss=7.0037
08/11/2026 17:23:44 - INFO - __main__ - [XLM-R + CRF] epoch 6 step 5500/6750 loss=6.7669
08/11/2026 17:24:05 - INFO - __main__ - [XLM-R + CRF] epoch 6 step 5550/6750 loss=5.8906
08/11/2026 17:24:25 - INFO - __main__ - [XLM-R + CRF] epoch 6 step 5600/6750 loss=6.2942
08/11/2026 17:24:46 - INFO - __main__ - [XLM-R + CRF] epoch 6 step 5650/6750 loss=5.3011
08/11/2026 17:25:07 - INFO - __main__ - [XLM-R + CRF] epoch 6 step 5700/6750 loss=5.8010
08/11/2026 17:25:27 - INFO - __main__ - [XLM-R + CRF] epoch 6 step 5750/6750 loss=4.2970
08/11/2026 17:25:48 - INFO - __main__ - [XLM-R + CRF] epoch 6 step 5800/6750 loss=5.3758
08/11/2026 17:26:09 - INFO - __main__ - [XLM-R + CRF] epoch 6 step 5850/6750 loss=5.0392
08/11/2026 17:26:30 - INFO - __main__ - [XLM-R + CRF] epoch 6 step 5900/6750 loss=7.2356
08/11/2026 17:26:51 - INFO - __main__ - [XLM-R + CRF] epoch 6 step 5950/6750 loss=6.0429
08/11/2026 17:27:12 - INFO - __main__ - [XLM-R + CRF] epoch 6 step 6000/6750 loss=4.9853
08/11/2026 17:27:32 - INFO - __main__ - [XLM-R + CRF] epoch 6 step 6050/6750 loss=4.5551
08/11/2026 17:27:53 - INFO - __main__ - [XLM-R + CRF] epoch 6 step 6100/6750 loss=5.7408
08/11/2026 17:28:13 - INFO - __main__ - [XLM-R + CRF] epoch 6 step 6150/6750 loss=6.2410
08/11/2026 17:28:35 - INFO - __main__ - [XLM-R + CRF] epoch 6 step 6200/6750 loss=6.4947
08/11/2026 17:28:56 - INFO - __main__ - [XLM-R + CRF] epoch 6 step 6250/6750 loss=7.0191
08/11/2026 17:29:16 - INFO - __main__ - [XLM-R + CRF] epoch 6 step 6300/6750 loss=4.4055
08/11/2026 17:29:37 - INFO - __main__ - [XLM-R + CRF] epoch 6 step 6350/6750 loss=6.6496
08/11/2026 17:29:57 - INFO - __main__ - [XLM-R + CRF] epoch 6 step 6400/6750 loss=4.6517
08/11/2026 17:30:18 - INFO - __main__ - [XLM-R + CRF] epoch 6 step 6450/6750 loss=4.6003
08/11/2026 17:30:38 - INFO - __main__ - [XLM-R + CRF] epoch 6 step 6500/6750 loss=6.9905
08/11/2026 17:30:59 - INFO - __main__ - [XLM-R + CRF] epoch 6 step 6550/6750 loss=5.8466
08/11/2026 17:31:19 - INFO - __main__ - [XLM-R + CRF] epoch 6 step 6600/6750 loss=3.5111
08/11/2026 17:31:40 - INFO - __main__ - [XLM-R + CRF] epoch 6 step 6650/6750 loss=5.4861
08/11/2026 17:32:01 - INFO - __main__ - [XLM-R + CRF] epoch 6 step 6700/6750 loss=4.4796
08/11/2026 17:32:22 - INFO - __main__ - [XLM-R + CRF] epoch 6 step 6750/6750 loss=5.4516
08/11/2026 17:32:22 - INFO - __main__ - [XLM-R + CRF] Epoch 6 xong sau 2843.4s, avg_loss=5.7761
08/11/2026 17:36:07 - INFO - __main__ - [XLM-R + CRF] Epoch 6 - Valid macro F1 = 0.5752
              precision    recall  f1-score   support

      PERIOD     0.8664    0.8796    0.8729    140169
       COMMA     0.7665    0.7339    0.7498    162056
       COLON     0.7132    0.5231    0.6036     10825
       QMARK     0.7714    0.7170    0.7432      4884
      EXCLAM     0.5264    0.1522    0.2361      2556
   SEMICOLON     0.4221    0.1728    0.2453      1944

   micro avg     0.8094    0.7819    0.7954    322434
   macro avg     0.6777    0.5298    0.5752    322434
weighted avg     0.8042    0.7819    0.7912    322434

08/11/2026 17:36:17 - INFO - __main__ - -> [XLM-R + CRF] best checkpoint mới, macro F1 = 0.5752
/root/phopunct/baseline_lstm_crf.py:261: FutureWarning: `torch.cuda.amp.autocast(args...)` is deprecated. Please use `torch.amp.autocast('cuda', args...)` instead.
  with torch.cuda.amp.autocast(enabled=use_amp):
08/11/2026 17:36:38 - INFO - __main__ - [XLM-R + CRF] epoch 7 step 50/6750 loss=8.0401
08/11/2026 17:36:59 - INFO - __main__ - [XLM-R + CRF] epoch 7 step 100/6750 loss=5.4590
08/11/2026 17:37:19 - INFO - __main__ - [XLM-R + CRF] epoch 7 step 150/6750 loss=4.3788
08/11/2026 17:37:40 - INFO - __main__ - [XLM-R + CRF] epoch 7 step 200/6750 loss=4.6722
08/11/2026 17:38:01 - INFO - __main__ - [XLM-R + CRF] epoch 7 step 250/6750 loss=5.6590
08/11/2026 17:38:21 - INFO - __main__ - [XLM-R + CRF] epoch 7 step 300/6750 loss=5.9337
08/11/2026 17:38:42 - INFO - __main__ - [XLM-R + CRF] epoch 7 step 350/6750 loss=6.7691
08/11/2026 17:39:03 - INFO - __main__ - [XLM-R + CRF] epoch 7 step 400/6750 loss=6.8167
08/11/2026 17:39:23 - INFO - __main__ - [XLM-R + CRF] epoch 7 step 450/6750 loss=6.8635
08/11/2026 17:39:44 - INFO - __main__ - [XLM-R + CRF] epoch 7 step 500/6750 loss=5.0290
08/11/2026 17:40:05 - INFO - __main__ - [XLM-R + CRF] epoch 7 step 550/6750 loss=6.0033
08/11/2026 17:40:26 - INFO - __main__ - [XLM-R + CRF] epoch 7 step 600/6750 loss=5.3867
08/11/2026 17:40:46 - INFO - __main__ - [XLM-R + CRF] epoch 7 step 650/6750 loss=3.9141
08/11/2026 17:41:07 - INFO - __main__ - [XLM-R + CRF] epoch 7 step 700/6750 loss=4.4748
08/11/2026 17:41:28 - INFO - __main__ - [XLM-R + CRF] epoch 7 step 750/6750 loss=5.6779
08/11/2026 17:41:48 - INFO - __main__ - [XLM-R + CRF] epoch 7 step 800/6750 loss=4.6050
08/11/2026 17:42:09 - INFO - __main__ - [XLM-R + CRF] epoch 7 step 850/6750 loss=6.3848
08/11/2026 17:42:29 - INFO - __main__ - [XLM-R + CRF] epoch 7 step 900/6750 loss=4.3761
08/11/2026 17:42:50 - INFO - __main__ - [XLM-R + CRF] epoch 7 step 950/6750 loss=3.4730
08/11/2026 17:43:10 - INFO - __main__ - [XLM-R + CRF] epoch 7 step 1000/6750 loss=4.5879
08/11/2026 17:43:31 - INFO - __main__ - [XLM-R + CRF] epoch 7 step 1050/6750 loss=5.9511
08/11/2026 17:43:52 - INFO - __main__ - [XLM-R + CRF] epoch 7 step 1100/6750 loss=4.0935
08/11/2026 17:44:13 - INFO - __main__ - [XLM-R + CRF] epoch 7 step 1150/6750 loss=4.6718
08/11/2026 17:44:33 - INFO - __main__ - [XLM-R + CRF] epoch 7 step 1200/6750 loss=5.4681
08/11/2026 17:44:54 - INFO - __main__ - [XLM-R + CRF] epoch 7 step 1250/6750 loss=4.0091
08/11/2026 17:45:14 - INFO - __main__ - [XLM-R + CRF] epoch 7 step 1300/6750 loss=8.4246
08/11/2026 17:45:35 - INFO - __main__ - [XLM-R + CRF] epoch 7 step 1350/6750 loss=5.7148
08/11/2026 17:45:56 - INFO - __main__ - [XLM-R + CRF] epoch 7 step 1400/6750 loss=5.0344
08/11/2026 17:46:16 - INFO - __main__ - [XLM-R + CRF] epoch 7 step 1450/6750 loss=6.2939
08/11/2026 17:46:37 - INFO - __main__ - [XLM-R + CRF] epoch 7 step 1500/6750 loss=4.8167
08/11/2026 17:46:58 - INFO - __main__ - [XLM-R + CRF] epoch 7 step 1550/6750 loss=3.5953
08/11/2026 17:47:19 - INFO - __main__ - [XLM-R + CRF] epoch 7 step 1600/6750 loss=6.4021
08/11/2026 17:47:40 - INFO - __main__ - [XLM-R + CRF] epoch 7 step 1650/6750 loss=5.3499
08/11/2026 17:48:01 - INFO - __main__ - [XLM-R + CRF] epoch 7 step 1700/6750 loss=5.1160
08/11/2026 17:48:21 - INFO - __main__ - [XLM-R + CRF] epoch 7 step 1750/6750 loss=4.6925
08/11/2026 17:48:42 - INFO - __main__ - [XLM-R + CRF] epoch 7 step 1800/6750 loss=7.0300
08/11/2026 17:49:03 - INFO - __main__ - [XLM-R + CRF] epoch 7 step 1850/6750 loss=3.7876
08/11/2026 17:49:24 - INFO - __main__ - [XLM-R + CRF] epoch 7 step 1900/6750 loss=6.5219
08/11/2026 17:49:45 - INFO - __main__ - [XLM-R + CRF] epoch 7 step 1950/6750 loss=5.5021
08/11/2026 17:50:06 - INFO - __main__ - [XLM-R + CRF] epoch 7 step 2000/6750 loss=5.5209
08/11/2026 17:50:27 - INFO - __main__ - [XLM-R + CRF] epoch 7 step 2050/6750 loss=4.5202
08/11/2026 17:50:47 - INFO - __main__ - [XLM-R + CRF] epoch 7 step 2100/6750 loss=5.0945
08/11/2026 17:51:09 - INFO - __main__ - [XLM-R + CRF] epoch 7 step 2150/6750 loss=6.4568
08/11/2026 17:51:29 - INFO - __main__ - [XLM-R + CRF] epoch 7 step 2200/6750 loss=4.3200
08/11/2026 17:51:50 - INFO - __main__ - [XLM-R + CRF] epoch 7 step 2250/6750 loss=5.4439
08/11/2026 17:52:11 - INFO - __main__ - [XLM-R + CRF] epoch 7 step 2300/6750 loss=4.2177
08/11/2026 17:52:32 - INFO - __main__ - [XLM-R + CRF] epoch 7 step 2350/6750 loss=5.5146
08/11/2026 17:52:53 - INFO - __main__ - [XLM-R + CRF] epoch 7 step 2400/6750 loss=4.0521
08/11/2026 17:53:14 - INFO - __main__ - [XLM-R + CRF] epoch 7 step 2450/6750 loss=5.4016
08/11/2026 17:53:35 - INFO - __main__ - [XLM-R + CRF] epoch 7 step 2500/6750 loss=4.4501
08/11/2026 17:53:56 - INFO - __main__ - [XLM-R + CRF] epoch 7 step 2550/6750 loss=6.7949
08/11/2026 17:54:17 - INFO - __main__ - [XLM-R + CRF] epoch 7 step 2600/6750 loss=5.9139
08/11/2026 17:54:38 - INFO - __main__ - [XLM-R + CRF] epoch 7 step 2650/6750 loss=5.0839
08/11/2026 17:54:59 - INFO - __main__ - [XLM-R + CRF] epoch 7 step 2700/6750 loss=5.0866
08/11/2026 17:55:19 - INFO - __main__ - [XLM-R + CRF] epoch 7 step 2750/6750 loss=6.7137
08/11/2026 17:55:40 - INFO - __main__ - [XLM-R + CRF] epoch 7 step 2800/6750 loss=4.1764
08/11/2026 17:56:01 - INFO - __main__ - [XLM-R + CRF] epoch 7 step 2850/6750 loss=5.3424
08/11/2026 17:56:22 - INFO - __main__ - [XLM-R + CRF] epoch 7 step 2900/6750 loss=4.5432
08/11/2026 17:56:43 - INFO - __main__ - [XLM-R + CRF] epoch 7 step 2950/6750 loss=3.8238
08/11/2026 17:57:03 - INFO - __main__ - [XLM-R + CRF] epoch 7 step 3000/6750 loss=5.4614
08/11/2026 17:57:24 - INFO - __main__ - [XLM-R + CRF] epoch 7 step 3050/6750 loss=5.9145
08/11/2026 17:57:45 - INFO - __main__ - [XLM-R + CRF] epoch 7 step 3100/6750 loss=5.1001
08/11/2026 17:58:06 - INFO - __main__ - [XLM-R + CRF] epoch 7 step 3150/6750 loss=5.7054
08/11/2026 17:58:28 - INFO - __main__ - [XLM-R + CRF] epoch 7 step 3200/6750 loss=4.7331
08/11/2026 17:58:49 - INFO - __main__ - [XLM-R + CRF] epoch 7 step 3250/6750 loss=4.0675
08/11/2026 17:59:10 - INFO - __main__ - [XLM-R + CRF] epoch 7 step 3300/6750 loss=8.3413
08/11/2026 17:59:31 - INFO - __main__ - [XLM-R + CRF] epoch 7 step 3350/6750 loss=5.0690
08/11/2026 17:59:52 - INFO - __main__ - [XLM-R + CRF] epoch 7 step 3400/6750 loss=6.7199
08/11/2026 18:00:13 - INFO - __main__ - [XLM-R + CRF] epoch 7 step 3450/6750 loss=4.5880
08/11/2026 18:00:33 - INFO - __main__ - [XLM-R + CRF] epoch 7 step 3500/6750 loss=5.1294
08/11/2026 18:00:54 - INFO - __main__ - [XLM-R + CRF] epoch 7 step 3550/6750 loss=5.4748
08/11/2026 18:01:15 - INFO - __main__ - [XLM-R + CRF] epoch 7 step 3600/6750 loss=7.0244
08/11/2026 18:01:36 - INFO - __main__ - [XLM-R + CRF] epoch 7 step 3650/6750 loss=4.7399
08/11/2026 18:01:57 - INFO - __main__ - [XLM-R + CRF] epoch 7 step 3700/6750 loss=5.2757
08/11/2026 18:02:18 - INFO - __main__ - [XLM-R + CRF] epoch 7 step 3750/6750 loss=4.5379
08/11/2026 18:02:39 - INFO - __main__ - [XLM-R + CRF] epoch 7 step 3800/6750 loss=4.0837
08/11/2026 18:03:00 - INFO - __main__ - [XLM-R + CRF] epoch 7 step 3850/6750 loss=4.4590
08/11/2026 18:03:21 - INFO - __main__ - [XLM-R + CRF] epoch 7 step 3900/6750 loss=6.6012
08/11/2026 18:03:41 - INFO - __main__ - [XLM-R + CRF] epoch 7 step 3950/6750 loss=4.3105
08/11/2026 18:04:02 - INFO - __main__ - [XLM-R + CRF] epoch 7 step 4000/6750 loss=6.6691
08/11/2026 18:04:23 - INFO - __main__ - [XLM-R + CRF] epoch 7 step 4050/6750 loss=5.8702
08/11/2026 18:04:44 - INFO - __main__ - [XLM-R + CRF] epoch 7 step 4100/6750 loss=6.0637
08/11/2026 18:05:05 - INFO - __main__ - [XLM-R + CRF] epoch 7 step 4150/6750 loss=5.5636
08/11/2026 18:05:26 - INFO - __main__ - [XLM-R + CRF] epoch 7 step 4200/6750 loss=5.5275
08/11/2026 18:05:47 - INFO - __main__ - [XLM-R + CRF] epoch 7 step 4250/6750 loss=4.3656
08/11/2026 18:06:08 - INFO - __main__ - [XLM-R + CRF] epoch 7 step 4300/6750 loss=4.8701
08/11/2026 18:06:29 - INFO - __main__ - [XLM-R + CRF] epoch 7 step 4350/6750 loss=7.3993
08/11/2026 18:06:50 - INFO - __main__ - [XLM-R + CRF] epoch 7 step 4400/6750 loss=6.3165
08/11/2026 18:07:11 - INFO - __main__ - [XLM-R + CRF] epoch 7 step 4450/6750 loss=7.0700
08/11/2026 18:07:33 - INFO - __main__ - [XLM-R + CRF] epoch 7 step 4500/6750 loss=6.3186
08/11/2026 18:07:54 - INFO - __main__ - [XLM-R + CRF] epoch 7 step 4550/6750 loss=4.6471
08/11/2026 18:08:16 - INFO - __main__ - [XLM-R + CRF] epoch 7 step 4600/6750 loss=6.6118
08/11/2026 18:08:37 - INFO - __main__ - [XLM-R + CRF] epoch 7 step 4650/6750 loss=6.8549
08/11/2026 18:08:58 - INFO - __main__ - [XLM-R + CRF] epoch 7 step 4700/6750 loss=5.1229
08/11/2026 18:09:19 - INFO - __main__ - [XLM-R + CRF] epoch 7 step 4750/6750 loss=4.7155
08/11/2026 18:09:41 - INFO - __main__ - [XLM-R + CRF] epoch 7 step 4800/6750 loss=6.2077
08/11/2026 18:10:02 - INFO - __main__ - [XLM-R + CRF] epoch 7 step 4850/6750 loss=5.9974
08/11/2026 18:10:23 - INFO - __main__ - [XLM-R + CRF] epoch 7 step 4900/6750 loss=7.9374
08/11/2026 18:10:45 - INFO - __main__ - [XLM-R + CRF] epoch 7 step 4950/6750 loss=4.6305
08/11/2026 18:11:06 - INFO - __main__ - [XLM-R + CRF] epoch 7 step 5000/6750 loss=5.4230
08/11/2026 18:11:27 - INFO - __main__ - [XLM-R + CRF] epoch 7 step 5050/6750 loss=4.8412
08/11/2026 18:11:48 - INFO - __main__ - [XLM-R + CRF] epoch 7 step 5100/6750 loss=6.0311
08/11/2026 18:12:09 - INFO - __main__ - [XLM-R + CRF] epoch 7 step 5150/6750 loss=4.5637
08/11/2026 18:12:31 - INFO - __main__ - [XLM-R + CRF] epoch 7 step 5200/6750 loss=5.6932
08/11/2026 18:12:52 - INFO - __main__ - [XLM-R + CRF] epoch 7 step 5250/6750 loss=5.0607
08/11/2026 18:13:13 - INFO - __main__ - [XLM-R + CRF] epoch 7 step 5300/6750 loss=4.0001
08/11/2026 18:13:34 - INFO - __main__ - [XLM-R + CRF] epoch 7 step 5350/6750 loss=5.0347
08/11/2026 18:13:55 - INFO - __main__ - [XLM-R + CRF] epoch 7 step 5400/6750 loss=4.6265
08/11/2026 18:14:17 - INFO - __main__ - [XLM-R + CRF] epoch 7 step 5450/6750 loss=5.9372
08/11/2026 18:14:38 - INFO - __main__ - [XLM-R + CRF] epoch 7 step 5500/6750 loss=3.7189
08/11/2026 18:14:59 - INFO - __main__ - [XLM-R + CRF] epoch 7 step 5550/6750 loss=3.8357
08/11/2026 18:15:20 - INFO - __main__ - [XLM-R + CRF] epoch 7 step 5600/6750 loss=6.1689
08/11/2026 18:15:42 - INFO - __main__ - [XLM-R + CRF] epoch 7 step 5650/6750 loss=5.9583
08/11/2026 18:16:03 - INFO - __main__ - [XLM-R + CRF] epoch 7 step 5700/6750 loss=6.3362
08/11/2026 18:16:24 - INFO - __main__ - [XLM-R + CRF] epoch 7 step 5750/6750 loss=3.2415
08/11/2026 18:16:46 - INFO - __main__ - [XLM-R + CRF] epoch 7 step 5800/6750 loss=4.5767
08/11/2026 18:17:07 - INFO - __main__ - [XLM-R + CRF] epoch 7 step 5850/6750 loss=7.1644
08/11/2026 18:17:29 - INFO - __main__ - [XLM-R + CRF] epoch 7 step 5900/6750 loss=5.3292
08/11/2026 18:17:50 - INFO - __main__ - [XLM-R + CRF] epoch 7 step 5950/6750 loss=5.9199
08/11/2026 18:18:12 - INFO - __main__ - [XLM-R + CRF] epoch 7 step 6000/6750 loss=6.7310
08/11/2026 18:18:33 - INFO - __main__ - [XLM-R + CRF] epoch 7 step 6050/6750 loss=3.8421
08/11/2026 18:18:54 - INFO - __main__ - [XLM-R + CRF] epoch 7 step 6100/6750 loss=6.1562
08/11/2026 18:19:15 - INFO - __main__ - [XLM-R + CRF] epoch 7 step 6150/6750 loss=5.8707
08/11/2026 18:19:37 - INFO - __main__ - [XLM-R + CRF] epoch 7 step 6200/6750 loss=4.8465
08/11/2026 18:19:58 - INFO - __main__ - [XLM-R + CRF] epoch 7 step 6250/6750 loss=6.3011
08/11/2026 18:20:20 - INFO - __main__ - [XLM-R + CRF] epoch 7 step 6300/6750 loss=5.7695
08/11/2026 18:20:41 - INFO - __main__ - [XLM-R + CRF] epoch 7 step 6350/6750 loss=6.0041
08/11/2026 18:21:02 - INFO - __main__ - [XLM-R + CRF] epoch 7 step 6400/6750 loss=6.5751
08/11/2026 18:21:23 - INFO - __main__ - [XLM-R + CRF] epoch 7 step 6450/6750 loss=5.5051
08/11/2026 18:21:45 - INFO - __main__ - [XLM-R + CRF] epoch 7 step 6500/6750 loss=7.6427
08/11/2026 18:22:06 - INFO - __main__ - [XLM-R + CRF] epoch 7 step 6550/6750 loss=6.1072
08/11/2026 18:22:27 - INFO - __main__ - [XLM-R + CRF] epoch 7 step 6600/6750 loss=4.5188
08/11/2026 18:22:49 - INFO - __main__ - [XLM-R + CRF] epoch 7 step 6650/6750 loss=3.6085
08/11/2026 18:23:10 - INFO - __main__ - [XLM-R + CRF] epoch 7 step 6700/6750 loss=5.6503
08/11/2026 18:23:31 - INFO - __main__ - [XLM-R + CRF] epoch 7 step 6750/6750 loss=4.1726
08/11/2026 18:23:31 - INFO - __main__ - [XLM-R + CRF] Epoch 7 xong sau 2834.5s, avg_loss=5.3971
08/11/2026 18:27:18 - INFO - __main__ - [XLM-R + CRF] Epoch 7 - Valid macro F1 = 0.5862
              precision    recall  f1-score   support

      PERIOD     0.8610    0.8867    0.8737    140169
       COMMA     0.7646    0.7373    0.7507    162056
       COLON     0.6696    0.5766    0.6196     10825
       QMARK     0.7580    0.7330    0.7453      4884
      EXCLAM     0.4740    0.1745    0.2551      2556
   SEMICOLON     0.3818    0.2119    0.2726      1944

   micro avg     0.8035    0.7892    0.7963    322434
   macro avg     0.6515    0.5533    0.5862    322434
weighted avg     0.7986    0.7892    0.7929    322434

08/11/2026 18:27:28 - INFO - __main__ - -> [XLM-R + CRF] best checkpoint mới, macro F1 = 0.5862
/root/phopunct/baseline_lstm_crf.py:261: FutureWarning: `torch.cuda.amp.autocast(args...)` is deprecated. Please use `torch.amp.autocast('cuda', args...)` instead.
  with torch.cuda.amp.autocast(enabled=use_amp):
08/11/2026 18:27:49 - INFO - __main__ - [XLM-R + CRF] epoch 8 step 50/6750 loss=3.2106
08/11/2026 18:28:10 - INFO - __main__ - [XLM-R + CRF] epoch 8 step 100/6750 loss=6.7083
08/11/2026 18:28:32 - INFO - __main__ - [XLM-R + CRF] epoch 8 step 150/6750 loss=6.2001
08/11/2026 18:28:53 - INFO - __main__ - [XLM-R + CRF] epoch 8 step 200/6750 loss=5.4066
08/11/2026 18:29:15 - INFO - __main__ - [XLM-R + CRF] epoch 8 step 250/6750 loss=4.7435
08/11/2026 18:29:36 - INFO - __main__ - [XLM-R + CRF] epoch 8 step 300/6750 loss=8.0806
08/11/2026 18:29:57 - INFO - __main__ - [XLM-R + CRF] epoch 8 step 350/6750 loss=5.7825
08/11/2026 18:30:18 - INFO - __main__ - [XLM-R + CRF] epoch 8 step 400/6750 loss=4.2699
08/11/2026 18:30:40 - INFO - __main__ - [XLM-R + CRF] epoch 8 step 450/6750 loss=4.9544
08/11/2026 18:31:01 - INFO - __main__ - [XLM-R + CRF] epoch 8 step 500/6750 loss=4.7398
08/11/2026 18:31:22 - INFO - __main__ - [XLM-R + CRF] epoch 8 step 550/6750 loss=5.1719
08/11/2026 18:31:43 - INFO - __main__ - [XLM-R + CRF] epoch 8 step 600/6750 loss=4.9625
08/11/2026 18:32:04 - INFO - __main__ - [XLM-R + CRF] epoch 8 step 650/6750 loss=3.7493
08/11/2026 18:32:26 - INFO - __main__ - [XLM-R + CRF] epoch 8 step 700/6750 loss=6.9759
08/11/2026 18:32:47 - INFO - __main__ - [XLM-R + CRF] epoch 8 step 750/6750 loss=4.6640
08/11/2026 18:33:08 - INFO - __main__ - [XLM-R + CRF] epoch 8 step 800/6750 loss=4.9242
08/11/2026 18:33:30 - INFO - __main__ - [XLM-R + CRF] epoch 8 step 850/6750 loss=4.3575
08/11/2026 18:33:51 - INFO - __main__ - [XLM-R + CRF] epoch 8 step 900/6750 loss=4.7223
08/11/2026 18:34:13 - INFO - __main__ - [XLM-R + CRF] epoch 8 step 950/6750 loss=6.2714
08/11/2026 18:34:34 - INFO - __main__ - [XLM-R + CRF] epoch 8 step 1000/6750 loss=3.8451
08/11/2026 18:34:55 - INFO - __main__ - [XLM-R + CRF] epoch 8 step 1050/6750 loss=4.3612
08/11/2026 18:35:17 - INFO - __main__ - [XLM-R + CRF] epoch 8 step 1100/6750 loss=5.4164
08/11/2026 18:35:38 - INFO - __main__ - [XLM-R + CRF] epoch 8 step 1150/6750 loss=4.1903
08/11/2026 18:36:00 - INFO - __main__ - [XLM-R + CRF] epoch 8 step 1200/6750 loss=4.8617
08/11/2026 18:36:21 - INFO - __main__ - [XLM-R + CRF] epoch 8 step 1250/6750 loss=3.9667
08/11/2026 18:36:43 - INFO - __main__ - [XLM-R + CRF] epoch 8 step 1300/6750 loss=4.9858
08/11/2026 18:37:04 - INFO - __main__ - [XLM-R + CRF] epoch 8 step 1350/6750 loss=5.5390
08/11/2026 18:37:26 - INFO - __main__ - [XLM-R + CRF] epoch 8 step 1400/6750 loss=5.9188
08/11/2026 18:37:47 - INFO - __main__ - [XLM-R + CRF] epoch 8 step 1450/6750 loss=4.5546
08/11/2026 18:38:09 - INFO - __main__ - [XLM-R + CRF] epoch 8 step 1500/6750 loss=5.2275
08/11/2026 18:38:30 - INFO - __main__ - [XLM-R + CRF] epoch 8 step 1550/6750 loss=2.8383
08/11/2026 18:38:51 - INFO - __main__ - [XLM-R + CRF] epoch 8 step 1600/6750 loss=5.0676
08/11/2026 18:39:13 - INFO - __main__ - [XLM-R + CRF] epoch 8 step 1650/6750 loss=4.3683
08/11/2026 18:39:34 - INFO - __main__ - [XLM-R + CRF] epoch 8 step 1700/6750 loss=4.0924
08/11/2026 18:39:55 - INFO - __main__ - [XLM-R + CRF] epoch 8 step 1750/6750 loss=6.1367
08/11/2026 18:40:17 - INFO - __main__ - [XLM-R + CRF] epoch 8 step 1800/6750 loss=5.6539
08/11/2026 18:40:38 - INFO - __main__ - [XLM-R + CRF] epoch 8 step 1850/6750 loss=4.6204
08/11/2026 18:40:58 - INFO - __main__ - [XLM-R + CRF] epoch 8 step 1900/6750 loss=5.0325
08/11/2026 18:41:19 - INFO - __main__ - [XLM-R + CRF] epoch 8 step 1950/6750 loss=4.8454
08/11/2026 18:41:39 - INFO - __main__ - [XLM-R + CRF] epoch 8 step 2000/6750 loss=5.2257
08/11/2026 18:41:59 - INFO - __main__ - [XLM-R + CRF] epoch 8 step 2050/6750 loss=4.9308
08/11/2026 18:42:20 - INFO - __main__ - [XLM-R + CRF] epoch 8 step 2100/6750 loss=5.2241
08/11/2026 18:42:40 - INFO - __main__ - [XLM-R + CRF] epoch 8 step 2150/6750 loss=4.8008
08/11/2026 18:43:01 - INFO - __main__ - [XLM-R + CRF] epoch 8 step 2200/6750 loss=5.8307
08/11/2026 18:43:22 - INFO - __main__ - [XLM-R + CRF] epoch 8 step 2250/6750 loss=6.4859
08/11/2026 18:43:43 - INFO - __main__ - [XLM-R + CRF] epoch 8 step 2300/6750 loss=5.2411
08/11/2026 18:44:04 - INFO - __main__ - [XLM-R + CRF] epoch 8 step 2350/6750 loss=5.2795
08/11/2026 18:44:24 - INFO - __main__ - [XLM-R + CRF] epoch 8 step 2400/6750 loss=5.5237
08/11/2026 18:44:45 - INFO - __main__ - [XLM-R + CRF] epoch 8 step 2450/6750 loss=5.7859
08/11/2026 18:45:06 - INFO - __main__ - [XLM-R + CRF] epoch 8 step 2500/6750 loss=5.8470
08/11/2026 18:45:27 - INFO - __main__ - [XLM-R + CRF] epoch 8 step 2550/6750 loss=3.4163
08/11/2026 18:45:48 - INFO - __main__ - [XLM-R + CRF] epoch 8 step 2600/6750 loss=5.4026
08/11/2026 18:46:08 - INFO - __main__ - [XLM-R + CRF] epoch 8 step 2650/6750 loss=4.7396
08/11/2026 18:46:29 - INFO - __main__ - [XLM-R + CRF] epoch 8 step 2700/6750 loss=4.5210
08/11/2026 18:46:50 - INFO - __main__ - [XLM-R + CRF] epoch 8 step 2750/6750 loss=3.8774
08/11/2026 18:47:11 - INFO - __main__ - [XLM-R + CRF] epoch 8 step 2800/6750 loss=5.2215
08/11/2026 18:47:32 - INFO - __main__ - [XLM-R + CRF] epoch 8 step 2850/6750 loss=6.6519
08/11/2026 18:47:52 - INFO - __main__ - [XLM-R + CRF] epoch 8 step 2900/6750 loss=5.8431
08/11/2026 18:48:13 - INFO - __main__ - [XLM-R + CRF] epoch 8 step 2950/6750 loss=6.4587
08/11/2026 18:48:34 - INFO - __main__ - [XLM-R + CRF] epoch 8 step 3000/6750 loss=5.4809
08/11/2026 18:48:55 - INFO - __main__ - [XLM-R + CRF] epoch 8 step 3050/6750 loss=5.2900
08/11/2026 18:49:16 - INFO - __main__ - [XLM-R + CRF] epoch 8 step 3100/6750 loss=4.7345
08/11/2026 18:49:37 - INFO - __main__ - [XLM-R + CRF] epoch 8 step 3150/6750 loss=6.5859
08/11/2026 18:49:58 - INFO - __main__ - [XLM-R + CRF] epoch 8 step 3200/6750 loss=3.3502
08/11/2026 18:50:19 - INFO - __main__ - [XLM-R + CRF] epoch 8 step 3250/6750 loss=2.9008
08/11/2026 18:50:39 - INFO - __main__ - [XLM-R + CRF] epoch 8 step 3300/6750 loss=4.9688
08/11/2026 18:51:00 - INFO - __main__ - [XLM-R + CRF] epoch 8 step 3350/6750 loss=3.9700
08/11/2026 18:51:21 - INFO - __main__ - [XLM-R + CRF] epoch 8 step 3400/6750 loss=5.6928
08/11/2026 18:51:42 - INFO - __main__ - [XLM-R + CRF] epoch 8 step 3450/6750 loss=6.0431
08/11/2026 18:52:02 - INFO - __main__ - [XLM-R + CRF] epoch 8 step 3500/6750 loss=4.9056
08/11/2026 18:52:24 - INFO - __main__ - [XLM-R + CRF] epoch 8 step 3550/6750 loss=4.9861
08/11/2026 18:52:45 - INFO - __main__ - [XLM-R + CRF] epoch 8 step 3600/6750 loss=5.9894
08/11/2026 18:53:06 - INFO - __main__ - [XLM-R + CRF] epoch 8 step 3650/6750 loss=3.8286
08/11/2026 18:53:27 - INFO - __main__ - [XLM-R + CRF] epoch 8 step 3700/6750 loss=4.7720
08/11/2026 18:53:48 - INFO - __main__ - [XLM-R + CRF] epoch 8 step 3750/6750 loss=4.6657
08/11/2026 18:54:09 - INFO - __main__ - [XLM-R + CRF] epoch 8 step 3800/6750 loss=6.0393
08/11/2026 18:54:29 - INFO - __main__ - [XLM-R + CRF] epoch 8 step 3850/6750 loss=6.3372
08/11/2026 18:54:50 - INFO - __main__ - [XLM-R + CRF] epoch 8 step 3900/6750 loss=5.6150
08/11/2026 18:55:12 - INFO - __main__ - [XLM-R + CRF] epoch 8 step 3950/6750 loss=3.6605
08/11/2026 18:55:32 - INFO - __main__ - [XLM-R + CRF] epoch 8 step 4000/6750 loss=4.2810
08/11/2026 18:55:53 - INFO - __main__ - [XLM-R + CRF] epoch 8 step 4050/6750 loss=6.7732
08/11/2026 18:56:14 - INFO - __main__ - [XLM-R + CRF] epoch 8 step 4100/6750 loss=4.7329
08/11/2026 18:56:35 - INFO - __main__ - [XLM-R + CRF] epoch 8 step 4150/6750 loss=5.3557
08/11/2026 18:56:56 - INFO - __main__ - [XLM-R + CRF] epoch 8 step 4200/6750 loss=4.6023
08/11/2026 18:57:17 - INFO - __main__ - [XLM-R + CRF] epoch 8 step 4250/6750 loss=4.9414
08/11/2026 18:57:38 - INFO - __main__ - [XLM-R + CRF] epoch 8 step 4300/6750 loss=4.0225
08/11/2026 18:57:58 - INFO - __main__ - [XLM-R + CRF] epoch 8 step 4350/6750 loss=5.4159
08/11/2026 18:58:19 - INFO - __main__ - [XLM-R + CRF] epoch 8 step 4400/6750 loss=3.7133
08/11/2026 18:58:40 - INFO - __main__ - [XLM-R + CRF] epoch 8 step 4450/6750 loss=7.1987
08/11/2026 18:59:01 - INFO - __main__ - [XLM-R + CRF] epoch 8 step 4500/6750 loss=3.6032
08/11/2026 18:59:21 - INFO - __main__ - [XLM-R + CRF] epoch 8 step 4550/6750 loss=4.4842
08/11/2026 18:59:42 - INFO - __main__ - [XLM-R + CRF] epoch 8 step 4600/6750 loss=4.7262
08/11/2026 19:00:03 - INFO - __main__ - [XLM-R + CRF] epoch 8 step 4650/6750 loss=4.3036
08/11/2026 19:00:23 - INFO - __main__ - [XLM-R + CRF] epoch 8 step 4700/6750 loss=4.5065
08/11/2026 19:00:44 - INFO - __main__ - [XLM-R + CRF] epoch 8 step 4750/6750 loss=5.9259
08/11/2026 19:01:06 - INFO - __main__ - [XLM-R + CRF] epoch 8 step 4800/6750 loss=5.1770
08/11/2026 19:01:27 - INFO - __main__ - [XLM-R + CRF] epoch 8 step 4850/6750 loss=4.7131
08/11/2026 19:01:48 - INFO - __main__ - [XLM-R + CRF] epoch 8 step 4900/6750 loss=4.1642
08/11/2026 19:02:10 - INFO - __main__ - [XLM-R + CRF] epoch 8 step 4950/6750 loss=3.9323
08/11/2026 19:02:31 - INFO - __main__ - [XLM-R + CRF] epoch 8 step 5000/6750 loss=4.7591
08/11/2026 19:02:52 - INFO - __main__ - [XLM-R + CRF] epoch 8 step 5050/6750 loss=4.3775
08/11/2026 19:03:14 - INFO - __main__ - [XLM-R + CRF] epoch 8 step 5100/6750 loss=4.6365
08/11/2026 19:03:35 - INFO - __main__ - [XLM-R + CRF] epoch 8 step 5150/6750 loss=5.8895
08/11/2026 19:03:57 - INFO - __main__ - [XLM-R + CRF] epoch 8 step 5200/6750 loss=5.6024
08/11/2026 19:04:18 - INFO - __main__ - [XLM-R + CRF] epoch 8 step 5250/6750 loss=5.2478
08/11/2026 19:04:39 - INFO - __main__ - [XLM-R + CRF] epoch 8 step 5300/6750 loss=7.1830
08/11/2026 19:05:01 - INFO - __main__ - [XLM-R + CRF] epoch 8 step 5350/6750 loss=5.2739
08/11/2026 19:05:22 - INFO - __main__ - [XLM-R + CRF] epoch 8 step 5400/6750 loss=4.2271
08/11/2026 19:05:43 - INFO - __main__ - [XLM-R + CRF] epoch 8 step 5450/6750 loss=6.1040
08/11/2026 19:06:05 - INFO - __main__ - [XLM-R + CRF] epoch 8 step 5500/6750 loss=5.0571
08/11/2026 19:06:26 - INFO - __main__ - [XLM-R + CRF] epoch 8 step 5550/6750 loss=6.1028
08/11/2026 19:06:47 - INFO - __main__ - [XLM-R + CRF] epoch 8 step 5600/6750 loss=5.9175
08/11/2026 19:07:09 - INFO - __main__ - [XLM-R + CRF] epoch 8 step 5650/6750 loss=3.8870
08/11/2026 19:07:30 - INFO - __main__ - [XLM-R + CRF] epoch 8 step 5700/6750 loss=6.3136
08/11/2026 19:07:51 - INFO - __main__ - [XLM-R + CRF] epoch 8 step 5750/6750 loss=3.4659
08/11/2026 19:08:12 - INFO - __main__ - [XLM-R + CRF] epoch 8 step 5800/6750 loss=6.4081
08/11/2026 19:08:34 - INFO - __main__ - [XLM-R + CRF] epoch 8 step 5850/6750 loss=6.3716
08/11/2026 19:08:55 - INFO - __main__ - [XLM-R + CRF] epoch 8 step 5900/6750 loss=4.5601
08/11/2026 19:09:17 - INFO - __main__ - [XLM-R + CRF] epoch 8 step 5950/6750 loss=4.4653
08/11/2026 19:09:38 - INFO - __main__ - [XLM-R + CRF] epoch 8 step 6000/6750 loss=5.1031
08/11/2026 19:10:00 - INFO - __main__ - [XLM-R + CRF] epoch 8 step 6050/6750 loss=7.6706
08/11/2026 19:10:21 - INFO - __main__ - [XLM-R + CRF] epoch 8 step 6100/6750 loss=4.0747
08/11/2026 19:10:42 - INFO - __main__ - [XLM-R + CRF] epoch 8 step 6150/6750 loss=4.2141
08/11/2026 19:11:03 - INFO - __main__ - [XLM-R + CRF] epoch 8 step 6200/6750 loss=6.7567
08/11/2026 19:11:25 - INFO - __main__ - [XLM-R + CRF] epoch 8 step 6250/6750 loss=5.4048
08/11/2026 19:11:46 - INFO - __main__ - [XLM-R + CRF] epoch 8 step 6300/6750 loss=5.6692
08/11/2026 19:12:07 - INFO - __main__ - [XLM-R + CRF] epoch 8 step 6350/6750 loss=3.7630
08/11/2026 19:12:29 - INFO - __main__ - [XLM-R + CRF] epoch 8 step 6400/6750 loss=4.5946
08/11/2026 19:12:50 - INFO - __main__ - [XLM-R + CRF] epoch 8 step 6450/6750 loss=5.8805
08/11/2026 19:13:11 - INFO - __main__ - [XLM-R + CRF] epoch 8 step 6500/6750 loss=3.9450
08/11/2026 19:13:33 - INFO - __main__ - [XLM-R + CRF] epoch 8 step 6550/6750 loss=6.3124
08/11/2026 19:13:54 - INFO - __main__ - [XLM-R + CRF] epoch 8 step 6600/6750 loss=3.8958
08/11/2026 19:14:15 - INFO - __main__ - [XLM-R + CRF] epoch 8 step 6650/6750 loss=5.9059
08/11/2026 19:14:36 - INFO - __main__ - [XLM-R + CRF] epoch 8 step 6700/6750 loss=3.5131
08/11/2026 19:14:58 - INFO - __main__ - [XLM-R + CRF] epoch 8 step 6750/6750 loss=5.3824
08/11/2026 19:14:58 - INFO - __main__ - [XLM-R + CRF] Epoch 8 xong sau 2850.3s, avg_loss=5.1041
08/11/2026 19:18:44 - INFO - __main__ - [XLM-R + CRF] Epoch 8 - Valid macro F1 = 0.5839
              precision    recall  f1-score   support

      PERIOD     0.8626    0.8859    0.8741    140169
       COMMA     0.7620    0.7417    0.7517    162056
       COLON     0.6757    0.5658    0.6159     10825
       QMARK     0.7495    0.7359    0.7426      4884
      EXCLAM     0.4884    0.1725    0.2550      2556
   SEMICOLON     0.3886    0.2001    0.2642      1944

   micro avg     0.8030    0.7906    0.7968    322434
   macro avg     0.6545    0.5503    0.5839    322434
weighted avg     0.7982    0.7906    0.7933    322434

08/11/2026 19:18:48 - INFO - __main__ - [XLM-R + CRF] Train xong. Best macro F1 = 0.5862. Checkpoint tại /root/phopunct/outputs/xlmr_news
