08/11/2026 21:14:50 - INFO - __main__ - === BERT + Bi-LSTM | backbone=NlpHUST/vibert4news-base-cased ===
08/11/2026 21:14:50 - INFO - __main__ - {
  "model_key": "bert",
  "use_bilstm": true,
  "data_dir": "/root/phopunct/data/punctuation/News",
  "output_dir": "/root/phopunct/outputs/bert_bilstm_plain_news",
  "max_seq_length": 256,
  "lstm_hidden_size": 128,
  "train_batch_size": 16,
  "eval_batch_size": 32,
  "num_train_epochs": 8.0,
  "learning_rate": 2e-05,
  "warmup_ratio": 0.06,
  "max_grad_norm": 1.0,
  "seed": 42,
  "device": "cuda",
  "fp16": true,
  "max_train_examples": null,
  "max_eval_examples": null,
  "logging_steps": 50
}
08/11/2026 21:14:51 - INFO - httpx - HTTP Request: HEAD https://huggingface.co/NlpHUST/vibert4news-base-cased/resolve/main/tokenizer_config.json "HTTP/1.1 307 Temporary Redirect"
Warning: You are sending unauthenticated requests to the HF Hub. Please set a HF_TOKEN to enable higher rate limits and faster downloads.
08/11/2026 21:14:51 - WARNING - huggingface_hub.utils._http - Warning: You are sending unauthenticated requests to the HF Hub. Please set a HF_TOKEN to enable higher rate limits and faster downloads.
08/11/2026 21:14:51 - INFO - httpx - HTTP Request: HEAD https://huggingface.co/api/resolve-cache/models/NlpHUST/vibert4news-base-cased/befb49562f91b9c916740927393dfc7b0908b22f/tokenizer_config.json "HTTP/1.1 200 OK"
08/11/2026 21:14:51 - INFO - httpx - HTTP Request: GET https://huggingface.co/api/models/NlpHUST/vibert4news-base-cased/tree/main/additional_chat_templates?recursive=false&expand=false "HTTP/1.1 404 Not Found"
08/11/2026 21:14:51 - INFO - httpx - HTTP Request: GET https://huggingface.co/api/models/NlpHUST/vibert4news-base-cased/tree/main?recursive=true&expand=false "HTTP/1.1 200 OK"
08/11/2026 21:14:51 - INFO - __main__ - Đang nạp dữ liệu train...
08/11/2026 21:15:47 - INFO - punc_dataset_word - convert_examples_to_features: 108000 examples -> 108000 features (0 rỗng bị bỏ, 61 bị truncate)
08/11/2026 21:15:54 - INFO - __main__ - Đang nạp dữ liệu valid...
08/11/2026 21:16:12 - INFO - punc_dataset_word - convert_examples_to_features: 36191 examples -> 36191 features (0 rỗng bị bỏ, 18 bị truncate)
08/11/2026 21:16:14 - INFO - __main__ - Train: 108000 features | Valid: 36191 features
08/11/2026 21:16:14 - INFO - httpx - HTTP Request: HEAD https://huggingface.co/NlpHUST/vibert4news-base-cased/resolve/main/config.json "HTTP/1.1 307 Temporary Redirect"
08/11/2026 21:16:14 - INFO - httpx - HTTP Request: HEAD https://huggingface.co/api/resolve-cache/models/NlpHUST/vibert4news-base-cased/befb49562f91b9c916740927393dfc7b0908b22f/config.json "HTTP/1.1 200 OK"
08/11/2026 21:16:15 - INFO - httpx - HTTP Request: HEAD https://huggingface.co/NlpHUST/vibert4news-base-cased/resolve/main/model.safetensors "HTTP/1.1 302 Found"
Loading weights:   0%|          | 0/199 [00:00<?, ?it/s]Loading weights: 100%|██████████| 199/199 [00:00<00:00, 7958.76it/s]
[transformers] [1mBertModel LOAD REPORT[0m from: NlpHUST/vibert4news-base-cased
Key                                        | Status     |  | 
-------------------------------------------+------------+--+-
cls.predictions.transform.LayerNorm.bias   | UNEXPECTED |  | 
cls.predictions.transform.dense.weight     | UNEXPECTED |  | 
cls.predictions.transform.dense.bias       | UNEXPECTED |  | 
cls.seq_relationship.bias                  | UNEXPECTED |  | 
cls.seq_relationship.weight                | UNEXPECTED |  | 
cls.predictions.bias                       | UNEXPECTED |  | 
cls.predictions.transform.LayerNorm.weight | UNEXPECTED |  | 

Notes:
- UNEXPECTED:	can be ignored when loading from different task/architecture; not ok if you expect identical arch.
/root/phopunct/baseline_plain.py:247: FutureWarning: `torch.cuda.amp.GradScaler(args...)` is deprecated. Please use `torch.amp.GradScaler('cuda', args...)` instead.
  scaler = torch.cuda.amp.GradScaler(enabled=use_amp)
/root/phopunct/baseline_plain.py:261: FutureWarning: `torch.cuda.amp.autocast(args...)` is deprecated. Please use `torch.amp.autocast('cuda', args...)` instead.
  with torch.cuda.amp.autocast(enabled=use_amp):
08/11/2026 21:16:20 - INFO - __main__ - [BERT + Bi-LSTM] epoch 1 step 50/6750 loss=1.9344
08/11/2026 21:16:25 - INFO - __main__ - [BERT + Bi-LSTM] epoch 1 step 100/6750 loss=1.7231
08/11/2026 21:16:30 - INFO - __main__ - [BERT + Bi-LSTM] epoch 1 step 150/6750 loss=1.2486
08/11/2026 21:16:35 - INFO - __main__ - [BERT + Bi-LSTM] epoch 1 step 200/6750 loss=0.5724
08/11/2026 21:16:40 - INFO - __main__ - [BERT + Bi-LSTM] epoch 1 step 250/6750 loss=0.3602
08/11/2026 21:16:46 - INFO - __main__ - [BERT + Bi-LSTM] epoch 1 step 300/6750 loss=0.3510
08/11/2026 21:16:51 - INFO - __main__ - [BERT + Bi-LSTM] epoch 1 step 350/6750 loss=0.3833
08/11/2026 21:16:56 - INFO - __main__ - [BERT + Bi-LSTM] epoch 1 step 400/6750 loss=0.3552
08/11/2026 21:17:01 - INFO - __main__ - [BERT + Bi-LSTM] epoch 1 step 450/6750 loss=0.3305
08/11/2026 21:17:06 - INFO - __main__ - [BERT + Bi-LSTM] epoch 1 step 500/6750 loss=0.2793
08/11/2026 21:17:11 - INFO - __main__ - [BERT + Bi-LSTM] epoch 1 step 550/6750 loss=0.2687
08/11/2026 21:17:16 - INFO - __main__ - [BERT + Bi-LSTM] epoch 1 step 600/6750 loss=0.2443
08/11/2026 21:17:21 - INFO - __main__ - [BERT + Bi-LSTM] epoch 1 step 650/6750 loss=0.2508
08/11/2026 21:17:26 - INFO - __main__ - [BERT + Bi-LSTM] epoch 1 step 700/6750 loss=0.2260
08/11/2026 21:17:31 - INFO - __main__ - [BERT + Bi-LSTM] epoch 1 step 750/6750 loss=0.2159
08/11/2026 21:17:36 - INFO - __main__ - [BERT + Bi-LSTM] epoch 1 step 800/6750 loss=0.1725
08/11/2026 21:17:41 - INFO - __main__ - [BERT + Bi-LSTM] epoch 1 step 850/6750 loss=0.1844
08/11/2026 21:17:46 - INFO - __main__ - [BERT + Bi-LSTM] epoch 1 step 900/6750 loss=0.1898
08/11/2026 21:17:52 - INFO - __main__ - [BERT + Bi-LSTM] epoch 1 step 950/6750 loss=0.1527
08/11/2026 21:17:57 - INFO - __main__ - [BERT + Bi-LSTM] epoch 1 step 1000/6750 loss=0.2079
08/11/2026 21:18:02 - INFO - __main__ - [BERT + Bi-LSTM] epoch 1 step 1050/6750 loss=0.2044
08/11/2026 21:18:07 - INFO - __main__ - [BERT + Bi-LSTM] epoch 1 step 1100/6750 loss=0.1773
08/11/2026 21:18:12 - INFO - __main__ - [BERT + Bi-LSTM] epoch 1 step 1150/6750 loss=0.1625
08/11/2026 21:18:17 - INFO - __main__ - [BERT + Bi-LSTM] epoch 1 step 1200/6750 loss=0.1949
08/11/2026 21:18:22 - INFO - __main__ - [BERT + Bi-LSTM] epoch 1 step 1250/6750 loss=0.1793
08/11/2026 21:18:27 - INFO - __main__ - [BERT + Bi-LSTM] epoch 1 step 1300/6750 loss=0.1380
08/11/2026 21:18:32 - INFO - __main__ - [BERT + Bi-LSTM] epoch 1 step 1350/6750 loss=0.1536
08/11/2026 21:18:37 - INFO - __main__ - [BERT + Bi-LSTM] epoch 1 step 1400/6750 loss=0.1185
08/11/2026 21:18:42 - INFO - __main__ - [BERT + Bi-LSTM] epoch 1 step 1450/6750 loss=0.1600
08/11/2026 21:18:48 - INFO - __main__ - [BERT + Bi-LSTM] epoch 1 step 1500/6750 loss=0.1533
08/11/2026 21:18:53 - INFO - __main__ - [BERT + Bi-LSTM] epoch 1 step 1550/6750 loss=0.1257
08/11/2026 21:18:58 - INFO - __main__ - [BERT + Bi-LSTM] epoch 1 step 1600/6750 loss=0.1315
08/11/2026 21:19:03 - INFO - __main__ - [BERT + Bi-LSTM] epoch 1 step 1650/6750 loss=0.0986
08/11/2026 21:19:08 - INFO - __main__ - [BERT + Bi-LSTM] epoch 1 step 1700/6750 loss=0.1294
08/11/2026 21:19:13 - INFO - __main__ - [BERT + Bi-LSTM] epoch 1 step 1750/6750 loss=0.1218
08/11/2026 21:19:18 - INFO - __main__ - [BERT + Bi-LSTM] epoch 1 step 1800/6750 loss=0.1319
08/11/2026 21:19:23 - INFO - __main__ - [BERT + Bi-LSTM] epoch 1 step 1850/6750 loss=0.1232
08/11/2026 21:19:28 - INFO - __main__ - [BERT + Bi-LSTM] epoch 1 step 1900/6750 loss=0.1114
08/11/2026 21:19:34 - INFO - __main__ - [BERT + Bi-LSTM] epoch 1 step 1950/6750 loss=0.1173
08/11/2026 21:19:39 - INFO - __main__ - [BERT + Bi-LSTM] epoch 1 step 2000/6750 loss=0.1196
08/11/2026 21:19:44 - INFO - __main__ - [BERT + Bi-LSTM] epoch 1 step 2050/6750 loss=0.0749
08/11/2026 21:19:49 - INFO - __main__ - [BERT + Bi-LSTM] epoch 1 step 2100/6750 loss=0.1086
08/11/2026 21:19:54 - INFO - __main__ - [BERT + Bi-LSTM] epoch 1 step 2150/6750 loss=0.1022
08/11/2026 21:19:59 - INFO - __main__ - [BERT + Bi-LSTM] epoch 1 step 2200/6750 loss=0.0983
08/11/2026 21:20:04 - INFO - __main__ - [BERT + Bi-LSTM] epoch 1 step 2250/6750 loss=0.1423
08/11/2026 21:20:09 - INFO - __main__ - [BERT + Bi-LSTM] epoch 1 step 2300/6750 loss=0.1262
08/11/2026 21:20:14 - INFO - __main__ - [BERT + Bi-LSTM] epoch 1 step 2350/6750 loss=0.1408
08/11/2026 21:20:20 - INFO - __main__ - [BERT + Bi-LSTM] epoch 1 step 2400/6750 loss=0.1319
08/11/2026 21:20:25 - INFO - __main__ - [BERT + Bi-LSTM] epoch 1 step 2450/6750 loss=0.1528
08/11/2026 21:20:30 - INFO - __main__ - [BERT + Bi-LSTM] epoch 1 step 2500/6750 loss=0.1243
08/11/2026 21:20:35 - INFO - __main__ - [BERT + Bi-LSTM] epoch 1 step 2550/6750 loss=0.1131
08/11/2026 21:20:40 - INFO - __main__ - [BERT + Bi-LSTM] epoch 1 step 2600/6750 loss=0.1165
08/11/2026 21:20:45 - INFO - __main__ - [BERT + Bi-LSTM] epoch 1 step 2650/6750 loss=0.1073
08/11/2026 21:20:50 - INFO - __main__ - [BERT + Bi-LSTM] epoch 1 step 2700/6750 loss=0.1127
08/11/2026 21:20:55 - INFO - __main__ - [BERT + Bi-LSTM] epoch 1 step 2750/6750 loss=0.0896
08/11/2026 21:21:00 - INFO - __main__ - [BERT + Bi-LSTM] epoch 1 step 2800/6750 loss=0.0836
08/11/2026 21:21:06 - INFO - __main__ - [BERT + Bi-LSTM] epoch 1 step 2850/6750 loss=0.0814
08/11/2026 21:21:11 - INFO - __main__ - [BERT + Bi-LSTM] epoch 1 step 2900/6750 loss=0.1136
08/11/2026 21:21:16 - INFO - __main__ - [BERT + Bi-LSTM] epoch 1 step 2950/6750 loss=0.0885
08/11/2026 21:21:21 - INFO - __main__ - [BERT + Bi-LSTM] epoch 1 step 3000/6750 loss=0.0614
08/11/2026 21:21:26 - INFO - __main__ - [BERT + Bi-LSTM] epoch 1 step 3050/6750 loss=0.1065
08/11/2026 21:21:31 - INFO - __main__ - [BERT + Bi-LSTM] epoch 1 step 3100/6750 loss=0.0693
08/11/2026 21:21:36 - INFO - __main__ - [BERT + Bi-LSTM] epoch 1 step 3150/6750 loss=0.1169
08/11/2026 21:21:41 - INFO - __main__ - [BERT + Bi-LSTM] epoch 1 step 3200/6750 loss=0.0875
08/11/2026 21:21:46 - INFO - __main__ - [BERT + Bi-LSTM] epoch 1 step 3250/6750 loss=0.1102
08/11/2026 21:21:52 - INFO - __main__ - [BERT + Bi-LSTM] epoch 1 step 3300/6750 loss=0.0844
08/11/2026 21:21:57 - INFO - __main__ - [BERT + Bi-LSTM] epoch 1 step 3350/6750 loss=0.1214
08/11/2026 21:22:02 - INFO - __main__ - [BERT + Bi-LSTM] epoch 1 step 3400/6750 loss=0.1045
08/11/2026 21:22:07 - INFO - __main__ - [BERT + Bi-LSTM] epoch 1 step 3450/6750 loss=0.0977
08/11/2026 21:22:12 - INFO - __main__ - [BERT + Bi-LSTM] epoch 1 step 3500/6750 loss=0.1036
08/11/2026 21:22:17 - INFO - __main__ - [BERT + Bi-LSTM] epoch 1 step 3550/6750 loss=0.1099
08/11/2026 21:22:22 - INFO - __main__ - [BERT + Bi-LSTM] epoch 1 step 3600/6750 loss=0.0916
08/11/2026 21:22:27 - INFO - __main__ - [BERT + Bi-LSTM] epoch 1 step 3650/6750 loss=0.1081
08/11/2026 21:22:32 - INFO - __main__ - [BERT + Bi-LSTM] epoch 1 step 3700/6750 loss=0.1088
08/11/2026 21:22:37 - INFO - __main__ - [BERT + Bi-LSTM] epoch 1 step 3750/6750 loss=0.0938
08/11/2026 21:22:43 - INFO - __main__ - [BERT + Bi-LSTM] epoch 1 step 3800/6750 loss=0.0992
08/11/2026 21:22:48 - INFO - __main__ - [BERT + Bi-LSTM] epoch 1 step 3850/6750 loss=0.0657
08/11/2026 21:22:53 - INFO - __main__ - [BERT + Bi-LSTM] epoch 1 step 3900/6750 loss=0.0925
08/11/2026 21:22:58 - INFO - __main__ - [BERT + Bi-LSTM] epoch 1 step 3950/6750 loss=0.0976
08/11/2026 21:23:03 - INFO - __main__ - [BERT + Bi-LSTM] epoch 1 step 4000/6750 loss=0.0815
08/11/2026 21:23:08 - INFO - __main__ - [BERT + Bi-LSTM] epoch 1 step 4050/6750 loss=0.1192
08/11/2026 21:23:13 - INFO - __main__ - [BERT + Bi-LSTM] epoch 1 step 4100/6750 loss=0.0730
08/11/2026 21:23:18 - INFO - __main__ - [BERT + Bi-LSTM] epoch 1 step 4150/6750 loss=0.1142
08/11/2026 21:23:23 - INFO - __main__ - [BERT + Bi-LSTM] epoch 1 step 4200/6750 loss=0.1102
08/11/2026 21:23:29 - INFO - __main__ - [BERT + Bi-LSTM] epoch 1 step 4250/6750 loss=0.0915
08/11/2026 21:23:34 - INFO - __main__ - [BERT + Bi-LSTM] epoch 1 step 4300/6750 loss=0.1022
08/11/2026 21:23:39 - INFO - __main__ - [BERT + Bi-LSTM] epoch 1 step 4350/6750 loss=0.0927
08/11/2026 21:23:44 - INFO - __main__ - [BERT + Bi-LSTM] epoch 1 step 4400/6750 loss=0.0889
08/11/2026 21:23:49 - INFO - __main__ - [BERT + Bi-LSTM] epoch 1 step 4450/6750 loss=0.0900
08/11/2026 21:23:54 - INFO - __main__ - [BERT + Bi-LSTM] epoch 1 step 4500/6750 loss=0.0699
08/11/2026 21:23:59 - INFO - __main__ - [BERT + Bi-LSTM] epoch 1 step 4550/6750 loss=0.0988
08/11/2026 21:24:04 - INFO - __main__ - [BERT + Bi-LSTM] epoch 1 step 4600/6750 loss=0.0831
08/11/2026 21:24:09 - INFO - __main__ - [BERT + Bi-LSTM] epoch 1 step 4650/6750 loss=0.1025
08/11/2026 21:24:14 - INFO - __main__ - [BERT + Bi-LSTM] epoch 1 step 4700/6750 loss=0.0798
08/11/2026 21:24:20 - INFO - __main__ - [BERT + Bi-LSTM] epoch 1 step 4750/6750 loss=0.1010
08/11/2026 21:24:25 - INFO - __main__ - [BERT + Bi-LSTM] epoch 1 step 4800/6750 loss=0.1046
08/11/2026 21:24:30 - INFO - __main__ - [BERT + Bi-LSTM] epoch 1 step 4850/6750 loss=0.0802
08/11/2026 21:24:35 - INFO - __main__ - [BERT + Bi-LSTM] epoch 1 step 4900/6750 loss=0.0923
08/11/2026 21:24:40 - INFO - __main__ - [BERT + Bi-LSTM] epoch 1 step 4950/6750 loss=0.0839
08/11/2026 21:24:45 - INFO - __main__ - [BERT + Bi-LSTM] epoch 1 step 5000/6750 loss=0.0986
08/11/2026 21:24:50 - INFO - __main__ - [BERT + Bi-LSTM] epoch 1 step 5050/6750 loss=0.0811
08/11/2026 21:24:55 - INFO - __main__ - [BERT + Bi-LSTM] epoch 1 step 5100/6750 loss=0.1088
08/11/2026 21:25:00 - INFO - __main__ - [BERT + Bi-LSTM] epoch 1 step 5150/6750 loss=0.0945
08/11/2026 21:25:06 - INFO - __main__ - [BERT + Bi-LSTM] epoch 1 step 5200/6750 loss=0.0919
08/11/2026 21:25:11 - INFO - __main__ - [BERT + Bi-LSTM] epoch 1 step 5250/6750 loss=0.0991
08/11/2026 21:25:16 - INFO - __main__ - [BERT + Bi-LSTM] epoch 1 step 5300/6750 loss=0.0916
08/11/2026 21:25:21 - INFO - __main__ - [BERT + Bi-LSTM] epoch 1 step 5350/6750 loss=0.1196
08/11/2026 21:25:26 - INFO - __main__ - [BERT + Bi-LSTM] epoch 1 step 5400/6750 loss=0.1009
08/11/2026 21:25:31 - INFO - __main__ - [BERT + Bi-LSTM] epoch 1 step 5450/6750 loss=0.0920
08/11/2026 21:25:36 - INFO - __main__ - [BERT + Bi-LSTM] epoch 1 step 5500/6750 loss=0.0882
08/11/2026 21:25:41 - INFO - __main__ - [BERT + Bi-LSTM] epoch 1 step 5550/6750 loss=0.0700
08/11/2026 21:25:46 - INFO - __main__ - [BERT + Bi-LSTM] epoch 1 step 5600/6750 loss=0.0883
08/11/2026 21:25:51 - INFO - __main__ - [BERT + Bi-LSTM] epoch 1 step 5650/6750 loss=0.1059
08/11/2026 21:25:57 - INFO - __main__ - [BERT + Bi-LSTM] epoch 1 step 5700/6750 loss=0.0866
08/11/2026 21:26:02 - INFO - __main__ - [BERT + Bi-LSTM] epoch 1 step 5750/6750 loss=0.0749
08/11/2026 21:26:07 - INFO - __main__ - [BERT + Bi-LSTM] epoch 1 step 5800/6750 loss=0.0797
08/11/2026 21:26:12 - INFO - __main__ - [BERT + Bi-LSTM] epoch 1 step 5850/6750 loss=0.0914
08/11/2026 21:26:17 - INFO - __main__ - [BERT + Bi-LSTM] epoch 1 step 5900/6750 loss=0.0777
08/11/2026 21:26:22 - INFO - __main__ - [BERT + Bi-LSTM] epoch 1 step 5950/6750 loss=0.0815
08/11/2026 21:26:27 - INFO - __main__ - [BERT + Bi-LSTM] epoch 1 step 6000/6750 loss=0.1002
08/11/2026 21:26:32 - INFO - __main__ - [BERT + Bi-LSTM] epoch 1 step 6050/6750 loss=0.1026
08/11/2026 21:26:37 - INFO - __main__ - [BERT + Bi-LSTM] epoch 1 step 6100/6750 loss=0.0935
08/11/2026 21:26:43 - INFO - __main__ - [BERT + Bi-LSTM] epoch 1 step 6150/6750 loss=0.0749
08/11/2026 21:26:48 - INFO - __main__ - [BERT + Bi-LSTM] epoch 1 step 6200/6750 loss=0.0737
08/11/2026 21:26:53 - INFO - __main__ - [BERT + Bi-LSTM] epoch 1 step 6250/6750 loss=0.0868
08/11/2026 21:26:58 - INFO - __main__ - [BERT + Bi-LSTM] epoch 1 step 6300/6750 loss=0.0927
08/11/2026 21:27:03 - INFO - __main__ - [BERT + Bi-LSTM] epoch 1 step 6350/6750 loss=0.0782
08/11/2026 21:27:08 - INFO - __main__ - [BERT + Bi-LSTM] epoch 1 step 6400/6750 loss=0.0965
08/11/2026 21:27:13 - INFO - __main__ - [BERT + Bi-LSTM] epoch 1 step 6450/6750 loss=0.1051
08/11/2026 21:27:18 - INFO - __main__ - [BERT + Bi-LSTM] epoch 1 step 6500/6750 loss=0.0726
08/11/2026 21:27:23 - INFO - __main__ - [BERT + Bi-LSTM] epoch 1 step 6550/6750 loss=0.1016
08/11/2026 21:27:29 - INFO - __main__ - [BERT + Bi-LSTM] epoch 1 step 6600/6750 loss=0.0769
08/11/2026 21:27:34 - INFO - __main__ - [BERT + Bi-LSTM] epoch 1 step 6650/6750 loss=0.0790
08/11/2026 21:27:39 - INFO - __main__ - [BERT + Bi-LSTM] epoch 1 step 6700/6750 loss=0.1046
08/11/2026 21:27:44 - INFO - __main__ - [BERT + Bi-LSTM] epoch 1 step 6750/6750 loss=0.0827
08/11/2026 21:27:44 - INFO - __main__ - [BERT + Bi-LSTM] Epoch 1 xong sau 689.0s, avg_loss=0.1662
08/11/2026 21:31:35 - INFO - __main__ - [BERT + Bi-LSTM] Epoch 1 - Valid macro F1 = 0.4895
              precision    recall  f1-score   support

      PERIOD     0.8512    0.8626    0.8569    140153
       COMMA     0.7396    0.7357    0.7377    162051
       COLON     0.6744    0.4499    0.5397     10825
       QMARK     0.6646    0.6796    0.6720      4884
      EXCLAM     0.5294    0.0599    0.1076      2555
   SEMICOLON     0.4792    0.0118    0.0231      1944

   micro avg     0.7869    0.7707    0.7787    322412
   macro avg     0.6564    0.4666    0.4895    322412
weighted avg     0.7815    0.7707    0.7725    322412

08/11/2026 21:31:37 - INFO - __main__ - -> [BERT + Bi-LSTM] best checkpoint mới, macro F1 = 0.4895
/root/phopunct/baseline_plain.py:261: FutureWarning: `torch.cuda.amp.autocast(args...)` is deprecated. Please use `torch.amp.autocast('cuda', args...)` instead.
  with torch.cuda.amp.autocast(enabled=use_amp):
08/11/2026 21:31:42 - INFO - __main__ - [BERT + Bi-LSTM] epoch 2 step 50/6750 loss=0.0599
08/11/2026 21:31:47 - INFO - __main__ - [BERT + Bi-LSTM] epoch 2 step 100/6750 loss=0.0799
08/11/2026 21:31:52 - INFO - __main__ - [BERT + Bi-LSTM] epoch 2 step 150/6750 loss=0.0794
08/11/2026 21:31:57 - INFO - __main__ - [BERT + Bi-LSTM] epoch 2 step 200/6750 loss=0.0603
08/11/2026 21:32:02 - INFO - __main__ - [BERT + Bi-LSTM] epoch 2 step 250/6750 loss=0.0853
08/11/2026 21:32:07 - INFO - __main__ - [BERT + Bi-LSTM] epoch 2 step 300/6750 loss=0.0617
08/11/2026 21:32:12 - INFO - __main__ - [BERT + Bi-LSTM] epoch 2 step 350/6750 loss=0.0627
08/11/2026 21:32:17 - INFO - __main__ - [BERT + Bi-LSTM] epoch 2 step 400/6750 loss=0.0874
08/11/2026 21:32:22 - INFO - __main__ - [BERT + Bi-LSTM] epoch 2 step 450/6750 loss=0.0782
08/11/2026 21:32:27 - INFO - __main__ - [BERT + Bi-LSTM] epoch 2 step 500/6750 loss=0.0897
08/11/2026 21:32:33 - INFO - __main__ - [BERT + Bi-LSTM] epoch 2 step 550/6750 loss=0.0883
08/11/2026 21:32:38 - INFO - __main__ - [BERT + Bi-LSTM] epoch 2 step 600/6750 loss=0.0742
08/11/2026 21:32:43 - INFO - __main__ - [BERT + Bi-LSTM] epoch 2 step 650/6750 loss=0.1123
08/11/2026 21:32:48 - INFO - __main__ - [BERT + Bi-LSTM] epoch 2 step 700/6750 loss=0.0695
08/11/2026 21:32:53 - INFO - __main__ - [BERT + Bi-LSTM] epoch 2 step 750/6750 loss=0.0738
08/11/2026 21:32:58 - INFO - __main__ - [BERT + Bi-LSTM] epoch 2 step 800/6750 loss=0.0753
08/11/2026 21:33:03 - INFO - __main__ - [BERT + Bi-LSTM] epoch 2 step 850/6750 loss=0.0776
08/11/2026 21:33:08 - INFO - __main__ - [BERT + Bi-LSTM] epoch 2 step 900/6750 loss=0.1008
08/11/2026 21:33:13 - INFO - __main__ - [BERT + Bi-LSTM] epoch 2 step 950/6750 loss=0.0533
08/11/2026 21:33:18 - INFO - __main__ - [BERT + Bi-LSTM] epoch 2 step 1000/6750 loss=0.0697
08/11/2026 21:33:23 - INFO - __main__ - [BERT + Bi-LSTM] epoch 2 step 1050/6750 loss=0.0762
08/11/2026 21:33:29 - INFO - __main__ - [BERT + Bi-LSTM] epoch 2 step 1100/6750 loss=0.0693
08/11/2026 21:33:34 - INFO - __main__ - [BERT + Bi-LSTM] epoch 2 step 1150/6750 loss=0.0906
08/11/2026 21:33:39 - INFO - __main__ - [BERT + Bi-LSTM] epoch 2 step 1200/6750 loss=0.0492
08/11/2026 21:33:44 - INFO - __main__ - [BERT + Bi-LSTM] epoch 2 step 1250/6750 loss=0.0589
08/11/2026 21:33:49 - INFO - __main__ - [BERT + Bi-LSTM] epoch 2 step 1300/6750 loss=0.0931
08/11/2026 21:33:54 - INFO - __main__ - [BERT + Bi-LSTM] epoch 2 step 1350/6750 loss=0.0768
08/11/2026 21:33:59 - INFO - __main__ - [BERT + Bi-LSTM] epoch 2 step 1400/6750 loss=0.0866
08/11/2026 21:34:04 - INFO - __main__ - [BERT + Bi-LSTM] epoch 2 step 1450/6750 loss=0.0748
08/11/2026 21:34:09 - INFO - __main__ - [BERT + Bi-LSTM] epoch 2 step 1500/6750 loss=0.0739
08/11/2026 21:34:14 - INFO - __main__ - [BERT + Bi-LSTM] epoch 2 step 1550/6750 loss=0.0746
08/11/2026 21:34:20 - INFO - __main__ - [BERT + Bi-LSTM] epoch 2 step 1600/6750 loss=0.0836
08/11/2026 21:34:25 - INFO - __main__ - [BERT + Bi-LSTM] epoch 2 step 1650/6750 loss=0.0885
08/11/2026 21:34:30 - INFO - __main__ - [BERT + Bi-LSTM] epoch 2 step 1700/6750 loss=0.0651
08/11/2026 21:34:35 - INFO - __main__ - [BERT + Bi-LSTM] epoch 2 step 1750/6750 loss=0.0828
08/11/2026 21:34:40 - INFO - __main__ - [BERT + Bi-LSTM] epoch 2 step 1800/6750 loss=0.0805
08/11/2026 21:34:45 - INFO - __main__ - [BERT + Bi-LSTM] epoch 2 step 1850/6750 loss=0.0606
08/11/2026 21:34:50 - INFO - __main__ - [BERT + Bi-LSTM] epoch 2 step 1900/6750 loss=0.0934
08/11/2026 21:34:55 - INFO - __main__ - [BERT + Bi-LSTM] epoch 2 step 1950/6750 loss=0.0654
08/11/2026 21:35:00 - INFO - __main__ - [BERT + Bi-LSTM] epoch 2 step 2000/6750 loss=0.0629
08/11/2026 21:35:05 - INFO - __main__ - [BERT + Bi-LSTM] epoch 2 step 2050/6750 loss=0.0747
08/11/2026 21:35:11 - INFO - __main__ - [BERT + Bi-LSTM] epoch 2 step 2100/6750 loss=0.1021
08/11/2026 21:35:16 - INFO - __main__ - [BERT + Bi-LSTM] epoch 2 step 2150/6750 loss=0.0716
08/11/2026 21:35:21 - INFO - __main__ - [BERT + Bi-LSTM] epoch 2 step 2200/6750 loss=0.0602
08/11/2026 21:35:26 - INFO - __main__ - [BERT + Bi-LSTM] epoch 2 step 2250/6750 loss=0.0497
08/11/2026 21:35:31 - INFO - __main__ - [BERT + Bi-LSTM] epoch 2 step 2300/6750 loss=0.0789
08/11/2026 21:35:36 - INFO - __main__ - [BERT + Bi-LSTM] epoch 2 step 2350/6750 loss=0.0574
08/11/2026 21:35:41 - INFO - __main__ - [BERT + Bi-LSTM] epoch 2 step 2400/6750 loss=0.0860
08/11/2026 21:35:46 - INFO - __main__ - [BERT + Bi-LSTM] epoch 2 step 2450/6750 loss=0.0702
08/11/2026 21:35:51 - INFO - __main__ - [BERT + Bi-LSTM] epoch 2 step 2500/6750 loss=0.0570
08/11/2026 21:35:56 - INFO - __main__ - [BERT + Bi-LSTM] epoch 2 step 2550/6750 loss=0.1217
08/11/2026 21:36:02 - INFO - __main__ - [BERT + Bi-LSTM] epoch 2 step 2600/6750 loss=0.0610
08/11/2026 21:36:07 - INFO - __main__ - [BERT + Bi-LSTM] epoch 2 step 2650/6750 loss=0.0935
08/11/2026 21:36:12 - INFO - __main__ - [BERT + Bi-LSTM] epoch 2 step 2700/6750 loss=0.0841
08/11/2026 21:36:17 - INFO - __main__ - [BERT + Bi-LSTM] epoch 2 step 2750/6750 loss=0.0737
08/11/2026 21:36:22 - INFO - __main__ - [BERT + Bi-LSTM] epoch 2 step 2800/6750 loss=0.0855
08/11/2026 21:36:27 - INFO - __main__ - [BERT + Bi-LSTM] epoch 2 step 2850/6750 loss=0.0622
08/11/2026 21:36:32 - INFO - __main__ - [BERT + Bi-LSTM] epoch 2 step 2900/6750 loss=0.0703
08/11/2026 21:36:37 - INFO - __main__ - [BERT + Bi-LSTM] epoch 2 step 2950/6750 loss=0.0591
08/11/2026 21:36:42 - INFO - __main__ - [BERT + Bi-LSTM] epoch 2 step 3000/6750 loss=0.0718
08/11/2026 21:36:48 - INFO - __main__ - [BERT + Bi-LSTM] epoch 2 step 3050/6750 loss=0.0793
08/11/2026 21:36:53 - INFO - __main__ - [BERT + Bi-LSTM] epoch 2 step 3100/6750 loss=0.0619
08/11/2026 21:36:58 - INFO - __main__ - [BERT + Bi-LSTM] epoch 2 step 3150/6750 loss=0.0646
08/11/2026 21:37:03 - INFO - __main__ - [BERT + Bi-LSTM] epoch 2 step 3200/6750 loss=0.0808
08/11/2026 21:37:08 - INFO - __main__ - [BERT + Bi-LSTM] epoch 2 step 3250/6750 loss=0.0600
08/11/2026 21:37:13 - INFO - __main__ - [BERT + Bi-LSTM] epoch 2 step 3300/6750 loss=0.0680
08/11/2026 21:37:18 - INFO - __main__ - [BERT + Bi-LSTM] epoch 2 step 3350/6750 loss=0.0839
08/11/2026 21:37:23 - INFO - __main__ - [BERT + Bi-LSTM] epoch 2 step 3400/6750 loss=0.0579
08/11/2026 21:37:28 - INFO - __main__ - [BERT + Bi-LSTM] epoch 2 step 3450/6750 loss=0.0803
08/11/2026 21:37:33 - INFO - __main__ - [BERT + Bi-LSTM] epoch 2 step 3500/6750 loss=0.0761
08/11/2026 21:37:39 - INFO - __main__ - [BERT + Bi-LSTM] epoch 2 step 3550/6750 loss=0.0747
08/11/2026 21:37:44 - INFO - __main__ - [BERT + Bi-LSTM] epoch 2 step 3600/6750 loss=0.0838
08/11/2026 21:37:49 - INFO - __main__ - [BERT + Bi-LSTM] epoch 2 step 3650/6750 loss=0.0885
08/11/2026 21:37:54 - INFO - __main__ - [BERT + Bi-LSTM] epoch 2 step 3700/6750 loss=0.0572
08/11/2026 21:37:59 - INFO - __main__ - [BERT + Bi-LSTM] epoch 2 step 3750/6750 loss=0.0699
08/11/2026 21:38:04 - INFO - __main__ - [BERT + Bi-LSTM] epoch 2 step 3800/6750 loss=0.0676
08/11/2026 21:38:09 - INFO - __main__ - [BERT + Bi-LSTM] epoch 2 step 3850/6750 loss=0.0723
08/11/2026 21:38:14 - INFO - __main__ - [BERT + Bi-LSTM] epoch 2 step 3900/6750 loss=0.0728
08/11/2026 21:38:19 - INFO - __main__ - [BERT + Bi-LSTM] epoch 2 step 3950/6750 loss=0.0854
08/11/2026 21:38:24 - INFO - __main__ - [BERT + Bi-LSTM] epoch 2 step 4000/6750 loss=0.0506
08/11/2026 21:38:30 - INFO - __main__ - [BERT + Bi-LSTM] epoch 2 step 4050/6750 loss=0.0618
08/11/2026 21:38:35 - INFO - __main__ - [BERT + Bi-LSTM] epoch 2 step 4100/6750 loss=0.0917
08/11/2026 21:38:40 - INFO - __main__ - [BERT + Bi-LSTM] epoch 2 step 4150/6750 loss=0.0872
08/11/2026 21:38:45 - INFO - __main__ - [BERT + Bi-LSTM] epoch 2 step 4200/6750 loss=0.0768
08/11/2026 21:38:50 - INFO - __main__ - [BERT + Bi-LSTM] epoch 2 step 4250/6750 loss=0.0754
08/11/2026 21:38:55 - INFO - __main__ - [BERT + Bi-LSTM] epoch 2 step 4300/6750 loss=0.0586
08/11/2026 21:39:00 - INFO - __main__ - [BERT + Bi-LSTM] epoch 2 step 4350/6750 loss=0.0643
08/11/2026 21:39:05 - INFO - __main__ - [BERT + Bi-LSTM] epoch 2 step 4400/6750 loss=0.0674
08/11/2026 21:39:10 - INFO - __main__ - [BERT + Bi-LSTM] epoch 2 step 4450/6750 loss=0.0747
08/11/2026 21:39:16 - INFO - __main__ - [BERT + Bi-LSTM] epoch 2 step 4500/6750 loss=0.0787
08/11/2026 21:39:21 - INFO - __main__ - [BERT + Bi-LSTM] epoch 2 step 4550/6750 loss=0.0635
08/11/2026 21:39:26 - INFO - __main__ - [BERT + Bi-LSTM] epoch 2 step 4600/6750 loss=0.0629
08/11/2026 21:39:31 - INFO - __main__ - [BERT + Bi-LSTM] epoch 2 step 4650/6750 loss=0.0780
08/11/2026 21:39:36 - INFO - __main__ - [BERT + Bi-LSTM] epoch 2 step 4700/6750 loss=0.0746
08/11/2026 21:39:41 - INFO - __main__ - [BERT + Bi-LSTM] epoch 2 step 4750/6750 loss=0.0573
08/11/2026 21:39:46 - INFO - __main__ - [BERT + Bi-LSTM] epoch 2 step 4800/6750 loss=0.0635
08/11/2026 21:39:51 - INFO - __main__ - [BERT + Bi-LSTM] epoch 2 step 4850/6750 loss=0.0755
08/11/2026 21:39:56 - INFO - __main__ - [BERT + Bi-LSTM] epoch 2 step 4900/6750 loss=0.0526
08/11/2026 21:40:01 - INFO - __main__ - [BERT + Bi-LSTM] epoch 2 step 4950/6750 loss=0.0621
08/11/2026 21:40:07 - INFO - __main__ - [BERT + Bi-LSTM] epoch 2 step 5000/6750 loss=0.0910
08/11/2026 21:40:12 - INFO - __main__ - [BERT + Bi-LSTM] epoch 2 step 5050/6750 loss=0.0857
08/11/2026 21:40:17 - INFO - __main__ - [BERT + Bi-LSTM] epoch 2 step 5100/6750 loss=0.0844
08/11/2026 21:40:22 - INFO - __main__ - [BERT + Bi-LSTM] epoch 2 step 5150/6750 loss=0.0746
08/11/2026 21:40:27 - INFO - __main__ - [BERT + Bi-LSTM] epoch 2 step 5200/6750 loss=0.0630
08/11/2026 21:40:32 - INFO - __main__ - [BERT + Bi-LSTM] epoch 2 step 5250/6750 loss=0.0792
08/11/2026 21:40:37 - INFO - __main__ - [BERT + Bi-LSTM] epoch 2 step 5300/6750 loss=0.0842
08/11/2026 21:40:42 - INFO - __main__ - [BERT + Bi-LSTM] epoch 2 step 5350/6750 loss=0.0742
08/11/2026 21:40:48 - INFO - __main__ - [BERT + Bi-LSTM] epoch 2 step 5400/6750 loss=0.0735
08/11/2026 21:40:53 - INFO - __main__ - [BERT + Bi-LSTM] epoch 2 step 5450/6750 loss=0.0670
08/11/2026 21:40:58 - INFO - __main__ - [BERT + Bi-LSTM] epoch 2 step 5500/6750 loss=0.0685
08/11/2026 21:41:03 - INFO - __main__ - [BERT + Bi-LSTM] epoch 2 step 5550/6750 loss=0.0708
08/11/2026 21:41:08 - INFO - __main__ - [BERT + Bi-LSTM] epoch 2 step 5600/6750 loss=0.0596
08/11/2026 21:41:13 - INFO - __main__ - [BERT + Bi-LSTM] epoch 2 step 5650/6750 loss=0.0948
08/11/2026 21:41:18 - INFO - __main__ - [BERT + Bi-LSTM] epoch 2 step 5700/6750 loss=0.0729
08/11/2026 21:41:23 - INFO - __main__ - [BERT + Bi-LSTM] epoch 2 step 5750/6750 loss=0.0924
08/11/2026 21:41:28 - INFO - __main__ - [BERT + Bi-LSTM] epoch 2 step 5800/6750 loss=0.0553
08/11/2026 21:41:33 - INFO - __main__ - [BERT + Bi-LSTM] epoch 2 step 5850/6750 loss=0.0654
08/11/2026 21:41:39 - INFO - __main__ - [BERT + Bi-LSTM] epoch 2 step 5900/6750 loss=0.0702
08/11/2026 21:41:44 - INFO - __main__ - [BERT + Bi-LSTM] epoch 2 step 5950/6750 loss=0.0714
08/11/2026 21:41:49 - INFO - __main__ - [BERT + Bi-LSTM] epoch 2 step 6000/6750 loss=0.0800
08/11/2026 21:41:54 - INFO - __main__ - [BERT + Bi-LSTM] epoch 2 step 6050/6750 loss=0.1012
08/11/2026 21:41:59 - INFO - __main__ - [BERT + Bi-LSTM] epoch 2 step 6100/6750 loss=0.1023
08/11/2026 21:42:04 - INFO - __main__ - [BERT + Bi-LSTM] epoch 2 step 6150/6750 loss=0.0826
08/11/2026 21:42:09 - INFO - __main__ - [BERT + Bi-LSTM] epoch 2 step 6200/6750 loss=0.0622
08/11/2026 21:42:14 - INFO - __main__ - [BERT + Bi-LSTM] epoch 2 step 6250/6750 loss=0.0666
08/11/2026 21:42:20 - INFO - __main__ - [BERT + Bi-LSTM] epoch 2 step 6300/6750 loss=0.0811
08/11/2026 21:42:25 - INFO - __main__ - [BERT + Bi-LSTM] epoch 2 step 6350/6750 loss=0.0978
08/11/2026 21:42:30 - INFO - __main__ - [BERT + Bi-LSTM] epoch 2 step 6400/6750 loss=0.0748
08/11/2026 21:42:35 - INFO - __main__ - [BERT + Bi-LSTM] epoch 2 step 6450/6750 loss=0.0475
08/11/2026 21:42:40 - INFO - __main__ - [BERT + Bi-LSTM] epoch 2 step 6500/6750 loss=0.0671
08/11/2026 21:42:45 - INFO - __main__ - [BERT + Bi-LSTM] epoch 2 step 6550/6750 loss=0.0774
08/11/2026 21:42:50 - INFO - __main__ - [BERT + Bi-LSTM] epoch 2 step 6600/6750 loss=0.0736
08/11/2026 21:42:55 - INFO - __main__ - [BERT + Bi-LSTM] epoch 2 step 6650/6750 loss=0.0752
08/11/2026 21:43:00 - INFO - __main__ - [BERT + Bi-LSTM] epoch 2 step 6700/6750 loss=0.0687
08/11/2026 21:43:05 - INFO - __main__ - [BERT + Bi-LSTM] epoch 2 step 6750/6750 loss=0.0499
08/11/2026 21:43:05 - INFO - __main__ - [BERT + Bi-LSTM] Epoch 2 xong sau 688.8s, avg_loss=0.0741
08/11/2026 21:46:57 - INFO - __main__ - [BERT + Bi-LSTM] Epoch 2 - Valid macro F1 = 0.5469
              precision    recall  f1-score   support

      PERIOD     0.8492    0.8871    0.8677    140153
       COMMA     0.7811    0.7097    0.7437    162051
       COLON     0.6822    0.5272    0.5948     10825
       QMARK     0.7914    0.6278    0.7002      4884
      EXCLAM     0.6260    0.0963    0.1669      2555
   SEMICOLON     0.4619    0.1343    0.2081      1944

   micro avg     0.8102    0.7711    0.7902    322412
   macro avg     0.6986    0.4970    0.5469    322412
weighted avg     0.8044    0.7711    0.7841    322412

08/11/2026 21:46:59 - INFO - __main__ - -> [BERT + Bi-LSTM] best checkpoint mới, macro F1 = 0.5469
/root/phopunct/baseline_plain.py:261: FutureWarning: `torch.cuda.amp.autocast(args...)` is deprecated. Please use `torch.amp.autocast('cuda', args...)` instead.
  with torch.cuda.amp.autocast(enabled=use_amp):
08/11/2026 21:47:04 - INFO - __main__ - [BERT + Bi-LSTM] epoch 3 step 50/6750 loss=0.0634
08/11/2026 21:47:09 - INFO - __main__ - [BERT + Bi-LSTM] epoch 3 step 100/6750 loss=0.0683
08/11/2026 21:47:14 - INFO - __main__ - [BERT + Bi-LSTM] epoch 3 step 150/6750 loss=0.0808
08/11/2026 21:47:19 - INFO - __main__ - [BERT + Bi-LSTM] epoch 3 step 200/6750 loss=0.0591
08/11/2026 21:47:24 - INFO - __main__ - [BERT + Bi-LSTM] epoch 3 step 250/6750 loss=0.0537
08/11/2026 21:47:29 - INFO - __main__ - [BERT + Bi-LSTM] epoch 3 step 300/6750 loss=0.0471
08/11/2026 21:47:35 - INFO - __main__ - [BERT + Bi-LSTM] epoch 3 step 350/6750 loss=0.0527
08/11/2026 21:47:40 - INFO - __main__ - [BERT + Bi-LSTM] epoch 3 step 400/6750 loss=0.0457
08/11/2026 21:47:45 - INFO - __main__ - [BERT + Bi-LSTM] epoch 3 step 450/6750 loss=0.0597
08/11/2026 21:47:50 - INFO - __main__ - [BERT + Bi-LSTM] epoch 3 step 500/6750 loss=0.0471
08/11/2026 21:47:55 - INFO - __main__ - [BERT + Bi-LSTM] epoch 3 step 550/6750 loss=0.0400
08/11/2026 21:48:00 - INFO - __main__ - [BERT + Bi-LSTM] epoch 3 step 600/6750 loss=0.0549
08/11/2026 21:48:05 - INFO - __main__ - [BERT + Bi-LSTM] epoch 3 step 650/6750 loss=0.0485
08/11/2026 21:48:10 - INFO - __main__ - [BERT + Bi-LSTM] epoch 3 step 700/6750 loss=0.0524
08/11/2026 21:48:15 - INFO - __main__ - [BERT + Bi-LSTM] epoch 3 step 750/6750 loss=0.0600
08/11/2026 21:48:20 - INFO - __main__ - [BERT + Bi-LSTM] epoch 3 step 800/6750 loss=0.0575
08/11/2026 21:48:25 - INFO - __main__ - [BERT + Bi-LSTM] epoch 3 step 850/6750 loss=0.0635
08/11/2026 21:48:31 - INFO - __main__ - [BERT + Bi-LSTM] epoch 3 step 900/6750 loss=0.0639
08/11/2026 21:48:36 - INFO - __main__ - [BERT + Bi-LSTM] epoch 3 step 950/6750 loss=0.0563
08/11/2026 21:48:41 - INFO - __main__ - [BERT + Bi-LSTM] epoch 3 step 1000/6750 loss=0.0543
08/11/2026 21:48:46 - INFO - __main__ - [BERT + Bi-LSTM] epoch 3 step 1050/6750 loss=0.0524
08/11/2026 21:48:51 - INFO - __main__ - [BERT + Bi-LSTM] epoch 3 step 1100/6750 loss=0.0669
08/11/2026 21:48:56 - INFO - __main__ - [BERT + Bi-LSTM] epoch 3 step 1150/6750 loss=0.0541
08/11/2026 21:49:01 - INFO - __main__ - [BERT + Bi-LSTM] epoch 3 step 1200/6750 loss=0.0534
08/11/2026 21:49:06 - INFO - __main__ - [BERT + Bi-LSTM] epoch 3 step 1250/6750 loss=0.0570
08/11/2026 21:49:11 - INFO - __main__ - [BERT + Bi-LSTM] epoch 3 step 1300/6750 loss=0.0598
08/11/2026 21:49:17 - INFO - __main__ - [BERT + Bi-LSTM] epoch 3 step 1350/6750 loss=0.0619
08/11/2026 21:49:22 - INFO - __main__ - [BERT + Bi-LSTM] epoch 3 step 1400/6750 loss=0.0510
08/11/2026 21:49:27 - INFO - __main__ - [BERT + Bi-LSTM] epoch 3 step 1450/6750 loss=0.0469
08/11/2026 21:49:32 - INFO - __main__ - [BERT + Bi-LSTM] epoch 3 step 1500/6750 loss=0.0632
08/11/2026 21:49:37 - INFO - __main__ - [BERT + Bi-LSTM] epoch 3 step 1550/6750 loss=0.0719
08/11/2026 21:49:42 - INFO - __main__ - [BERT + Bi-LSTM] epoch 3 step 1600/6750 loss=0.0671
08/11/2026 21:49:47 - INFO - __main__ - [BERT + Bi-LSTM] epoch 3 step 1650/6750 loss=0.0573
08/11/2026 21:49:52 - INFO - __main__ - [BERT + Bi-LSTM] epoch 3 step 1700/6750 loss=0.0605
08/11/2026 21:49:57 - INFO - __main__ - [BERT + Bi-LSTM] epoch 3 step 1750/6750 loss=0.0730
08/11/2026 21:50:02 - INFO - __main__ - [BERT + Bi-LSTM] epoch 3 step 1800/6750 loss=0.0454
08/11/2026 21:50:08 - INFO - __main__ - [BERT + Bi-LSTM] epoch 3 step 1850/6750 loss=0.0562
08/11/2026 21:50:13 - INFO - __main__ - [BERT + Bi-LSTM] epoch 3 step 1900/6750 loss=0.0618
08/11/2026 21:50:18 - INFO - __main__ - [BERT + Bi-LSTM] epoch 3 step 1950/6750 loss=0.0527
08/11/2026 21:50:23 - INFO - __main__ - [BERT + Bi-LSTM] epoch 3 step 2000/6750 loss=0.0638
08/11/2026 21:50:28 - INFO - __main__ - [BERT + Bi-LSTM] epoch 3 step 2050/6750 loss=0.0720
08/11/2026 21:50:33 - INFO - __main__ - [BERT + Bi-LSTM] epoch 3 step 2100/6750 loss=0.0509
08/11/2026 21:50:38 - INFO - __main__ - [BERT + Bi-LSTM] epoch 3 step 2150/6750 loss=0.0778
08/11/2026 21:50:43 - INFO - __main__ - [BERT + Bi-LSTM] epoch 3 step 2200/6750 loss=0.0502
08/11/2026 21:50:49 - INFO - __main__ - [BERT + Bi-LSTM] epoch 3 step 2250/6750 loss=0.0479
08/11/2026 21:50:54 - INFO - __main__ - [BERT + Bi-LSTM] epoch 3 step 2300/6750 loss=0.0723
08/11/2026 21:50:59 - INFO - __main__ - [BERT + Bi-LSTM] epoch 3 step 2350/6750 loss=0.0585
08/11/2026 21:51:04 - INFO - __main__ - [BERT + Bi-LSTM] epoch 3 step 2400/6750 loss=0.0485
08/11/2026 21:51:09 - INFO - __main__ - [BERT + Bi-LSTM] epoch 3 step 2450/6750 loss=0.0701
08/11/2026 21:51:14 - INFO - __main__ - [BERT + Bi-LSTM] epoch 3 step 2500/6750 loss=0.0822
08/11/2026 21:51:19 - INFO - __main__ - [BERT + Bi-LSTM] epoch 3 step 2550/6750 loss=0.0584
08/11/2026 21:51:24 - INFO - __main__ - [BERT + Bi-LSTM] epoch 3 step 2600/6750 loss=0.0644
08/11/2026 21:51:30 - INFO - __main__ - [BERT + Bi-LSTM] epoch 3 step 2650/6750 loss=0.0631
08/11/2026 21:51:35 - INFO - __main__ - [BERT + Bi-LSTM] epoch 3 step 2700/6750 loss=0.0467
08/11/2026 21:51:40 - INFO - __main__ - [BERT + Bi-LSTM] epoch 3 step 2750/6750 loss=0.0634
08/11/2026 21:51:45 - INFO - __main__ - [BERT + Bi-LSTM] epoch 3 step 2800/6750 loss=0.0478
08/11/2026 21:51:50 - INFO - __main__ - [BERT + Bi-LSTM] epoch 3 step 2850/6750 loss=0.0641
08/11/2026 21:51:55 - INFO - __main__ - [BERT + Bi-LSTM] epoch 3 step 2900/6750 loss=0.0670
08/11/2026 21:52:00 - INFO - __main__ - [BERT + Bi-LSTM] epoch 3 step 2950/6750 loss=0.0595
08/11/2026 21:52:05 - INFO - __main__ - [BERT + Bi-LSTM] epoch 3 step 3000/6750 loss=0.0568
08/11/2026 21:52:10 - INFO - __main__ - [BERT + Bi-LSTM] epoch 3 step 3050/6750 loss=0.0559
08/11/2026 21:52:16 - INFO - __main__ - [BERT + Bi-LSTM] epoch 3 step 3100/6750 loss=0.0607
08/11/2026 21:52:21 - INFO - __main__ - [BERT + Bi-LSTM] epoch 3 step 3150/6750 loss=0.0553
08/11/2026 21:52:26 - INFO - __main__ - [BERT + Bi-LSTM] epoch 3 step 3200/6750 loss=0.0647
08/11/2026 21:52:31 - INFO - __main__ - [BERT + Bi-LSTM] epoch 3 step 3250/6750 loss=0.0711
08/11/2026 21:52:36 - INFO - __main__ - [BERT + Bi-LSTM] epoch 3 step 3300/6750 loss=0.0884
08/11/2026 21:52:41 - INFO - __main__ - [BERT + Bi-LSTM] epoch 3 step 3350/6750 loss=0.0602
08/11/2026 21:52:46 - INFO - __main__ - [BERT + Bi-LSTM] epoch 3 step 3400/6750 loss=0.0523
08/11/2026 21:52:51 - INFO - __main__ - [BERT + Bi-LSTM] epoch 3 step 3450/6750 loss=0.0627
08/11/2026 21:52:56 - INFO - __main__ - [BERT + Bi-LSTM] epoch 3 step 3500/6750 loss=0.0603
08/11/2026 21:53:02 - INFO - __main__ - [BERT + Bi-LSTM] epoch 3 step 3550/6750 loss=0.0448
08/11/2026 21:53:07 - INFO - __main__ - [BERT + Bi-LSTM] epoch 3 step 3600/6750 loss=0.0613
08/11/2026 21:53:12 - INFO - __main__ - [BERT + Bi-LSTM] epoch 3 step 3650/6750 loss=0.0706
08/11/2026 21:53:17 - INFO - __main__ - [BERT + Bi-LSTM] epoch 3 step 3700/6750 loss=0.0543
08/11/2026 21:53:22 - INFO - __main__ - [BERT + Bi-LSTM] epoch 3 step 3750/6750 loss=0.0639
08/11/2026 21:53:27 - INFO - __main__ - [BERT + Bi-LSTM] epoch 3 step 3800/6750 loss=0.0632
08/11/2026 21:53:32 - INFO - __main__ - [BERT + Bi-LSTM] epoch 3 step 3850/6750 loss=0.0686
08/11/2026 21:53:38 - INFO - __main__ - [BERT + Bi-LSTM] epoch 3 step 3900/6750 loss=0.0578
08/11/2026 21:53:43 - INFO - __main__ - [BERT + Bi-LSTM] epoch 3 step 3950/6750 loss=0.0624
08/11/2026 21:53:48 - INFO - __main__ - [BERT + Bi-LSTM] epoch 3 step 4000/6750 loss=0.0390
08/11/2026 21:53:53 - INFO - __main__ - [BERT + Bi-LSTM] epoch 3 step 4050/6750 loss=0.0404
08/11/2026 21:53:58 - INFO - __main__ - [BERT + Bi-LSTM] epoch 3 step 4100/6750 loss=0.0562
08/11/2026 21:54:03 - INFO - __main__ - [BERT + Bi-LSTM] epoch 3 step 4150/6750 loss=0.0448
08/11/2026 21:54:08 - INFO - __main__ - [BERT + Bi-LSTM] epoch 3 step 4200/6750 loss=0.0661
08/11/2026 21:54:13 - INFO - __main__ - [BERT + Bi-LSTM] epoch 3 step 4250/6750 loss=0.0613
08/11/2026 21:54:18 - INFO - __main__ - [BERT + Bi-LSTM] epoch 3 step 4300/6750 loss=0.0634
08/11/2026 21:54:24 - INFO - __main__ - [BERT + Bi-LSTM] epoch 3 step 4350/6750 loss=0.0622
08/11/2026 21:54:29 - INFO - __main__ - [BERT + Bi-LSTM] epoch 3 step 4400/6750 loss=0.0370
08/11/2026 21:54:34 - INFO - __main__ - [BERT + Bi-LSTM] epoch 3 step 4450/6750 loss=0.0775
08/11/2026 21:54:39 - INFO - __main__ - [BERT + Bi-LSTM] epoch 3 step 4500/6750 loss=0.0907
08/11/2026 21:54:44 - INFO - __main__ - [BERT + Bi-LSTM] epoch 3 step 4550/6750 loss=0.0668
08/11/2026 21:54:49 - INFO - __main__ - [BERT + Bi-LSTM] epoch 3 step 4600/6750 loss=0.0943
08/11/2026 21:54:54 - INFO - __main__ - [BERT + Bi-LSTM] epoch 3 step 4650/6750 loss=0.0776
08/11/2026 21:54:59 - INFO - __main__ - [BERT + Bi-LSTM] epoch 3 step 4700/6750 loss=0.0454
08/11/2026 21:55:04 - INFO - __main__ - [BERT + Bi-LSTM] epoch 3 step 4750/6750 loss=0.0575
08/11/2026 21:55:10 - INFO - __main__ - [BERT + Bi-LSTM] epoch 3 step 4800/6750 loss=0.0549
08/11/2026 21:55:15 - INFO - __main__ - [BERT + Bi-LSTM] epoch 3 step 4850/6750 loss=0.0625
08/11/2026 21:55:20 - INFO - __main__ - [BERT + Bi-LSTM] epoch 3 step 4900/6750 loss=0.0522
08/11/2026 21:55:25 - INFO - __main__ - [BERT + Bi-LSTM] epoch 3 step 4950/6750 loss=0.0803
08/11/2026 21:55:30 - INFO - __main__ - [BERT + Bi-LSTM] epoch 3 step 5000/6750 loss=0.0545
08/11/2026 21:55:35 - INFO - __main__ - [BERT + Bi-LSTM] epoch 3 step 5050/6750 loss=0.0752
08/11/2026 21:55:40 - INFO - __main__ - [BERT + Bi-LSTM] epoch 3 step 5100/6750 loss=0.0511
08/11/2026 21:55:45 - INFO - __main__ - [BERT + Bi-LSTM] epoch 3 step 5150/6750 loss=0.0629
08/11/2026 21:55:51 - INFO - __main__ - [BERT + Bi-LSTM] epoch 3 step 5200/6750 loss=0.0736
08/11/2026 21:55:56 - INFO - __main__ - [BERT + Bi-LSTM] epoch 3 step 5250/6750 loss=0.0628
08/11/2026 21:56:01 - INFO - __main__ - [BERT + Bi-LSTM] epoch 3 step 5300/6750 loss=0.0652
08/11/2026 21:56:06 - INFO - __main__ - [BERT + Bi-LSTM] epoch 3 step 5350/6750 loss=0.0696
08/11/2026 21:56:11 - INFO - __main__ - [BERT + Bi-LSTM] epoch 3 step 5400/6750 loss=0.0710
08/11/2026 21:56:16 - INFO - __main__ - [BERT + Bi-LSTM] epoch 3 step 5450/6750 loss=0.0584
08/11/2026 21:56:21 - INFO - __main__ - [BERT + Bi-LSTM] epoch 3 step 5500/6750 loss=0.0469
08/11/2026 21:56:26 - INFO - __main__ - [BERT + Bi-LSTM] epoch 3 step 5550/6750 loss=0.0635
08/11/2026 21:56:31 - INFO - __main__ - [BERT + Bi-LSTM] epoch 3 step 5600/6750 loss=0.0769
08/11/2026 21:56:37 - INFO - __main__ - [BERT + Bi-LSTM] epoch 3 step 5650/6750 loss=0.0494
08/11/2026 21:56:42 - INFO - __main__ - [BERT + Bi-LSTM] epoch 3 step 5700/6750 loss=0.0554
08/11/2026 21:56:47 - INFO - __main__ - [BERT + Bi-LSTM] epoch 3 step 5750/6750 loss=0.0633
08/11/2026 21:56:52 - INFO - __main__ - [BERT + Bi-LSTM] epoch 3 step 5800/6750 loss=0.0674
08/11/2026 21:56:57 - INFO - __main__ - [BERT + Bi-LSTM] epoch 3 step 5850/6750 loss=0.0754
08/11/2026 21:57:02 - INFO - __main__ - [BERT + Bi-LSTM] epoch 3 step 5900/6750 loss=0.0663
08/11/2026 21:57:07 - INFO - __main__ - [BERT + Bi-LSTM] epoch 3 step 5950/6750 loss=0.0456
08/11/2026 21:57:12 - INFO - __main__ - [BERT + Bi-LSTM] epoch 3 step 6000/6750 loss=0.0515
08/11/2026 21:57:17 - INFO - __main__ - [BERT + Bi-LSTM] epoch 3 step 6050/6750 loss=0.0710
08/11/2026 21:57:22 - INFO - __main__ - [BERT + Bi-LSTM] epoch 3 step 6100/6750 loss=0.0825
08/11/2026 21:57:28 - INFO - __main__ - [BERT + Bi-LSTM] epoch 3 step 6150/6750 loss=0.0734
08/11/2026 21:57:33 - INFO - __main__ - [BERT + Bi-LSTM] epoch 3 step 6200/6750 loss=0.0449
08/11/2026 21:57:38 - INFO - __main__ - [BERT + Bi-LSTM] epoch 3 step 6250/6750 loss=0.0404
08/11/2026 21:57:43 - INFO - __main__ - [BERT + Bi-LSTM] epoch 3 step 6300/6750 loss=0.0729
08/11/2026 21:57:48 - INFO - __main__ - [BERT + Bi-LSTM] epoch 3 step 6350/6750 loss=0.0559
08/11/2026 21:57:53 - INFO - __main__ - [BERT + Bi-LSTM] epoch 3 step 6400/6750 loss=0.0546
08/11/2026 21:57:58 - INFO - __main__ - [BERT + Bi-LSTM] epoch 3 step 6450/6750 loss=0.0589
08/11/2026 21:58:03 - INFO - __main__ - [BERT + Bi-LSTM] epoch 3 step 6500/6750 loss=0.0620
08/11/2026 21:58:08 - INFO - __main__ - [BERT + Bi-LSTM] epoch 3 step 6550/6750 loss=0.0634
08/11/2026 21:58:14 - INFO - __main__ - [BERT + Bi-LSTM] epoch 3 step 6600/6750 loss=0.0819
08/11/2026 21:58:19 - INFO - __main__ - [BERT + Bi-LSTM] epoch 3 step 6650/6750 loss=0.0474
08/11/2026 21:58:24 - INFO - __main__ - [BERT + Bi-LSTM] epoch 3 step 6700/6750 loss=0.0671
08/11/2026 21:58:29 - INFO - __main__ - [BERT + Bi-LSTM] epoch 3 step 6750/6750 loss=0.0615
08/11/2026 21:58:29 - INFO - __main__ - [BERT + Bi-LSTM] Epoch 3 xong sau 689.8s, avg_loss=0.0614
08/11/2026 22:02:19 - INFO - __main__ - [BERT + Bi-LSTM] Epoch 3 - Valid macro F1 = 0.5515
              precision    recall  f1-score   support

      PERIOD     0.8612    0.8805    0.8708    140153
       COMMA     0.7596    0.7461    0.7528    162051
       COLON     0.6806    0.5410    0.6028     10825
       QMARK     0.7345    0.7070    0.7205      4884
      EXCLAM     0.6080    0.1135    0.1913      2555
   SEMICOLON     0.4810    0.1039    0.1709      1944

   micro avg     0.8025    0.7882    0.7953    322412
   macro avg     0.6875    0.5153    0.5515    322412
weighted avg     0.7979    0.7882    0.7906    322412

08/11/2026 22:02:21 - INFO - __main__ - -> [BERT + Bi-LSTM] best checkpoint mới, macro F1 = 0.5515
/root/phopunct/baseline_plain.py:261: FutureWarning: `torch.cuda.amp.autocast(args...)` is deprecated. Please use `torch.amp.autocast('cuda', args...)` instead.
  with torch.cuda.amp.autocast(enabled=use_amp):
08/11/2026 22:02:26 - INFO - __main__ - [BERT + Bi-LSTM] epoch 4 step 50/6750 loss=0.0579
08/11/2026 22:02:32 - INFO - __main__ - [BERT + Bi-LSTM] epoch 4 step 100/6750 loss=0.0617
08/11/2026 22:02:37 - INFO - __main__ - [BERT + Bi-LSTM] epoch 4 step 150/6750 loss=0.0395
08/11/2026 22:02:42 - INFO - __main__ - [BERT + Bi-LSTM] epoch 4 step 200/6750 loss=0.0364
08/11/2026 22:02:47 - INFO - __main__ - [BERT + Bi-LSTM] epoch 4 step 250/6750 loss=0.0705
08/11/2026 22:02:52 - INFO - __main__ - [BERT + Bi-LSTM] epoch 4 step 300/6750 loss=0.0405
08/11/2026 22:02:57 - INFO - __main__ - [BERT + Bi-LSTM] epoch 4 step 350/6750 loss=0.0496
08/11/2026 22:03:02 - INFO - __main__ - [BERT + Bi-LSTM] epoch 4 step 400/6750 loss=0.0614
08/11/2026 22:03:07 - INFO - __main__ - [BERT + Bi-LSTM] epoch 4 step 450/6750 loss=0.0591
08/11/2026 22:03:12 - INFO - __main__ - [BERT + Bi-LSTM] epoch 4 step 500/6750 loss=0.0647
08/11/2026 22:03:17 - INFO - __main__ - [BERT + Bi-LSTM] epoch 4 step 550/6750 loss=0.0492
08/11/2026 22:03:22 - INFO - __main__ - [BERT + Bi-LSTM] epoch 4 step 600/6750 loss=0.0574
08/11/2026 22:03:27 - INFO - __main__ - [BERT + Bi-LSTM] epoch 4 step 650/6750 loss=0.0491
08/11/2026 22:03:32 - INFO - __main__ - [BERT + Bi-LSTM] epoch 4 step 700/6750 loss=0.0448
08/11/2026 22:03:38 - INFO - __main__ - [BERT + Bi-LSTM] epoch 4 step 750/6750 loss=0.0652
08/11/2026 22:03:43 - INFO - __main__ - [BERT + Bi-LSTM] epoch 4 step 800/6750 loss=0.0672
08/11/2026 22:03:48 - INFO - __main__ - [BERT + Bi-LSTM] epoch 4 step 850/6750 loss=0.0361
08/11/2026 22:03:53 - INFO - __main__ - [BERT + Bi-LSTM] epoch 4 step 900/6750 loss=0.0488
08/11/2026 22:03:58 - INFO - __main__ - [BERT + Bi-LSTM] epoch 4 step 950/6750 loss=0.0368
08/11/2026 22:04:03 - INFO - __main__ - [BERT + Bi-LSTM] epoch 4 step 1000/6750 loss=0.0440
08/11/2026 22:04:08 - INFO - __main__ - [BERT + Bi-LSTM] epoch 4 step 1050/6750 loss=0.0654
08/11/2026 22:04:13 - INFO - __main__ - [BERT + Bi-LSTM] epoch 4 step 1100/6750 loss=0.0622
08/11/2026 22:04:18 - INFO - __main__ - [BERT + Bi-LSTM] epoch 4 step 1150/6750 loss=0.0629
08/11/2026 22:04:23 - INFO - __main__ - [BERT + Bi-LSTM] epoch 4 step 1200/6750 loss=0.0530
08/11/2026 22:04:29 - INFO - __main__ - [BERT + Bi-LSTM] epoch 4 step 1250/6750 loss=0.0587
08/11/2026 22:04:34 - INFO - __main__ - [BERT + Bi-LSTM] epoch 4 step 1300/6750 loss=0.0778
08/11/2026 22:04:39 - INFO - __main__ - [BERT + Bi-LSTM] epoch 4 step 1350/6750 loss=0.0562
08/11/2026 22:04:44 - INFO - __main__ - [BERT + Bi-LSTM] epoch 4 step 1400/6750 loss=0.0619
08/11/2026 22:04:49 - INFO - __main__ - [BERT + Bi-LSTM] epoch 4 step 1450/6750 loss=0.0487
08/11/2026 22:04:54 - INFO - __main__ - [BERT + Bi-LSTM] epoch 4 step 1500/6750 loss=0.0494
08/11/2026 22:04:59 - INFO - __main__ - [BERT + Bi-LSTM] epoch 4 step 1550/6750 loss=0.0584
08/11/2026 22:05:04 - INFO - __main__ - [BERT + Bi-LSTM] epoch 4 step 1600/6750 loss=0.0743
08/11/2026 22:05:09 - INFO - __main__ - [BERT + Bi-LSTM] epoch 4 step 1650/6750 loss=0.0525
08/11/2026 22:05:14 - INFO - __main__ - [BERT + Bi-LSTM] epoch 4 step 1700/6750 loss=0.0494
08/11/2026 22:05:20 - INFO - __main__ - [BERT + Bi-LSTM] epoch 4 step 1750/6750 loss=0.0499
08/11/2026 22:05:25 - INFO - __main__ - [BERT + Bi-LSTM] epoch 4 step 1800/6750 loss=0.0504
08/11/2026 22:05:30 - INFO - __main__ - [BERT + Bi-LSTM] epoch 4 step 1850/6750 loss=0.0678
08/11/2026 22:05:35 - INFO - __main__ - [BERT + Bi-LSTM] epoch 4 step 1900/6750 loss=0.0349
08/11/2026 22:05:40 - INFO - __main__ - [BERT + Bi-LSTM] epoch 4 step 1950/6750 loss=0.0547
08/11/2026 22:05:45 - INFO - __main__ - [BERT + Bi-LSTM] epoch 4 step 2000/6750 loss=0.0627
08/11/2026 22:05:50 - INFO - __main__ - [BERT + Bi-LSTM] epoch 4 step 2050/6750 loss=0.0499
08/11/2026 22:05:55 - INFO - __main__ - [BERT + Bi-LSTM] epoch 4 step 2100/6750 loss=0.0492
08/11/2026 22:06:00 - INFO - __main__ - [BERT + Bi-LSTM] epoch 4 step 2150/6750 loss=0.0380
08/11/2026 22:06:05 - INFO - __main__ - [BERT + Bi-LSTM] epoch 4 step 2200/6750 loss=0.0389
08/11/2026 22:06:11 - INFO - __main__ - [BERT + Bi-LSTM] epoch 4 step 2250/6750 loss=0.0569
08/11/2026 22:06:16 - INFO - __main__ - [BERT + Bi-LSTM] epoch 4 step 2300/6750 loss=0.0487
08/11/2026 22:06:21 - INFO - __main__ - [BERT + Bi-LSTM] epoch 4 step 2350/6750 loss=0.0552
08/11/2026 22:06:26 - INFO - __main__ - [BERT + Bi-LSTM] epoch 4 step 2400/6750 loss=0.0404
08/11/2026 22:06:31 - INFO - __main__ - [BERT + Bi-LSTM] epoch 4 step 2450/6750 loss=0.0470
08/11/2026 22:06:36 - INFO - __main__ - [BERT + Bi-LSTM] epoch 4 step 2500/6750 loss=0.0664
08/11/2026 22:06:41 - INFO - __main__ - [BERT + Bi-LSTM] epoch 4 step 2550/6750 loss=0.0727
08/11/2026 22:06:46 - INFO - __main__ - [BERT + Bi-LSTM] epoch 4 step 2600/6750 loss=0.0593
08/11/2026 22:06:51 - INFO - __main__ - [BERT + Bi-LSTM] epoch 4 step 2650/6750 loss=0.0420
08/11/2026 22:06:56 - INFO - __main__ - [BERT + Bi-LSTM] epoch 4 step 2700/6750 loss=0.0548
08/11/2026 22:07:02 - INFO - __main__ - [BERT + Bi-LSTM] epoch 4 step 2750/6750 loss=0.0311
08/11/2026 22:07:07 - INFO - __main__ - [BERT + Bi-LSTM] epoch 4 step 2800/6750 loss=0.0613
08/11/2026 22:07:12 - INFO - __main__ - [BERT + Bi-LSTM] epoch 4 step 2850/6750 loss=0.0545
08/11/2026 22:07:17 - INFO - __main__ - [BERT + Bi-LSTM] epoch 4 step 2900/6750 loss=0.0362
08/11/2026 22:07:22 - INFO - __main__ - [BERT + Bi-LSTM] epoch 4 step 2950/6750 loss=0.0698
08/11/2026 22:07:27 - INFO - __main__ - [BERT + Bi-LSTM] epoch 4 step 3000/6750 loss=0.0513
08/11/2026 22:07:32 - INFO - __main__ - [BERT + Bi-LSTM] epoch 4 step 3050/6750 loss=0.0529
08/11/2026 22:07:37 - INFO - __main__ - [BERT + Bi-LSTM] epoch 4 step 3100/6750 loss=0.0660
08/11/2026 22:07:42 - INFO - __main__ - [BERT + Bi-LSTM] epoch 4 step 3150/6750 loss=0.0813
08/11/2026 22:07:47 - INFO - __main__ - [BERT + Bi-LSTM] epoch 4 step 3200/6750 loss=0.0493
08/11/2026 22:07:52 - INFO - __main__ - [BERT + Bi-LSTM] epoch 4 step 3250/6750 loss=0.0461
08/11/2026 22:07:58 - INFO - __main__ - [BERT + Bi-LSTM] epoch 4 step 3300/6750 loss=0.0398
08/11/2026 22:08:03 - INFO - __main__ - [BERT + Bi-LSTM] epoch 4 step 3350/6750 loss=0.0479
08/11/2026 22:08:08 - INFO - __main__ - [BERT + Bi-LSTM] epoch 4 step 3400/6750 loss=0.0509
08/11/2026 22:08:13 - INFO - __main__ - [BERT + Bi-LSTM] epoch 4 step 3450/6750 loss=0.0509
08/11/2026 22:08:18 - INFO - __main__ - [BERT + Bi-LSTM] epoch 4 step 3500/6750 loss=0.0400
08/11/2026 22:08:23 - INFO - __main__ - [BERT + Bi-LSTM] epoch 4 step 3550/6750 loss=0.0799
08/11/2026 22:08:28 - INFO - __main__ - [BERT + Bi-LSTM] epoch 4 step 3600/6750 loss=0.0529
08/11/2026 22:08:33 - INFO - __main__ - [BERT + Bi-LSTM] epoch 4 step 3650/6750 loss=0.0765
08/11/2026 22:08:38 - INFO - __main__ - [BERT + Bi-LSTM] epoch 4 step 3700/6750 loss=0.0584
08/11/2026 22:08:43 - INFO - __main__ - [BERT + Bi-LSTM] epoch 4 step 3750/6750 loss=0.0512
08/11/2026 22:08:49 - INFO - __main__ - [BERT + Bi-LSTM] epoch 4 step 3800/6750 loss=0.0516
08/11/2026 22:08:54 - INFO - __main__ - [BERT + Bi-LSTM] epoch 4 step 3850/6750 loss=0.0582
08/11/2026 22:08:59 - INFO - __main__ - [BERT + Bi-LSTM] epoch 4 step 3900/6750 loss=0.0610
08/11/2026 22:09:04 - INFO - __main__ - [BERT + Bi-LSTM] epoch 4 step 3950/6750 loss=0.0544
08/11/2026 22:09:09 - INFO - __main__ - [BERT + Bi-LSTM] epoch 4 step 4000/6750 loss=0.0550
08/11/2026 22:09:14 - INFO - __main__ - [BERT + Bi-LSTM] epoch 4 step 4050/6750 loss=0.0613
08/11/2026 22:09:19 - INFO - __main__ - [BERT + Bi-LSTM] epoch 4 step 4100/6750 loss=0.0590
08/11/2026 22:09:24 - INFO - __main__ - [BERT + Bi-LSTM] epoch 4 step 4150/6750 loss=0.0440
08/11/2026 22:09:29 - INFO - __main__ - [BERT + Bi-LSTM] epoch 4 step 4200/6750 loss=0.0689
08/11/2026 22:09:34 - INFO - __main__ - [BERT + Bi-LSTM] epoch 4 step 4250/6750 loss=0.0617
08/11/2026 22:09:40 - INFO - __main__ - [BERT + Bi-LSTM] epoch 4 step 4300/6750 loss=0.0544
08/11/2026 22:09:45 - INFO - __main__ - [BERT + Bi-LSTM] epoch 4 step 4350/6750 loss=0.0513
08/11/2026 22:09:50 - INFO - __main__ - [BERT + Bi-LSTM] epoch 4 step 4400/6750 loss=0.0624
08/11/2026 22:09:55 - INFO - __main__ - [BERT + Bi-LSTM] epoch 4 step 4450/6750 loss=0.0454
08/11/2026 22:10:00 - INFO - __main__ - [BERT + Bi-LSTM] epoch 4 step 4500/6750 loss=0.0542
08/11/2026 22:10:05 - INFO - __main__ - [BERT + Bi-LSTM] epoch 4 step 4550/6750 loss=0.0444
08/11/2026 22:10:10 - INFO - __main__ - [BERT + Bi-LSTM] epoch 4 step 4600/6750 loss=0.0529
08/11/2026 22:10:15 - INFO - __main__ - [BERT + Bi-LSTM] epoch 4 step 4650/6750 loss=0.0384
08/11/2026 22:10:20 - INFO - __main__ - [BERT + Bi-LSTM] epoch 4 step 4700/6750 loss=0.0568
08/11/2026 22:10:25 - INFO - __main__ - [BERT + Bi-LSTM] epoch 4 step 4750/6750 loss=0.0423
08/11/2026 22:10:31 - INFO - __main__ - [BERT + Bi-LSTM] epoch 4 step 4800/6750 loss=0.0456
08/11/2026 22:10:36 - INFO - __main__ - [BERT + Bi-LSTM] epoch 4 step 4850/6750 loss=0.0467
08/11/2026 22:10:41 - INFO - __main__ - [BERT + Bi-LSTM] epoch 4 step 4900/6750 loss=0.0611
08/11/2026 22:10:46 - INFO - __main__ - [BERT + Bi-LSTM] epoch 4 step 4950/6750 loss=0.0574
08/11/2026 22:10:51 - INFO - __main__ - [BERT + Bi-LSTM] epoch 4 step 5000/6750 loss=0.0547
08/11/2026 22:10:56 - INFO - __main__ - [BERT + Bi-LSTM] epoch 4 step 5050/6750 loss=0.0462
08/11/2026 22:11:01 - INFO - __main__ - [BERT + Bi-LSTM] epoch 4 step 5100/6750 loss=0.0430
08/11/2026 22:11:06 - INFO - __main__ - [BERT + Bi-LSTM] epoch 4 step 5150/6750 loss=0.0450
08/11/2026 22:11:11 - INFO - __main__ - [BERT + Bi-LSTM] epoch 4 step 5200/6750 loss=0.0543
08/11/2026 22:11:16 - INFO - __main__ - [BERT + Bi-LSTM] epoch 4 step 5250/6750 loss=0.0322
08/11/2026 22:11:22 - INFO - __main__ - [BERT + Bi-LSTM] epoch 4 step 5300/6750 loss=0.0414
08/11/2026 22:11:27 - INFO - __main__ - [BERT + Bi-LSTM] epoch 4 step 5350/6750 loss=0.0430
08/11/2026 22:11:32 - INFO - __main__ - [BERT + Bi-LSTM] epoch 4 step 5400/6750 loss=0.0421
08/11/2026 22:11:37 - INFO - __main__ - [BERT + Bi-LSTM] epoch 4 step 5450/6750 loss=0.0375
08/11/2026 22:11:42 - INFO - __main__ - [BERT + Bi-LSTM] epoch 4 step 5500/6750 loss=0.0442
08/11/2026 22:11:47 - INFO - __main__ - [BERT + Bi-LSTM] epoch 4 step 5550/6750 loss=0.0533
08/11/2026 22:11:52 - INFO - __main__ - [BERT + Bi-LSTM] epoch 4 step 5600/6750 loss=0.0484
08/11/2026 22:11:57 - INFO - __main__ - [BERT + Bi-LSTM] epoch 4 step 5650/6750 loss=0.0474
08/11/2026 22:12:02 - INFO - __main__ - [BERT + Bi-LSTM] epoch 4 step 5700/6750 loss=0.0634
08/11/2026 22:12:08 - INFO - __main__ - [BERT + Bi-LSTM] epoch 4 step 5750/6750 loss=0.0606
08/11/2026 22:12:13 - INFO - __main__ - [BERT + Bi-LSTM] epoch 4 step 5800/6750 loss=0.0469
08/11/2026 22:12:18 - INFO - __main__ - [BERT + Bi-LSTM] epoch 4 step 5850/6750 loss=0.0557
08/11/2026 22:12:23 - INFO - __main__ - [BERT + Bi-LSTM] epoch 4 step 5900/6750 loss=0.0319
08/11/2026 22:12:28 - INFO - __main__ - [BERT + Bi-LSTM] epoch 4 step 5950/6750 loss=0.0541
08/11/2026 22:12:33 - INFO - __main__ - [BERT + Bi-LSTM] epoch 4 step 6000/6750 loss=0.0425
08/11/2026 22:12:38 - INFO - __main__ - [BERT + Bi-LSTM] epoch 4 step 6050/6750 loss=0.0371
08/11/2026 22:12:43 - INFO - __main__ - [BERT + Bi-LSTM] epoch 4 step 6100/6750 loss=0.0566
08/11/2026 22:12:48 - INFO - __main__ - [BERT + Bi-LSTM] epoch 4 step 6150/6750 loss=0.0418
08/11/2026 22:12:53 - INFO - __main__ - [BERT + Bi-LSTM] epoch 4 step 6200/6750 loss=0.0520
08/11/2026 22:12:59 - INFO - __main__ - [BERT + Bi-LSTM] epoch 4 step 6250/6750 loss=0.0421
08/11/2026 22:13:04 - INFO - __main__ - [BERT + Bi-LSTM] epoch 4 step 6300/6750 loss=0.0909
08/11/2026 22:13:09 - INFO - __main__ - [BERT + Bi-LSTM] epoch 4 step 6350/6750 loss=0.0621
08/11/2026 22:13:14 - INFO - __main__ - [BERT + Bi-LSTM] epoch 4 step 6400/6750 loss=0.0611
08/11/2026 22:13:19 - INFO - __main__ - [BERT + Bi-LSTM] epoch 4 step 6450/6750 loss=0.0521
08/11/2026 22:13:24 - INFO - __main__ - [BERT + Bi-LSTM] epoch 4 step 6500/6750 loss=0.0472
08/11/2026 22:13:29 - INFO - __main__ - [BERT + Bi-LSTM] epoch 4 step 6550/6750 loss=0.0458
08/11/2026 22:13:34 - INFO - __main__ - [BERT + Bi-LSTM] epoch 4 step 6600/6750 loss=0.0409
08/11/2026 22:13:39 - INFO - __main__ - [BERT + Bi-LSTM] epoch 4 step 6650/6750 loss=0.0639
08/11/2026 22:13:44 - INFO - __main__ - [BERT + Bi-LSTM] epoch 4 step 6700/6750 loss=0.0525
08/11/2026 22:13:49 - INFO - __main__ - [BERT + Bi-LSTM] epoch 4 step 6750/6750 loss=0.0573
08/11/2026 22:13:49 - INFO - __main__ - [BERT + Bi-LSTM] Epoch 4 xong sau 688.0s, avg_loss=0.0526
08/11/2026 22:17:39 - INFO - __main__ - [BERT + Bi-LSTM] Epoch 4 - Valid macro F1 = 0.5580
              precision    recall  f1-score   support

      PERIOD     0.8611    0.8812    0.8711    140153
       COMMA     0.7600    0.7479    0.7539    162051
       COLON     0.6785    0.5365    0.5992     10825
       QMARK     0.7213    0.7234    0.7223      4884
      EXCLAM     0.5667    0.1346    0.2176      2555
   SEMICOLON     0.4846    0.1137    0.1842      1944

   micro avg     0.8021    0.7897    0.7959    322412
   macro avg     0.6787    0.5229    0.5580    322412
weighted avg     0.7974    0.7897    0.7915    322412

08/11/2026 22:17:42 - INFO - __main__ - -> [BERT + Bi-LSTM] best checkpoint mới, macro F1 = 0.5580
/root/phopunct/baseline_plain.py:261: FutureWarning: `torch.cuda.amp.autocast(args...)` is deprecated. Please use `torch.amp.autocast('cuda', args...)` instead.
  with torch.cuda.amp.autocast(enabled=use_amp):
08/11/2026 22:17:47 - INFO - __main__ - [BERT + Bi-LSTM] epoch 5 step 50/6750 loss=0.0460
08/11/2026 22:17:52 - INFO - __main__ - [BERT + Bi-LSTM] epoch 5 step 100/6750 loss=0.0353
08/11/2026 22:17:57 - INFO - __main__ - [BERT + Bi-LSTM] epoch 5 step 150/6750 loss=0.0556
08/11/2026 22:18:02 - INFO - __main__ - [BERT + Bi-LSTM] epoch 5 step 200/6750 loss=0.0432
08/11/2026 22:18:07 - INFO - __main__ - [BERT + Bi-LSTM] epoch 5 step 250/6750 loss=0.0435
08/11/2026 22:18:12 - INFO - __main__ - [BERT + Bi-LSTM] epoch 5 step 300/6750 loss=0.0507
08/11/2026 22:18:17 - INFO - __main__ - [BERT + Bi-LSTM] epoch 5 step 350/6750 loss=0.0394
08/11/2026 22:18:23 - INFO - __main__ - [BERT + Bi-LSTM] epoch 5 step 400/6750 loss=0.0421
08/11/2026 22:18:28 - INFO - __main__ - [BERT + Bi-LSTM] epoch 5 step 450/6750 loss=0.0329
08/11/2026 22:18:33 - INFO - __main__ - [BERT + Bi-LSTM] epoch 5 step 500/6750 loss=0.0369
08/11/2026 22:18:38 - INFO - __main__ - [BERT + Bi-LSTM] epoch 5 step 550/6750 loss=0.0496
08/11/2026 22:18:43 - INFO - __main__ - [BERT + Bi-LSTM] epoch 5 step 600/6750 loss=0.0581
08/11/2026 22:18:48 - INFO - __main__ - [BERT + Bi-LSTM] epoch 5 step 650/6750 loss=0.0471
08/11/2026 22:18:53 - INFO - __main__ - [BERT + Bi-LSTM] epoch 5 step 700/6750 loss=0.0553
08/11/2026 22:18:58 - INFO - __main__ - [BERT + Bi-LSTM] epoch 5 step 750/6750 loss=0.0439
08/11/2026 22:19:03 - INFO - __main__ - [BERT + Bi-LSTM] epoch 5 step 800/6750 loss=0.0502
08/11/2026 22:19:08 - INFO - __main__ - [BERT + Bi-LSTM] epoch 5 step 850/6750 loss=0.0481
08/11/2026 22:19:14 - INFO - __main__ - [BERT + Bi-LSTM] epoch 5 step 900/6750 loss=0.0411
08/11/2026 22:19:19 - INFO - __main__ - [BERT + Bi-LSTM] epoch 5 step 950/6750 loss=0.0570
08/11/2026 22:19:24 - INFO - __main__ - [BERT + Bi-LSTM] epoch 5 step 1000/6750 loss=0.0415
08/11/2026 22:19:29 - INFO - __main__ - [BERT + Bi-LSTM] epoch 5 step 1050/6750 loss=0.0496
08/11/2026 22:19:34 - INFO - __main__ - [BERT + Bi-LSTM] epoch 5 step 1100/6750 loss=0.0375
08/11/2026 22:19:39 - INFO - __main__ - [BERT + Bi-LSTM] epoch 5 step 1150/6750 loss=0.0377
08/11/2026 22:19:44 - INFO - __main__ - [BERT + Bi-LSTM] epoch 5 step 1200/6750 loss=0.0449
08/11/2026 22:19:49 - INFO - __main__ - [BERT + Bi-LSTM] epoch 5 step 1250/6750 loss=0.0588
08/11/2026 22:19:55 - INFO - __main__ - [BERT + Bi-LSTM] epoch 5 step 1300/6750 loss=0.0415
08/11/2026 22:20:00 - INFO - __main__ - [BERT + Bi-LSTM] epoch 5 step 1350/6750 loss=0.0413
08/11/2026 22:20:05 - INFO - __main__ - [BERT + Bi-LSTM] epoch 5 step 1400/6750 loss=0.0464
08/11/2026 22:20:10 - INFO - __main__ - [BERT + Bi-LSTM] epoch 5 step 1450/6750 loss=0.0570
08/11/2026 22:20:15 - INFO - __main__ - [BERT + Bi-LSTM] epoch 5 step 1500/6750 loss=0.0302
08/11/2026 22:20:20 - INFO - __main__ - [BERT + Bi-LSTM] epoch 5 step 1550/6750 loss=0.0292
08/11/2026 22:20:26 - INFO - __main__ - [BERT + Bi-LSTM] epoch 5 step 1600/6750 loss=0.0302
08/11/2026 22:20:31 - INFO - __main__ - [BERT + Bi-LSTM] epoch 5 step 1650/6750 loss=0.0409
08/11/2026 22:20:36 - INFO - __main__ - [BERT + Bi-LSTM] epoch 5 step 1700/6750 loss=0.0540
08/11/2026 22:20:41 - INFO - __main__ - [BERT + Bi-LSTM] epoch 5 step 1750/6750 loss=0.0491
08/11/2026 22:20:46 - INFO - __main__ - [BERT + Bi-LSTM] epoch 5 step 1800/6750 loss=0.0419
08/11/2026 22:20:51 - INFO - __main__ - [BERT + Bi-LSTM] epoch 5 step 1850/6750 loss=0.0406
08/11/2026 22:20:56 - INFO - __main__ - [BERT + Bi-LSTM] epoch 5 step 1900/6750 loss=0.0450
08/11/2026 22:21:01 - INFO - __main__ - [BERT + Bi-LSTM] epoch 5 step 1950/6750 loss=0.0392
08/11/2026 22:21:07 - INFO - __main__ - [BERT + Bi-LSTM] epoch 5 step 2000/6750 loss=0.0470
08/11/2026 22:21:12 - INFO - __main__ - [BERT + Bi-LSTM] epoch 5 step 2050/6750 loss=0.0390
08/11/2026 22:21:17 - INFO - __main__ - [BERT + Bi-LSTM] epoch 5 step 2100/6750 loss=0.0425
08/11/2026 22:21:22 - INFO - __main__ - [BERT + Bi-LSTM] epoch 5 step 2150/6750 loss=0.0616
08/11/2026 22:21:27 - INFO - __main__ - [BERT + Bi-LSTM] epoch 5 step 2200/6750 loss=0.0404
08/11/2026 22:21:32 - INFO - __main__ - [BERT + Bi-LSTM] epoch 5 step 2250/6750 loss=0.0464
08/11/2026 22:21:37 - INFO - __main__ - [BERT + Bi-LSTM] epoch 5 step 2300/6750 loss=0.0364
08/11/2026 22:21:43 - INFO - __main__ - [BERT + Bi-LSTM] epoch 5 step 2350/6750 loss=0.0366
08/11/2026 22:21:48 - INFO - __main__ - [BERT + Bi-LSTM] epoch 5 step 2400/6750 loss=0.0409
08/11/2026 22:21:53 - INFO - __main__ - [BERT + Bi-LSTM] epoch 5 step 2450/6750 loss=0.0378
08/11/2026 22:21:58 - INFO - __main__ - [BERT + Bi-LSTM] epoch 5 step 2500/6750 loss=0.0417
08/11/2026 22:22:03 - INFO - __main__ - [BERT + Bi-LSTM] epoch 5 step 2550/6750 loss=0.0408
08/11/2026 22:22:08 - INFO - __main__ - [BERT + Bi-LSTM] epoch 5 step 2600/6750 loss=0.0363
08/11/2026 22:22:13 - INFO - __main__ - [BERT + Bi-LSTM] epoch 5 step 2650/6750 loss=0.0397
08/11/2026 22:22:19 - INFO - __main__ - [BERT + Bi-LSTM] epoch 5 step 2700/6750 loss=0.0342
08/11/2026 22:22:24 - INFO - __main__ - [BERT + Bi-LSTM] epoch 5 step 2750/6750 loss=0.0540
08/11/2026 22:22:29 - INFO - __main__ - [BERT + Bi-LSTM] epoch 5 step 2800/6750 loss=0.0332
08/11/2026 22:22:34 - INFO - __main__ - [BERT + Bi-LSTM] epoch 5 step 2850/6750 loss=0.0527
08/11/2026 22:22:39 - INFO - __main__ - [BERT + Bi-LSTM] epoch 5 step 2900/6750 loss=0.0467
08/11/2026 22:22:44 - INFO - __main__ - [BERT + Bi-LSTM] epoch 5 step 2950/6750 loss=0.0545
08/11/2026 22:22:49 - INFO - __main__ - [BERT + Bi-LSTM] epoch 5 step 3000/6750 loss=0.0433
08/11/2026 22:22:54 - INFO - __main__ - [BERT + Bi-LSTM] epoch 5 step 3050/6750 loss=0.0453
08/11/2026 22:23:00 - INFO - __main__ - [BERT + Bi-LSTM] epoch 5 step 3100/6750 loss=0.0511
08/11/2026 22:23:05 - INFO - __main__ - [BERT + Bi-LSTM] epoch 5 step 3150/6750 loss=0.0468
08/11/2026 22:23:10 - INFO - __main__ - [BERT + Bi-LSTM] epoch 5 step 3200/6750 loss=0.0494
08/11/2026 22:23:15 - INFO - __main__ - [BERT + Bi-LSTM] epoch 5 step 3250/6750 loss=0.0422
08/11/2026 22:23:20 - INFO - __main__ - [BERT + Bi-LSTM] epoch 5 step 3300/6750 loss=0.0325
08/11/2026 22:23:25 - INFO - __main__ - [BERT + Bi-LSTM] epoch 5 step 3350/6750 loss=0.0378
08/11/2026 22:23:30 - INFO - __main__ - [BERT + Bi-LSTM] epoch 5 step 3400/6750 loss=0.0492
08/11/2026 22:23:36 - INFO - __main__ - [BERT + Bi-LSTM] epoch 5 step 3450/6750 loss=0.0432
08/11/2026 22:23:41 - INFO - __main__ - [BERT + Bi-LSTM] epoch 5 step 3500/6750 loss=0.0389
08/11/2026 22:23:46 - INFO - __main__ - [BERT + Bi-LSTM] epoch 5 step 3550/6750 loss=0.0260
08/11/2026 22:23:51 - INFO - __main__ - [BERT + Bi-LSTM] epoch 5 step 3600/6750 loss=0.0522
08/11/2026 22:23:56 - INFO - __main__ - [BERT + Bi-LSTM] epoch 5 step 3650/6750 loss=0.0401
08/11/2026 22:24:01 - INFO - __main__ - [BERT + Bi-LSTM] epoch 5 step 3700/6750 loss=0.0529
08/11/2026 22:24:06 - INFO - __main__ - [BERT + Bi-LSTM] epoch 5 step 3750/6750 loss=0.0493
08/11/2026 22:24:11 - INFO - __main__ - [BERT + Bi-LSTM] epoch 5 step 3800/6750 loss=0.0376
08/11/2026 22:24:16 - INFO - __main__ - [BERT + Bi-LSTM] epoch 5 step 3850/6750 loss=0.0713
08/11/2026 22:24:21 - INFO - __main__ - [BERT + Bi-LSTM] epoch 5 step 3900/6750 loss=0.0395
08/11/2026 22:24:27 - INFO - __main__ - [BERT + Bi-LSTM] epoch 5 step 3950/6750 loss=0.0419
08/11/2026 22:24:32 - INFO - __main__ - [BERT + Bi-LSTM] epoch 5 step 4000/6750 loss=0.0631
08/11/2026 22:24:37 - INFO - __main__ - [BERT + Bi-LSTM] epoch 5 step 4050/6750 loss=0.0373
08/11/2026 22:24:42 - INFO - __main__ - [BERT + Bi-LSTM] epoch 5 step 4100/6750 loss=0.0470
08/11/2026 22:24:47 - INFO - __main__ - [BERT + Bi-LSTM] epoch 5 step 4150/6750 loss=0.0507
08/11/2026 22:24:52 - INFO - __main__ - [BERT + Bi-LSTM] epoch 5 step 4200/6750 loss=0.0450
08/11/2026 22:24:57 - INFO - __main__ - [BERT + Bi-LSTM] epoch 5 step 4250/6750 loss=0.0372
08/11/2026 22:25:02 - INFO - __main__ - [BERT + Bi-LSTM] epoch 5 step 4300/6750 loss=0.0434
08/11/2026 22:25:07 - INFO - __main__ - [BERT + Bi-LSTM] epoch 5 step 4350/6750 loss=0.0378
08/11/2026 22:25:13 - INFO - __main__ - [BERT + Bi-LSTM] epoch 5 step 4400/6750 loss=0.0376
08/11/2026 22:25:18 - INFO - __main__ - [BERT + Bi-LSTM] epoch 5 step 4450/6750 loss=0.0411
08/11/2026 22:25:23 - INFO - __main__ - [BERT + Bi-LSTM] epoch 5 step 4500/6750 loss=0.0666
08/11/2026 22:25:28 - INFO - __main__ - [BERT + Bi-LSTM] epoch 5 step 4550/6750 loss=0.0423
08/11/2026 22:25:33 - INFO - __main__ - [BERT + Bi-LSTM] epoch 5 step 4600/6750 loss=0.0300
08/11/2026 22:25:38 - INFO - __main__ - [BERT + Bi-LSTM] epoch 5 step 4650/6750 loss=0.0495
08/11/2026 22:25:43 - INFO - __main__ - [BERT + Bi-LSTM] epoch 5 step 4700/6750 loss=0.0546
08/11/2026 22:25:48 - INFO - __main__ - [BERT + Bi-LSTM] epoch 5 step 4750/6750 loss=0.0582
08/11/2026 22:25:53 - INFO - __main__ - [BERT + Bi-LSTM] epoch 5 step 4800/6750 loss=0.0421
08/11/2026 22:25:58 - INFO - __main__ - [BERT + Bi-LSTM] epoch 5 step 4850/6750 loss=0.0425
08/11/2026 22:26:04 - INFO - __main__ - [BERT + Bi-LSTM] epoch 5 step 4900/6750 loss=0.0526
08/11/2026 22:26:09 - INFO - __main__ - [BERT + Bi-LSTM] epoch 5 step 4950/6750 loss=0.0404
08/11/2026 22:26:14 - INFO - __main__ - [BERT + Bi-LSTM] epoch 5 step 5000/6750 loss=0.0408
08/11/2026 22:26:19 - INFO - __main__ - [BERT + Bi-LSTM] epoch 5 step 5050/6750 loss=0.0396
08/11/2026 22:26:24 - INFO - __main__ - [BERT + Bi-LSTM] epoch 5 step 5100/6750 loss=0.0478
08/11/2026 22:26:29 - INFO - __main__ - [BERT + Bi-LSTM] epoch 5 step 5150/6750 loss=0.0498
08/11/2026 22:26:34 - INFO - __main__ - [BERT + Bi-LSTM] epoch 5 step 5200/6750 loss=0.0474
08/11/2026 22:26:39 - INFO - __main__ - [BERT + Bi-LSTM] epoch 5 step 5250/6750 loss=0.0373
08/11/2026 22:26:44 - INFO - __main__ - [BERT + Bi-LSTM] epoch 5 step 5300/6750 loss=0.0476
08/11/2026 22:26:50 - INFO - __main__ - [BERT + Bi-LSTM] epoch 5 step 5350/6750 loss=0.0392
08/11/2026 22:26:55 - INFO - __main__ - [BERT + Bi-LSTM] epoch 5 step 5400/6750 loss=0.0291
08/11/2026 22:27:00 - INFO - __main__ - [BERT + Bi-LSTM] epoch 5 step 5450/6750 loss=0.0534
08/11/2026 22:27:05 - INFO - __main__ - [BERT + Bi-LSTM] epoch 5 step 5500/6750 loss=0.0778
08/11/2026 22:27:10 - INFO - __main__ - [BERT + Bi-LSTM] epoch 5 step 5550/6750 loss=0.0544
08/11/2026 22:27:15 - INFO - __main__ - [BERT + Bi-LSTM] epoch 5 step 5600/6750 loss=0.0357
08/11/2026 22:27:20 - INFO - __main__ - [BERT + Bi-LSTM] epoch 5 step 5650/6750 loss=0.0493
08/11/2026 22:27:25 - INFO - __main__ - [BERT + Bi-LSTM] epoch 5 step 5700/6750 loss=0.0448
08/11/2026 22:27:30 - INFO - __main__ - [BERT + Bi-LSTM] epoch 5 step 5750/6750 loss=0.0458
08/11/2026 22:27:35 - INFO - __main__ - [BERT + Bi-LSTM] epoch 5 step 5800/6750 loss=0.0336
08/11/2026 22:27:41 - INFO - __main__ - [BERT + Bi-LSTM] epoch 5 step 5850/6750 loss=0.0510
08/11/2026 22:27:46 - INFO - __main__ - [BERT + Bi-LSTM] epoch 5 step 5900/6750 loss=0.0380
08/11/2026 22:27:51 - INFO - __main__ - [BERT + Bi-LSTM] epoch 5 step 5950/6750 loss=0.0407
08/11/2026 22:27:56 - INFO - __main__ - [BERT + Bi-LSTM] epoch 5 step 6000/6750 loss=0.0424
08/11/2026 22:28:01 - INFO - __main__ - [BERT + Bi-LSTM] epoch 5 step 6050/6750 loss=0.0555
08/11/2026 22:28:06 - INFO - __main__ - [BERT + Bi-LSTM] epoch 5 step 6100/6750 loss=0.0403
08/11/2026 22:28:11 - INFO - __main__ - [BERT + Bi-LSTM] epoch 5 step 6150/6750 loss=0.0581
08/11/2026 22:28:16 - INFO - __main__ - [BERT + Bi-LSTM] epoch 5 step 6200/6750 loss=0.0424
08/11/2026 22:28:21 - INFO - __main__ - [BERT + Bi-LSTM] epoch 5 step 6250/6750 loss=0.0579
08/11/2026 22:28:26 - INFO - __main__ - [BERT + Bi-LSTM] epoch 5 step 6300/6750 loss=0.0499
08/11/2026 22:28:32 - INFO - __main__ - [BERT + Bi-LSTM] epoch 5 step 6350/6750 loss=0.0380
08/11/2026 22:28:37 - INFO - __main__ - [BERT + Bi-LSTM] epoch 5 step 6400/6750 loss=0.0443
08/11/2026 22:28:42 - INFO - __main__ - [BERT + Bi-LSTM] epoch 5 step 6450/6750 loss=0.0459
08/11/2026 22:28:47 - INFO - __main__ - [BERT + Bi-LSTM] epoch 5 step 6500/6750 loss=0.0385
08/11/2026 22:28:52 - INFO - __main__ - [BERT + Bi-LSTM] epoch 5 step 6550/6750 loss=0.0443
08/11/2026 22:28:57 - INFO - __main__ - [BERT + Bi-LSTM] epoch 5 step 6600/6750 loss=0.0517
08/11/2026 22:29:02 - INFO - __main__ - [BERT + Bi-LSTM] epoch 5 step 6650/6750 loss=0.0350
08/11/2026 22:29:07 - INFO - __main__ - [BERT + Bi-LSTM] epoch 5 step 6700/6750 loss=0.0470
08/11/2026 22:29:12 - INFO - __main__ - [BERT + Bi-LSTM] epoch 5 step 6750/6750 loss=0.0411
08/11/2026 22:29:12 - INFO - __main__ - [BERT + Bi-LSTM] Epoch 5 xong sau 690.8s, avg_loss=0.0459
08/11/2026 22:33:02 - INFO - __main__ - [BERT + Bi-LSTM] Epoch 5 - Valid macro F1 = 0.5694
              precision    recall  f1-score   support

      PERIOD     0.8619    0.8822    0.8719    140153
       COMMA     0.7674    0.7359    0.7513    162051
       COLON     0.6476    0.5674    0.6049     10825
       QMARK     0.7408    0.7070    0.7235      4884
      EXCLAM     0.4975    0.1538    0.2350      2555
   SEMICOLON     0.4185    0.1584    0.2299      1944

   micro avg     0.8050    0.7853    0.7950    322412
   macro avg     0.6556    0.5341    0.5694    322412
weighted avg     0.7998    0.7853    0.7911    322412

08/11/2026 22:33:04 - INFO - __main__ - -> [BERT + Bi-LSTM] best checkpoint mới, macro F1 = 0.5694
/root/phopunct/baseline_plain.py:261: FutureWarning: `torch.cuda.amp.autocast(args...)` is deprecated. Please use `torch.amp.autocast('cuda', args...)` instead.
  with torch.cuda.amp.autocast(enabled=use_amp):
08/11/2026 22:33:09 - INFO - __main__ - [BERT + Bi-LSTM] epoch 6 step 50/6750 loss=0.0384
08/11/2026 22:33:15 - INFO - __main__ - [BERT + Bi-LSTM] epoch 6 step 100/6750 loss=0.0394
08/11/2026 22:33:20 - INFO - __main__ - [BERT + Bi-LSTM] epoch 6 step 150/6750 loss=0.0499
08/11/2026 22:33:25 - INFO - __main__ - [BERT + Bi-LSTM] epoch 6 step 200/6750 loss=0.0278
08/11/2026 22:33:30 - INFO - __main__ - [BERT + Bi-LSTM] epoch 6 step 250/6750 loss=0.0387
08/11/2026 22:33:35 - INFO - __main__ - [BERT + Bi-LSTM] epoch 6 step 300/6750 loss=0.0364
08/11/2026 22:33:40 - INFO - __main__ - [BERT + Bi-LSTM] epoch 6 step 350/6750 loss=0.0349
08/11/2026 22:33:45 - INFO - __main__ - [BERT + Bi-LSTM] epoch 6 step 400/6750 loss=0.0575
08/11/2026 22:33:50 - INFO - __main__ - [BERT + Bi-LSTM] epoch 6 step 450/6750 loss=0.0282
08/11/2026 22:33:55 - INFO - __main__ - [BERT + Bi-LSTM] epoch 6 step 500/6750 loss=0.0311
08/11/2026 22:34:00 - INFO - __main__ - [BERT + Bi-LSTM] epoch 6 step 550/6750 loss=0.0314
08/11/2026 22:34:05 - INFO - __main__ - [BERT + Bi-LSTM] epoch 6 step 600/6750 loss=0.0544
08/11/2026 22:34:10 - INFO - __main__ - [BERT + Bi-LSTM] epoch 6 step 650/6750 loss=0.0272
08/11/2026 22:34:16 - INFO - __main__ - [BERT + Bi-LSTM] epoch 6 step 700/6750 loss=0.0321
08/11/2026 22:34:21 - INFO - __main__ - [BERT + Bi-LSTM] epoch 6 step 750/6750 loss=0.0416
08/11/2026 22:34:26 - INFO - __main__ - [BERT + Bi-LSTM] epoch 6 step 800/6750 loss=0.0321
08/11/2026 22:34:31 - INFO - __main__ - [BERT + Bi-LSTM] epoch 6 step 850/6750 loss=0.0390
08/11/2026 22:34:36 - INFO - __main__ - [BERT + Bi-LSTM] epoch 6 step 900/6750 loss=0.0462
08/11/2026 22:34:41 - INFO - __main__ - [BERT + Bi-LSTM] epoch 6 step 950/6750 loss=0.0453
08/11/2026 22:34:46 - INFO - __main__ - [BERT + Bi-LSTM] epoch 6 step 1000/6750 loss=0.0378
08/11/2026 22:34:51 - INFO - __main__ - [BERT + Bi-LSTM] epoch 6 step 1050/6750 loss=0.0389
08/11/2026 22:34:56 - INFO - __main__ - [BERT + Bi-LSTM] epoch 6 step 1100/6750 loss=0.0437
08/11/2026 22:35:01 - INFO - __main__ - [BERT + Bi-LSTM] epoch 6 step 1150/6750 loss=0.0447
08/11/2026 22:35:06 - INFO - __main__ - [BERT + Bi-LSTM] epoch 6 step 1200/6750 loss=0.0343
08/11/2026 22:35:11 - INFO - __main__ - [BERT + Bi-LSTM] epoch 6 step 1250/6750 loss=0.0295
08/11/2026 22:35:17 - INFO - __main__ - [BERT + Bi-LSTM] epoch 6 step 1300/6750 loss=0.0440
08/11/2026 22:35:22 - INFO - __main__ - [BERT + Bi-LSTM] epoch 6 step 1350/6750 loss=0.0504
08/11/2026 22:35:27 - INFO - __main__ - [BERT + Bi-LSTM] epoch 6 step 1400/6750 loss=0.0412
08/11/2026 22:35:32 - INFO - __main__ - [BERT + Bi-LSTM] epoch 6 step 1450/6750 loss=0.0475
08/11/2026 22:35:37 - INFO - __main__ - [BERT + Bi-LSTM] epoch 6 step 1500/6750 loss=0.0544
08/11/2026 22:35:42 - INFO - __main__ - [BERT + Bi-LSTM] epoch 6 step 1550/6750 loss=0.0294
08/11/2026 22:35:47 - INFO - __main__ - [BERT + Bi-LSTM] epoch 6 step 1600/6750 loss=0.0307
08/11/2026 22:35:52 - INFO - __main__ - [BERT + Bi-LSTM] epoch 6 step 1650/6750 loss=0.0369
08/11/2026 22:35:57 - INFO - __main__ - [BERT + Bi-LSTM] epoch 6 step 1700/6750 loss=0.0327
08/11/2026 22:36:02 - INFO - __main__ - [BERT + Bi-LSTM] epoch 6 step 1750/6750 loss=0.0595
08/11/2026 22:36:08 - INFO - __main__ - [BERT + Bi-LSTM] epoch 6 step 1800/6750 loss=0.0275
08/11/2026 22:36:13 - INFO - __main__ - [BERT + Bi-LSTM] epoch 6 step 1850/6750 loss=0.0580
08/11/2026 22:36:18 - INFO - __main__ - [BERT + Bi-LSTM] epoch 6 step 1900/6750 loss=0.0415
08/11/2026 22:36:23 - INFO - __main__ - [BERT + Bi-LSTM] epoch 6 step 1950/6750 loss=0.0392
08/11/2026 22:36:28 - INFO - __main__ - [BERT + Bi-LSTM] epoch 6 step 2000/6750 loss=0.0538
08/11/2026 22:36:33 - INFO - __main__ - [BERT + Bi-LSTM] epoch 6 step 2050/6750 loss=0.0436
08/11/2026 22:36:38 - INFO - __main__ - [BERT + Bi-LSTM] epoch 6 step 2100/6750 loss=0.0381
08/11/2026 22:36:43 - INFO - __main__ - [BERT + Bi-LSTM] epoch 6 step 2150/6750 loss=0.0453
08/11/2026 22:36:48 - INFO - __main__ - [BERT + Bi-LSTM] epoch 6 step 2200/6750 loss=0.0287
08/11/2026 22:36:53 - INFO - __main__ - [BERT + Bi-LSTM] epoch 6 step 2250/6750 loss=0.0402
08/11/2026 22:36:59 - INFO - __main__ - [BERT + Bi-LSTM] epoch 6 step 2300/6750 loss=0.0483
08/11/2026 22:37:04 - INFO - __main__ - [BERT + Bi-LSTM] epoch 6 step 2350/6750 loss=0.0462
08/11/2026 22:37:09 - INFO - __main__ - [BERT + Bi-LSTM] epoch 6 step 2400/6750 loss=0.0336
08/11/2026 22:37:14 - INFO - __main__ - [BERT + Bi-LSTM] epoch 6 step 2450/6750 loss=0.0268
08/11/2026 22:37:19 - INFO - __main__ - [BERT + Bi-LSTM] epoch 6 step 2500/6750 loss=0.0381
08/11/2026 22:37:24 - INFO - __main__ - [BERT + Bi-LSTM] epoch 6 step 2550/6750 loss=0.0491
08/11/2026 22:37:29 - INFO - __main__ - [BERT + Bi-LSTM] epoch 6 step 2600/6750 loss=0.0375
08/11/2026 22:37:34 - INFO - __main__ - [BERT + Bi-LSTM] epoch 6 step 2650/6750 loss=0.0281
08/11/2026 22:37:39 - INFO - __main__ - [BERT + Bi-LSTM] epoch 6 step 2700/6750 loss=0.0453
08/11/2026 22:37:45 - INFO - __main__ - [BERT + Bi-LSTM] epoch 6 step 2750/6750 loss=0.0368
08/11/2026 22:37:50 - INFO - __main__ - [BERT + Bi-LSTM] epoch 6 step 2800/6750 loss=0.0342
08/11/2026 22:37:55 - INFO - __main__ - [BERT + Bi-LSTM] epoch 6 step 2850/6750 loss=0.0370
08/11/2026 22:38:00 - INFO - __main__ - [BERT + Bi-LSTM] epoch 6 step 2900/6750 loss=0.0317
08/11/2026 22:38:06 - INFO - __main__ - [BERT + Bi-LSTM] epoch 6 step 2950/6750 loss=0.0352
08/11/2026 22:38:11 - INFO - __main__ - [BERT + Bi-LSTM] epoch 6 step 3000/6750 loss=0.0440
08/11/2026 22:38:16 - INFO - __main__ - [BERT + Bi-LSTM] epoch 6 step 3050/6750 loss=0.0326
08/11/2026 22:38:21 - INFO - __main__ - [BERT + Bi-LSTM] epoch 6 step 3100/6750 loss=0.0374
08/11/2026 22:38:27 - INFO - __main__ - [BERT + Bi-LSTM] epoch 6 step 3150/6750 loss=0.0303
08/11/2026 22:38:32 - INFO - __main__ - [BERT + Bi-LSTM] epoch 6 step 3200/6750 loss=0.0513
08/11/2026 22:38:37 - INFO - __main__ - [BERT + Bi-LSTM] epoch 6 step 3250/6750 loss=0.0338
08/11/2026 22:38:42 - INFO - __main__ - [BERT + Bi-LSTM] epoch 6 step 3300/6750 loss=0.0554
08/11/2026 22:38:48 - INFO - __main__ - [BERT + Bi-LSTM] epoch 6 step 3350/6750 loss=0.0292
08/11/2026 22:38:53 - INFO - __main__ - [BERT + Bi-LSTM] epoch 6 step 3400/6750 loss=0.0415
08/11/2026 22:38:58 - INFO - __main__ - [BERT + Bi-LSTM] epoch 6 step 3450/6750 loss=0.0398
08/11/2026 22:39:03 - INFO - __main__ - [BERT + Bi-LSTM] epoch 6 step 3500/6750 loss=0.0351
08/11/2026 22:39:09 - INFO - __main__ - [BERT + Bi-LSTM] epoch 6 step 3550/6750 loss=0.0378
08/11/2026 22:39:14 - INFO - __main__ - [BERT + Bi-LSTM] epoch 6 step 3600/6750 loss=0.0353
08/11/2026 22:39:19 - INFO - __main__ - [BERT + Bi-LSTM] epoch 6 step 3650/6750 loss=0.0301
08/11/2026 22:39:24 - INFO - __main__ - [BERT + Bi-LSTM] epoch 6 step 3700/6750 loss=0.0527
08/11/2026 22:39:30 - INFO - __main__ - [BERT + Bi-LSTM] epoch 6 step 3750/6750 loss=0.0469
08/11/2026 22:39:35 - INFO - __main__ - [BERT + Bi-LSTM] epoch 6 step 3800/6750 loss=0.0433
08/11/2026 22:39:40 - INFO - __main__ - [BERT + Bi-LSTM] epoch 6 step 3850/6750 loss=0.0516
08/11/2026 22:39:45 - INFO - __main__ - [BERT + Bi-LSTM] epoch 6 step 3900/6750 loss=0.0364
08/11/2026 22:39:51 - INFO - __main__ - [BERT + Bi-LSTM] epoch 6 step 3950/6750 loss=0.0574
08/11/2026 22:39:56 - INFO - __main__ - [BERT + Bi-LSTM] epoch 6 step 4000/6750 loss=0.0287
08/11/2026 22:40:01 - INFO - __main__ - [BERT + Bi-LSTM] epoch 6 step 4050/6750 loss=0.0463
08/11/2026 22:40:06 - INFO - __main__ - [BERT + Bi-LSTM] epoch 6 step 4100/6750 loss=0.0374
08/11/2026 22:40:12 - INFO - __main__ - [BERT + Bi-LSTM] epoch 6 step 4150/6750 loss=0.0640
08/11/2026 22:40:17 - INFO - __main__ - [BERT + Bi-LSTM] epoch 6 step 4200/6750 loss=0.0476
08/11/2026 22:40:22 - INFO - __main__ - [BERT + Bi-LSTM] epoch 6 step 4250/6750 loss=0.0320
08/11/2026 22:40:27 - INFO - __main__ - [BERT + Bi-LSTM] epoch 6 step 4300/6750 loss=0.0392
08/11/2026 22:40:33 - INFO - __main__ - [BERT + Bi-LSTM] epoch 6 step 4350/6750 loss=0.0365
08/11/2026 22:40:38 - INFO - __main__ - [BERT + Bi-LSTM] epoch 6 step 4400/6750 loss=0.0490
08/11/2026 22:40:43 - INFO - __main__ - [BERT + Bi-LSTM] epoch 6 step 4450/6750 loss=0.0475
08/11/2026 22:40:48 - INFO - __main__ - [BERT + Bi-LSTM] epoch 6 step 4500/6750 loss=0.0304
08/11/2026 22:40:54 - INFO - __main__ - [BERT + Bi-LSTM] epoch 6 step 4550/6750 loss=0.0347
08/11/2026 22:40:59 - INFO - __main__ - [BERT + Bi-LSTM] epoch 6 step 4600/6750 loss=0.0286
08/11/2026 22:41:04 - INFO - __main__ - [BERT + Bi-LSTM] epoch 6 step 4650/6750 loss=0.0387
08/11/2026 22:41:09 - INFO - __main__ - [BERT + Bi-LSTM] epoch 6 step 4700/6750 loss=0.0443
08/11/2026 22:41:15 - INFO - __main__ - [BERT + Bi-LSTM] epoch 6 step 4750/6750 loss=0.0521
08/11/2026 22:41:20 - INFO - __main__ - [BERT + Bi-LSTM] epoch 6 step 4800/6750 loss=0.0406
08/11/2026 22:41:25 - INFO - __main__ - [BERT + Bi-LSTM] epoch 6 step 4850/6750 loss=0.0477
08/11/2026 22:41:30 - INFO - __main__ - [BERT + Bi-LSTM] epoch 6 step 4900/6750 loss=0.0312
08/11/2026 22:41:36 - INFO - __main__ - [BERT + Bi-LSTM] epoch 6 step 4950/6750 loss=0.0432
08/11/2026 22:41:41 - INFO - __main__ - [BERT + Bi-LSTM] epoch 6 step 5000/6750 loss=0.0515
08/11/2026 22:41:46 - INFO - __main__ - [BERT + Bi-LSTM] epoch 6 step 5050/6750 loss=0.0294
08/11/2026 22:41:51 - INFO - __main__ - [BERT + Bi-LSTM] epoch 6 step 5100/6750 loss=0.0363
08/11/2026 22:41:57 - INFO - __main__ - [BERT + Bi-LSTM] epoch 6 step 5150/6750 loss=0.0325
08/11/2026 22:42:02 - INFO - __main__ - [BERT + Bi-LSTM] epoch 6 step 5200/6750 loss=0.0420
08/11/2026 22:42:07 - INFO - __main__ - [BERT + Bi-LSTM] epoch 6 step 5250/6750 loss=0.0487
08/11/2026 22:42:12 - INFO - __main__ - [BERT + Bi-LSTM] epoch 6 step 5300/6750 loss=0.0496
08/11/2026 22:42:18 - INFO - __main__ - [BERT + Bi-LSTM] epoch 6 step 5350/6750 loss=0.0568
08/11/2026 22:42:23 - INFO - __main__ - [BERT + Bi-LSTM] epoch 6 step 5400/6750 loss=0.0426
08/11/2026 22:42:28 - INFO - __main__ - [BERT + Bi-LSTM] epoch 6 step 5450/6750 loss=0.0421
08/11/2026 22:42:33 - INFO - __main__ - [BERT + Bi-LSTM] epoch 6 step 5500/6750 loss=0.0524
08/11/2026 22:42:39 - INFO - __main__ - [BERT + Bi-LSTM] epoch 6 step 5550/6750 loss=0.0405
08/11/2026 22:42:44 - INFO - __main__ - [BERT + Bi-LSTM] epoch 6 step 5600/6750 loss=0.0406
08/11/2026 22:42:49 - INFO - __main__ - [BERT + Bi-LSTM] epoch 6 step 5650/6750 loss=0.0298
08/11/2026 22:42:54 - INFO - __main__ - [BERT + Bi-LSTM] epoch 6 step 5700/6750 loss=0.0383
08/11/2026 22:43:00 - INFO - __main__ - [BERT + Bi-LSTM] epoch 6 step 5750/6750 loss=0.0251
08/11/2026 22:43:05 - INFO - __main__ - [BERT + Bi-LSTM] epoch 6 step 5800/6750 loss=0.0415
08/11/2026 22:43:10 - INFO - __main__ - [BERT + Bi-LSTM] epoch 6 step 5850/6750 loss=0.0403
08/11/2026 22:43:15 - INFO - __main__ - [BERT + Bi-LSTM] epoch 6 step 5900/6750 loss=0.0454
08/11/2026 22:43:21 - INFO - __main__ - [BERT + Bi-LSTM] epoch 6 step 5950/6750 loss=0.0392
08/11/2026 22:43:26 - INFO - __main__ - [BERT + Bi-LSTM] epoch 6 step 6000/6750 loss=0.0489
08/11/2026 22:43:31 - INFO - __main__ - [BERT + Bi-LSTM] epoch 6 step 6050/6750 loss=0.0368
08/11/2026 22:43:36 - INFO - __main__ - [BERT + Bi-LSTM] epoch 6 step 6100/6750 loss=0.0517
08/11/2026 22:43:41 - INFO - __main__ - [BERT + Bi-LSTM] epoch 6 step 6150/6750 loss=0.0792
08/11/2026 22:43:47 - INFO - __main__ - [BERT + Bi-LSTM] epoch 6 step 6200/6750 loss=0.0418
08/11/2026 22:43:52 - INFO - __main__ - [BERT + Bi-LSTM] epoch 6 step 6250/6750 loss=0.0375
08/11/2026 22:43:57 - INFO - __main__ - [BERT + Bi-LSTM] epoch 6 step 6300/6750 loss=0.0374
08/11/2026 22:44:02 - INFO - __main__ - [BERT + Bi-LSTM] epoch 6 step 6350/6750 loss=0.0394
08/11/2026 22:44:08 - INFO - __main__ - [BERT + Bi-LSTM] epoch 6 step 6400/6750 loss=0.0520
08/11/2026 22:44:13 - INFO - __main__ - [BERT + Bi-LSTM] epoch 6 step 6450/6750 loss=0.0284
08/11/2026 22:44:18 - INFO - __main__ - [BERT + Bi-LSTM] epoch 6 step 6500/6750 loss=0.0335
08/11/2026 22:44:23 - INFO - __main__ - [BERT + Bi-LSTM] epoch 6 step 6550/6750 loss=0.0323
08/11/2026 22:44:29 - INFO - __main__ - [BERT + Bi-LSTM] epoch 6 step 6600/6750 loss=0.0289
08/11/2026 22:44:34 - INFO - __main__ - [BERT + Bi-LSTM] epoch 6 step 6650/6750 loss=0.0469
08/11/2026 22:44:39 - INFO - __main__ - [BERT + Bi-LSTM] epoch 6 step 6700/6750 loss=0.0503
08/11/2026 22:44:44 - INFO - __main__ - [BERT + Bi-LSTM] epoch 6 step 6750/6750 loss=0.0434
08/11/2026 22:44:44 - INFO - __main__ - [BERT + Bi-LSTM] Epoch 6 xong sau 700.1s, avg_loss=0.0407
08/11/2026 22:48:43 - INFO - __main__ - [BERT + Bi-LSTM] Epoch 6 - Valid macro F1 = 0.5736
              precision    recall  f1-score   support

      PERIOD     0.8592    0.8850    0.8719    140153
       COMMA     0.7707    0.7320    0.7509    162051
       COLON     0.6623    0.5597    0.6067     10825
       QMARK     0.7475    0.7019    0.7240      4884
      EXCLAM     0.4920    0.1558    0.2366      2555
   SEMICOLON     0.3720    0.1898    0.2514      1944

   micro avg     0.8059    0.7845    0.7951    322412
   macro avg     0.6506    0.5374    0.5736    322412
weighted avg     0.8006    0.7845    0.7912    322412

08/11/2026 22:48:46 - INFO - __main__ - -> [BERT + Bi-LSTM] best checkpoint mới, macro F1 = 0.5736
/root/phopunct/baseline_plain.py:261: FutureWarning: `torch.cuda.amp.autocast(args...)` is deprecated. Please use `torch.amp.autocast('cuda', args...)` instead.
  with torch.cuda.amp.autocast(enabled=use_amp):
08/11/2026 22:48:52 - INFO - __main__ - [BERT + Bi-LSTM] epoch 7 step 50/6750 loss=0.0328
08/11/2026 22:48:57 - INFO - __main__ - [BERT + Bi-LSTM] epoch 7 step 100/6750 loss=0.0428
08/11/2026 22:49:02 - INFO - __main__ - [BERT + Bi-LSTM] epoch 7 step 150/6750 loss=0.0427
08/11/2026 22:49:07 - INFO - __main__ - [BERT + Bi-LSTM] epoch 7 step 200/6750 loss=0.0309
08/11/2026 22:49:12 - INFO - __main__ - [BERT + Bi-LSTM] epoch 7 step 250/6750 loss=0.0226
08/11/2026 22:49:18 - INFO - __main__ - [BERT + Bi-LSTM] epoch 7 step 300/6750 loss=0.0420
08/11/2026 22:49:23 - INFO - __main__ - [BERT + Bi-LSTM] epoch 7 step 350/6750 loss=0.0392
08/11/2026 22:49:28 - INFO - __main__ - [BERT + Bi-LSTM] epoch 7 step 400/6750 loss=0.0341
08/11/2026 22:49:33 - INFO - __main__ - [BERT + Bi-LSTM] epoch 7 step 450/6750 loss=0.0336
08/11/2026 22:49:39 - INFO - __main__ - [BERT + Bi-LSTM] epoch 7 step 500/6750 loss=0.0296
08/11/2026 22:49:44 - INFO - __main__ - [BERT + Bi-LSTM] epoch 7 step 550/6750 loss=0.0441
08/11/2026 22:49:49 - INFO - __main__ - [BERT + Bi-LSTM] epoch 7 step 600/6750 loss=0.0468
08/11/2026 22:49:54 - INFO - __main__ - [BERT + Bi-LSTM] epoch 7 step 650/6750 loss=0.0401
08/11/2026 22:50:00 - INFO - __main__ - [BERT + Bi-LSTM] epoch 7 step 700/6750 loss=0.0430
08/11/2026 22:50:05 - INFO - __main__ - [BERT + Bi-LSTM] epoch 7 step 750/6750 loss=0.0354
08/11/2026 22:50:10 - INFO - __main__ - [BERT + Bi-LSTM] epoch 7 step 800/6750 loss=0.0318
08/11/2026 22:50:15 - INFO - __main__ - [BERT + Bi-LSTM] epoch 7 step 850/6750 loss=0.0452
08/11/2026 22:50:20 - INFO - __main__ - [BERT + Bi-LSTM] epoch 7 step 900/6750 loss=0.0388
08/11/2026 22:50:26 - INFO - __main__ - [BERT + Bi-LSTM] epoch 7 step 950/6750 loss=0.0216
08/11/2026 22:50:31 - INFO - __main__ - [BERT + Bi-LSTM] epoch 7 step 1000/6750 loss=0.0279
08/11/2026 22:50:36 - INFO - __main__ - [BERT + Bi-LSTM] epoch 7 step 1050/6750 loss=0.0349
08/11/2026 22:50:41 - INFO - __main__ - [BERT + Bi-LSTM] epoch 7 step 1100/6750 loss=0.0383
08/11/2026 22:50:47 - INFO - __main__ - [BERT + Bi-LSTM] epoch 7 step 1150/6750 loss=0.0284
08/11/2026 22:50:52 - INFO - __main__ - [BERT + Bi-LSTM] epoch 7 step 1200/6750 loss=0.0507
08/11/2026 22:50:57 - INFO - __main__ - [BERT + Bi-LSTM] epoch 7 step 1250/6750 loss=0.0345
08/11/2026 22:51:03 - INFO - __main__ - [BERT + Bi-LSTM] epoch 7 step 1300/6750 loss=0.0215
08/11/2026 22:51:08 - INFO - __main__ - [BERT + Bi-LSTM] epoch 7 step 1350/6750 loss=0.0430
08/11/2026 22:51:13 - INFO - __main__ - [BERT + Bi-LSTM] epoch 7 step 1400/6750 loss=0.0445
08/11/2026 22:51:18 - INFO - __main__ - [BERT + Bi-LSTM] epoch 7 step 1450/6750 loss=0.0436
08/11/2026 22:51:23 - INFO - __main__ - [BERT + Bi-LSTM] epoch 7 step 1500/6750 loss=0.0230
08/11/2026 22:51:29 - INFO - __main__ - [BERT + Bi-LSTM] epoch 7 step 1550/6750 loss=0.0328
08/11/2026 22:51:34 - INFO - __main__ - [BERT + Bi-LSTM] epoch 7 step 1600/6750 loss=0.0262
08/11/2026 22:51:39 - INFO - __main__ - [BERT + Bi-LSTM] epoch 7 step 1650/6750 loss=0.0384
08/11/2026 22:51:44 - INFO - __main__ - [BERT + Bi-LSTM] epoch 7 step 1700/6750 loss=0.0364
08/11/2026 22:51:50 - INFO - __main__ - [BERT + Bi-LSTM] epoch 7 step 1750/6750 loss=0.0361
08/11/2026 22:51:55 - INFO - __main__ - [BERT + Bi-LSTM] epoch 7 step 1800/6750 loss=0.0360
08/11/2026 22:52:00 - INFO - __main__ - [BERT + Bi-LSTM] epoch 7 step 1850/6750 loss=0.0384
08/11/2026 22:52:06 - INFO - __main__ - [BERT + Bi-LSTM] epoch 7 step 1900/6750 loss=0.0468
08/11/2026 22:52:11 - INFO - __main__ - [BERT + Bi-LSTM] epoch 7 step 1950/6750 loss=0.0580
08/11/2026 22:52:16 - INFO - __main__ - [BERT + Bi-LSTM] epoch 7 step 2000/6750 loss=0.0368
08/11/2026 22:52:21 - INFO - __main__ - [BERT + Bi-LSTM] epoch 7 step 2050/6750 loss=0.0393
08/11/2026 22:52:26 - INFO - __main__ - [BERT + Bi-LSTM] epoch 7 step 2100/6750 loss=0.0401
08/11/2026 22:52:31 - INFO - __main__ - [BERT + Bi-LSTM] epoch 7 step 2150/6750 loss=0.0263
08/11/2026 22:52:37 - INFO - __main__ - [BERT + Bi-LSTM] epoch 7 step 2200/6750 loss=0.0263
08/11/2026 22:52:42 - INFO - __main__ - [BERT + Bi-LSTM] epoch 7 step 2250/6750 loss=0.0335
08/11/2026 22:52:47 - INFO - __main__ - [BERT + Bi-LSTM] epoch 7 step 2300/6750 loss=0.0345
08/11/2026 22:52:52 - INFO - __main__ - [BERT + Bi-LSTM] epoch 7 step 2350/6750 loss=0.0308
08/11/2026 22:52:57 - INFO - __main__ - [BERT + Bi-LSTM] epoch 7 step 2400/6750 loss=0.0335
08/11/2026 22:53:02 - INFO - __main__ - [BERT + Bi-LSTM] epoch 7 step 2450/6750 loss=0.0298
08/11/2026 22:53:07 - INFO - __main__ - [BERT + Bi-LSTM] epoch 7 step 2500/6750 loss=0.0256
08/11/2026 22:53:12 - INFO - __main__ - [BERT + Bi-LSTM] epoch 7 step 2550/6750 loss=0.0421
08/11/2026 22:53:17 - INFO - __main__ - [BERT + Bi-LSTM] epoch 7 step 2600/6750 loss=0.0312
08/11/2026 22:53:22 - INFO - __main__ - [BERT + Bi-LSTM] epoch 7 step 2650/6750 loss=0.0320
08/11/2026 22:53:28 - INFO - __main__ - [BERT + Bi-LSTM] epoch 7 step 2700/6750 loss=0.0341
08/11/2026 22:53:33 - INFO - __main__ - [BERT + Bi-LSTM] epoch 7 step 2750/6750 loss=0.0570
08/11/2026 22:53:38 - INFO - __main__ - [BERT + Bi-LSTM] epoch 7 step 2800/6750 loss=0.0457
08/11/2026 22:53:43 - INFO - __main__ - [BERT + Bi-LSTM] epoch 7 step 2850/6750 loss=0.0328
08/11/2026 22:53:48 - INFO - __main__ - [BERT + Bi-LSTM] epoch 7 step 2900/6750 loss=0.0298
08/11/2026 22:53:53 - INFO - __main__ - [BERT + Bi-LSTM] epoch 7 step 2950/6750 loss=0.0426
08/11/2026 22:53:58 - INFO - __main__ - [BERT + Bi-LSTM] epoch 7 step 3000/6750 loss=0.0373
08/11/2026 22:54:03 - INFO - __main__ - [BERT + Bi-LSTM] epoch 7 step 3050/6750 loss=0.0516
08/11/2026 22:54:08 - INFO - __main__ - [BERT + Bi-LSTM] epoch 7 step 3100/6750 loss=0.0362
08/11/2026 22:54:13 - INFO - __main__ - [BERT + Bi-LSTM] epoch 7 step 3150/6750 loss=0.0339
08/11/2026 22:54:18 - INFO - __main__ - [BERT + Bi-LSTM] epoch 7 step 3200/6750 loss=0.0402
08/11/2026 22:54:24 - INFO - __main__ - [BERT + Bi-LSTM] epoch 7 step 3250/6750 loss=0.0482
08/11/2026 22:54:29 - INFO - __main__ - [BERT + Bi-LSTM] epoch 7 step 3300/6750 loss=0.0270
08/11/2026 22:54:34 - INFO - __main__ - [BERT + Bi-LSTM] epoch 7 step 3350/6750 loss=0.0215
08/11/2026 22:54:39 - INFO - __main__ - [BERT + Bi-LSTM] epoch 7 step 3400/6750 loss=0.0424
08/11/2026 22:54:44 - INFO - __main__ - [BERT + Bi-LSTM] epoch 7 step 3450/6750 loss=0.0288
08/11/2026 22:54:49 - INFO - __main__ - [BERT + Bi-LSTM] epoch 7 step 3500/6750 loss=0.0273
08/11/2026 22:54:54 - INFO - __main__ - [BERT + Bi-LSTM] epoch 7 step 3550/6750 loss=0.0393
08/11/2026 22:54:59 - INFO - __main__ - [BERT + Bi-LSTM] epoch 7 step 3600/6750 loss=0.0431
08/11/2026 22:55:04 - INFO - __main__ - [BERT + Bi-LSTM] epoch 7 step 3650/6750 loss=0.0333
08/11/2026 22:55:09 - INFO - __main__ - [BERT + Bi-LSTM] epoch 7 step 3700/6750 loss=0.0285
08/11/2026 22:55:14 - INFO - __main__ - [BERT + Bi-LSTM] epoch 7 step 3750/6750 loss=0.0333
08/11/2026 22:55:20 - INFO - __main__ - [BERT + Bi-LSTM] epoch 7 step 3800/6750 loss=0.0361
08/11/2026 22:55:25 - INFO - __main__ - [BERT + Bi-LSTM] epoch 7 step 3850/6750 loss=0.0310
08/11/2026 22:55:30 - INFO - __main__ - [BERT + Bi-LSTM] epoch 7 step 3900/6750 loss=0.0261
08/11/2026 22:55:35 - INFO - __main__ - [BERT + Bi-LSTM] epoch 7 step 3950/6750 loss=0.0466
08/11/2026 22:55:40 - INFO - __main__ - [BERT + Bi-LSTM] epoch 7 step 4000/6750 loss=0.0407
08/11/2026 22:55:45 - INFO - __main__ - [BERT + Bi-LSTM] epoch 7 step 4050/6750 loss=0.0306
08/11/2026 22:55:50 - INFO - __main__ - [BERT + Bi-LSTM] epoch 7 step 4100/6750 loss=0.0533
08/11/2026 22:55:55 - INFO - __main__ - [BERT + Bi-LSTM] epoch 7 step 4150/6750 loss=0.0381
08/11/2026 22:56:00 - INFO - __main__ - [BERT + Bi-LSTM] epoch 7 step 4200/6750 loss=0.0389
08/11/2026 22:56:05 - INFO - __main__ - [BERT + Bi-LSTM] epoch 7 step 4250/6750 loss=0.0478
08/11/2026 22:56:11 - INFO - __main__ - [BERT + Bi-LSTM] epoch 7 step 4300/6750 loss=0.0332
08/11/2026 22:56:16 - INFO - __main__ - [BERT + Bi-LSTM] epoch 7 step 4350/6750 loss=0.0313
08/11/2026 22:56:21 - INFO - __main__ - [BERT + Bi-LSTM] epoch 7 step 4400/6750 loss=0.0361
08/11/2026 22:56:26 - INFO - __main__ - [BERT + Bi-LSTM] epoch 7 step 4450/6750 loss=0.0437
08/11/2026 22:56:31 - INFO - __main__ - [BERT + Bi-LSTM] epoch 7 step 4500/6750 loss=0.0269
08/11/2026 22:56:36 - INFO - __main__ - [BERT + Bi-LSTM] epoch 7 step 4550/6750 loss=0.0328
08/11/2026 22:56:41 - INFO - __main__ - [BERT + Bi-LSTM] epoch 7 step 4600/6750 loss=0.0350
08/11/2026 22:56:46 - INFO - __main__ - [BERT + Bi-LSTM] epoch 7 step 4650/6750 loss=0.0335
08/11/2026 22:56:51 - INFO - __main__ - [BERT + Bi-LSTM] epoch 7 step 4700/6750 loss=0.0347
08/11/2026 22:56:56 - INFO - __main__ - [BERT + Bi-LSTM] epoch 7 step 4750/6750 loss=0.0443
08/11/2026 22:57:02 - INFO - __main__ - [BERT + Bi-LSTM] epoch 7 step 4800/6750 loss=0.0444
08/11/2026 22:57:07 - INFO - __main__ - [BERT + Bi-LSTM] epoch 7 step 4850/6750 loss=0.0236
08/11/2026 22:57:12 - INFO - __main__ - [BERT + Bi-LSTM] epoch 7 step 4900/6750 loss=0.0434
08/11/2026 22:57:17 - INFO - __main__ - [BERT + Bi-LSTM] epoch 7 step 4950/6750 loss=0.0210
08/11/2026 22:57:22 - INFO - __main__ - [BERT + Bi-LSTM] epoch 7 step 5000/6750 loss=0.0316
08/11/2026 22:57:27 - INFO - __main__ - [BERT + Bi-LSTM] epoch 7 step 5050/6750 loss=0.0475
08/11/2026 22:57:32 - INFO - __main__ - [BERT + Bi-LSTM] epoch 7 step 5100/6750 loss=0.0372
08/11/2026 22:57:37 - INFO - __main__ - [BERT + Bi-LSTM] epoch 7 step 5150/6750 loss=0.0364
08/11/2026 22:57:42 - INFO - __main__ - [BERT + Bi-LSTM] epoch 7 step 5200/6750 loss=0.0433
08/11/2026 22:57:48 - INFO - __main__ - [BERT + Bi-LSTM] epoch 7 step 5250/6750 loss=0.0309
08/11/2026 22:57:53 - INFO - __main__ - [BERT + Bi-LSTM] epoch 7 step 5300/6750 loss=0.0274
08/11/2026 22:57:58 - INFO - __main__ - [BERT + Bi-LSTM] epoch 7 step 5350/6750 loss=0.0468
08/11/2026 22:58:03 - INFO - __main__ - [BERT + Bi-LSTM] epoch 7 step 5400/6750 loss=0.0248
08/11/2026 22:58:08 - INFO - __main__ - [BERT + Bi-LSTM] epoch 7 step 5450/6750 loss=0.0474
08/11/2026 22:58:13 - INFO - __main__ - [BERT + Bi-LSTM] epoch 7 step 5500/6750 loss=0.0282
08/11/2026 22:58:18 - INFO - __main__ - [BERT + Bi-LSTM] epoch 7 step 5550/6750 loss=0.0538
08/11/2026 22:58:23 - INFO - __main__ - [BERT + Bi-LSTM] epoch 7 step 5600/6750 loss=0.0284
08/11/2026 22:58:28 - INFO - __main__ - [BERT + Bi-LSTM] epoch 7 step 5650/6750 loss=0.0332
08/11/2026 22:58:33 - INFO - __main__ - [BERT + Bi-LSTM] epoch 7 step 5700/6750 loss=0.0356
08/11/2026 22:58:39 - INFO - __main__ - [BERT + Bi-LSTM] epoch 7 step 5750/6750 loss=0.0382
08/11/2026 22:58:44 - INFO - __main__ - [BERT + Bi-LSTM] epoch 7 step 5800/6750 loss=0.0327
08/11/2026 22:58:49 - INFO - __main__ - [BERT + Bi-LSTM] epoch 7 step 5850/6750 loss=0.0442
08/11/2026 22:58:54 - INFO - __main__ - [BERT + Bi-LSTM] epoch 7 step 5900/6750 loss=0.0471
08/11/2026 22:58:59 - INFO - __main__ - [BERT + Bi-LSTM] epoch 7 step 5950/6750 loss=0.0343
08/11/2026 22:59:04 - INFO - __main__ - [BERT + Bi-LSTM] epoch 7 step 6000/6750 loss=0.0349
08/11/2026 22:59:09 - INFO - __main__ - [BERT + Bi-LSTM] epoch 7 step 6050/6750 loss=0.0319
08/11/2026 22:59:14 - INFO - __main__ - [BERT + Bi-LSTM] epoch 7 step 6100/6750 loss=0.0455
08/11/2026 22:59:19 - INFO - __main__ - [BERT + Bi-LSTM] epoch 7 step 6150/6750 loss=0.0368
08/11/2026 22:59:25 - INFO - __main__ - [BERT + Bi-LSTM] epoch 7 step 6200/6750 loss=0.0395
08/11/2026 22:59:30 - INFO - __main__ - [BERT + Bi-LSTM] epoch 7 step 6250/6750 loss=0.0506
08/11/2026 22:59:35 - INFO - __main__ - [BERT + Bi-LSTM] epoch 7 step 6300/6750 loss=0.0330
08/11/2026 22:59:40 - INFO - __main__ - [BERT + Bi-LSTM] epoch 7 step 6350/6750 loss=0.0299
08/11/2026 22:59:45 - INFO - __main__ - [BERT + Bi-LSTM] epoch 7 step 6400/6750 loss=0.0348
08/11/2026 22:59:50 - INFO - __main__ - [BERT + Bi-LSTM] epoch 7 step 6450/6750 loss=0.0269
08/11/2026 22:59:55 - INFO - __main__ - [BERT + Bi-LSTM] epoch 7 step 6500/6750 loss=0.0391
08/11/2026 23:00:00 - INFO - __main__ - [BERT + Bi-LSTM] epoch 7 step 6550/6750 loss=0.0413
08/11/2026 23:00:06 - INFO - __main__ - [BERT + Bi-LSTM] epoch 7 step 6600/6750 loss=0.0461
08/11/2026 23:00:11 - INFO - __main__ - [BERT + Bi-LSTM] epoch 7 step 6650/6750 loss=0.0410
08/11/2026 23:00:16 - INFO - __main__ - [BERT + Bi-LSTM] epoch 7 step 6700/6750 loss=0.0338
08/11/2026 23:00:21 - INFO - __main__ - [BERT + Bi-LSTM] epoch 7 step 6750/6750 loss=0.0391
08/11/2026 23:00:21 - INFO - __main__ - [BERT + Bi-LSTM] Epoch 7 xong sau 694.6s, avg_loss=0.0367
08/11/2026 23:04:14 - INFO - __main__ - [BERT + Bi-LSTM] Epoch 7 - Valid macro F1 = 0.5774
              precision    recall  f1-score   support

      PERIOD     0.8677    0.8754    0.8716    140153
       COMMA     0.7595    0.7431    0.7512    162051
       COLON     0.6482    0.5781    0.6112     10825
       QMARK     0.7418    0.7154    0.7284      4884
      EXCLAM     0.4659    0.1683    0.2473      2555
   SEMICOLON     0.3534    0.1996    0.2551      1944

   micro avg     0.8019    0.7868    0.7943    322412
   macro avg     0.6394    0.5466    0.5774    322412
weighted avg     0.7978    0.7868    0.7915    322412

08/11/2026 23:04:16 - INFO - __main__ - -> [BERT + Bi-LSTM] best checkpoint mới, macro F1 = 0.5774
/root/phopunct/baseline_plain.py:261: FutureWarning: `torch.cuda.amp.autocast(args...)` is deprecated. Please use `torch.amp.autocast('cuda', args...)` instead.
  with torch.cuda.amp.autocast(enabled=use_amp):
08/11/2026 23:04:21 - INFO - __main__ - [BERT + Bi-LSTM] epoch 8 step 50/6750 loss=0.0328
08/11/2026 23:04:27 - INFO - __main__ - [BERT + Bi-LSTM] epoch 8 step 100/6750 loss=0.0274
08/11/2026 23:04:32 - INFO - __main__ - [BERT + Bi-LSTM] epoch 8 step 150/6750 loss=0.0417
08/11/2026 23:04:37 - INFO - __main__ - [BERT + Bi-LSTM] epoch 8 step 200/6750 loss=0.0264
08/11/2026 23:04:42 - INFO - __main__ - [BERT + Bi-LSTM] epoch 8 step 250/6750 loss=0.0292
08/11/2026 23:04:47 - INFO - __main__ - [BERT + Bi-LSTM] epoch 8 step 300/6750 loss=0.0294
08/11/2026 23:04:52 - INFO - __main__ - [BERT + Bi-LSTM] epoch 8 step 350/6750 loss=0.0296
08/11/2026 23:04:57 - INFO - __main__ - [BERT + Bi-LSTM] epoch 8 step 400/6750 loss=0.0286
08/11/2026 23:05:02 - INFO - __main__ - [BERT + Bi-LSTM] epoch 8 step 450/6750 loss=0.0333
08/11/2026 23:05:07 - INFO - __main__ - [BERT + Bi-LSTM] epoch 8 step 500/6750 loss=0.0397
08/11/2026 23:05:12 - INFO - __main__ - [BERT + Bi-LSTM] epoch 8 step 550/6750 loss=0.0319
08/11/2026 23:05:17 - INFO - __main__ - [BERT + Bi-LSTM] epoch 8 step 600/6750 loss=0.0279
08/11/2026 23:05:22 - INFO - __main__ - [BERT + Bi-LSTM] epoch 8 step 650/6750 loss=0.0256
08/11/2026 23:05:27 - INFO - __main__ - [BERT + Bi-LSTM] epoch 8 step 700/6750 loss=0.0405
08/11/2026 23:05:33 - INFO - __main__ - [BERT + Bi-LSTM] epoch 8 step 750/6750 loss=0.0393
08/11/2026 23:05:38 - INFO - __main__ - [BERT + Bi-LSTM] epoch 8 step 800/6750 loss=0.0365
08/11/2026 23:05:43 - INFO - __main__ - [BERT + Bi-LSTM] epoch 8 step 850/6750 loss=0.0490
08/11/2026 23:05:48 - INFO - __main__ - [BERT + Bi-LSTM] epoch 8 step 900/6750 loss=0.0409
08/11/2026 23:05:53 - INFO - __main__ - [BERT + Bi-LSTM] epoch 8 step 950/6750 loss=0.0453
08/11/2026 23:05:58 - INFO - __main__ - [BERT + Bi-LSTM] epoch 8 step 1000/6750 loss=0.0525
08/11/2026 23:06:03 - INFO - __main__ - [BERT + Bi-LSTM] epoch 8 step 1050/6750 loss=0.0361
08/11/2026 23:06:08 - INFO - __main__ - [BERT + Bi-LSTM] epoch 8 step 1100/6750 loss=0.0344
08/11/2026 23:06:13 - INFO - __main__ - [BERT + Bi-LSTM] epoch 8 step 1150/6750 loss=0.0414
08/11/2026 23:06:18 - INFO - __main__ - [BERT + Bi-LSTM] epoch 8 step 1200/6750 loss=0.0386
08/11/2026 23:06:23 - INFO - __main__ - [BERT + Bi-LSTM] epoch 8 step 1250/6750 loss=0.0346
08/11/2026 23:06:29 - INFO - __main__ - [BERT + Bi-LSTM] epoch 8 step 1300/6750 loss=0.0265
08/11/2026 23:06:34 - INFO - __main__ - [BERT + Bi-LSTM] epoch 8 step 1350/6750 loss=0.0236
08/11/2026 23:06:39 - INFO - __main__ - [BERT + Bi-LSTM] epoch 8 step 1400/6750 loss=0.0323
08/11/2026 23:06:44 - INFO - __main__ - [BERT + Bi-LSTM] epoch 8 step 1450/6750 loss=0.0316
08/11/2026 23:06:49 - INFO - __main__ - [BERT + Bi-LSTM] epoch 8 step 1500/6750 loss=0.0285
08/11/2026 23:06:54 - INFO - __main__ - [BERT + Bi-LSTM] epoch 8 step 1550/6750 loss=0.0302
08/11/2026 23:06:59 - INFO - __main__ - [BERT + Bi-LSTM] epoch 8 step 1600/6750 loss=0.0256
08/11/2026 23:07:04 - INFO - __main__ - [BERT + Bi-LSTM] epoch 8 step 1650/6750 loss=0.0435
08/11/2026 23:07:09 - INFO - __main__ - [BERT + Bi-LSTM] epoch 8 step 1700/6750 loss=0.0313
08/11/2026 23:07:15 - INFO - __main__ - [BERT + Bi-LSTM] epoch 8 step 1750/6750 loss=0.0324
08/11/2026 23:07:20 - INFO - __main__ - [BERT + Bi-LSTM] epoch 8 step 1800/6750 loss=0.0268
08/11/2026 23:07:25 - INFO - __main__ - [BERT + Bi-LSTM] epoch 8 step 1850/6750 loss=0.0410
08/11/2026 23:07:30 - INFO - __main__ - [BERT + Bi-LSTM] epoch 8 step 1900/6750 loss=0.0359
08/11/2026 23:07:35 - INFO - __main__ - [BERT + Bi-LSTM] epoch 8 step 1950/6750 loss=0.0370
08/11/2026 23:07:40 - INFO - __main__ - [BERT + Bi-LSTM] epoch 8 step 2000/6750 loss=0.0451
08/11/2026 23:07:45 - INFO - __main__ - [BERT + Bi-LSTM] epoch 8 step 2050/6750 loss=0.0262
08/11/2026 23:07:50 - INFO - __main__ - [BERT + Bi-LSTM] epoch 8 step 2100/6750 loss=0.0250
08/11/2026 23:07:55 - INFO - __main__ - [BERT + Bi-LSTM] epoch 8 step 2150/6750 loss=0.0207
08/11/2026 23:08:00 - INFO - __main__ - [BERT + Bi-LSTM] epoch 8 step 2200/6750 loss=0.0362
08/11/2026 23:08:06 - INFO - __main__ - [BERT + Bi-LSTM] epoch 8 step 2250/6750 loss=0.0404
08/11/2026 23:08:11 - INFO - __main__ - [BERT + Bi-LSTM] epoch 8 step 2300/6750 loss=0.0304
08/11/2026 23:08:16 - INFO - __main__ - [BERT + Bi-LSTM] epoch 8 step 2350/6750 loss=0.0284
08/11/2026 23:08:21 - INFO - __main__ - [BERT + Bi-LSTM] epoch 8 step 2400/6750 loss=0.0307
08/11/2026 23:08:26 - INFO - __main__ - [BERT + Bi-LSTM] epoch 8 step 2450/6750 loss=0.0334
08/11/2026 23:08:31 - INFO - __main__ - [BERT + Bi-LSTM] epoch 8 step 2500/6750 loss=0.0267
08/11/2026 23:08:36 - INFO - __main__ - [BERT + Bi-LSTM] epoch 8 step 2550/6750 loss=0.0355
08/11/2026 23:08:41 - INFO - __main__ - [BERT + Bi-LSTM] epoch 8 step 2600/6750 loss=0.0268
08/11/2026 23:08:46 - INFO - __main__ - [BERT + Bi-LSTM] epoch 8 step 2650/6750 loss=0.0287
08/11/2026 23:08:51 - INFO - __main__ - [BERT + Bi-LSTM] epoch 8 step 2700/6750 loss=0.0289
08/11/2026 23:08:57 - INFO - __main__ - [BERT + Bi-LSTM] epoch 8 step 2750/6750 loss=0.0527
08/11/2026 23:09:02 - INFO - __main__ - [BERT + Bi-LSTM] epoch 8 step 2800/6750 loss=0.0379
08/11/2026 23:09:07 - INFO - __main__ - [BERT + Bi-LSTM] epoch 8 step 2850/6750 loss=0.0253
08/11/2026 23:09:12 - INFO - __main__ - [BERT + Bi-LSTM] epoch 8 step 2900/6750 loss=0.0355
08/11/2026 23:09:17 - INFO - __main__ - [BERT + Bi-LSTM] epoch 8 step 2950/6750 loss=0.0375
08/11/2026 23:09:22 - INFO - __main__ - [BERT + Bi-LSTM] epoch 8 step 3000/6750 loss=0.0371
08/11/2026 23:09:27 - INFO - __main__ - [BERT + Bi-LSTM] epoch 8 step 3050/6750 loss=0.0283
08/11/2026 23:09:32 - INFO - __main__ - [BERT + Bi-LSTM] epoch 8 step 3100/6750 loss=0.0265
08/11/2026 23:09:37 - INFO - __main__ - [BERT + Bi-LSTM] epoch 8 step 3150/6750 loss=0.0195
08/11/2026 23:09:43 - INFO - __main__ - [BERT + Bi-LSTM] epoch 8 step 3200/6750 loss=0.0416
08/11/2026 23:09:48 - INFO - __main__ - [BERT + Bi-LSTM] epoch 8 step 3250/6750 loss=0.0338
08/11/2026 23:09:53 - INFO - __main__ - [BERT + Bi-LSTM] epoch 8 step 3300/6750 loss=0.0329
08/11/2026 23:09:58 - INFO - __main__ - [BERT + Bi-LSTM] epoch 8 step 3350/6750 loss=0.0273
08/11/2026 23:10:03 - INFO - __main__ - [BERT + Bi-LSTM] epoch 8 step 3400/6750 loss=0.0507
08/11/2026 23:10:08 - INFO - __main__ - [BERT + Bi-LSTM] epoch 8 step 3450/6750 loss=0.0359
08/11/2026 23:10:13 - INFO - __main__ - [BERT + Bi-LSTM] epoch 8 step 3500/6750 loss=0.0339
08/11/2026 23:10:18 - INFO - __main__ - [BERT + Bi-LSTM] epoch 8 step 3550/6750 loss=0.0545
08/11/2026 23:10:23 - INFO - __main__ - [BERT + Bi-LSTM] epoch 8 step 3600/6750 loss=0.0261
08/11/2026 23:10:29 - INFO - __main__ - [BERT + Bi-LSTM] epoch 8 step 3650/6750 loss=0.0308
08/11/2026 23:10:34 - INFO - __main__ - [BERT + Bi-LSTM] epoch 8 step 3700/6750 loss=0.0315
08/11/2026 23:10:39 - INFO - __main__ - [BERT + Bi-LSTM] epoch 8 step 3750/6750 loss=0.0508
08/11/2026 23:10:44 - INFO - __main__ - [BERT + Bi-LSTM] epoch 8 step 3800/6750 loss=0.0309
08/11/2026 23:10:49 - INFO - __main__ - [BERT + Bi-LSTM] epoch 8 step 3850/6750 loss=0.0235
08/11/2026 23:10:54 - INFO - __main__ - [BERT + Bi-LSTM] epoch 8 step 3900/6750 loss=0.0273
08/11/2026 23:10:59 - INFO - __main__ - [BERT + Bi-LSTM] epoch 8 step 3950/6750 loss=0.0455
08/11/2026 23:11:04 - INFO - __main__ - [BERT + Bi-LSTM] epoch 8 step 4000/6750 loss=0.0337
08/11/2026 23:11:09 - INFO - __main__ - [BERT + Bi-LSTM] epoch 8 step 4050/6750 loss=0.0433
08/11/2026 23:11:14 - INFO - __main__ - [BERT + Bi-LSTM] epoch 8 step 4100/6750 loss=0.0414
08/11/2026 23:11:20 - INFO - __main__ - [BERT + Bi-LSTM] epoch 8 step 4150/6750 loss=0.0271
08/11/2026 23:11:25 - INFO - __main__ - [BERT + Bi-LSTM] epoch 8 step 4200/6750 loss=0.0397
08/11/2026 23:11:30 - INFO - __main__ - [BERT + Bi-LSTM] epoch 8 step 4250/6750 loss=0.0250
08/11/2026 23:11:35 - INFO - __main__ - [BERT + Bi-LSTM] epoch 8 step 4300/6750 loss=0.0362
08/11/2026 23:11:40 - INFO - __main__ - [BERT + Bi-LSTM] epoch 8 step 4350/6750 loss=0.0310
08/11/2026 23:11:45 - INFO - __main__ - [BERT + Bi-LSTM] epoch 8 step 4400/6750 loss=0.0349
08/11/2026 23:11:50 - INFO - __main__ - [BERT + Bi-LSTM] epoch 8 step 4450/6750 loss=0.0358
08/11/2026 23:11:55 - INFO - __main__ - [BERT + Bi-LSTM] epoch 8 step 4500/6750 loss=0.0333
08/11/2026 23:12:00 - INFO - __main__ - [BERT + Bi-LSTM] epoch 8 step 4550/6750 loss=0.0244
08/11/2026 23:12:05 - INFO - __main__ - [BERT + Bi-LSTM] epoch 8 step 4600/6750 loss=0.0401
08/11/2026 23:12:11 - INFO - __main__ - [BERT + Bi-LSTM] epoch 8 step 4650/6750 loss=0.0327
08/11/2026 23:12:16 - INFO - __main__ - [BERT + Bi-LSTM] epoch 8 step 4700/6750 loss=0.0547
08/11/2026 23:12:21 - INFO - __main__ - [BERT + Bi-LSTM] epoch 8 step 4750/6750 loss=0.0456
08/11/2026 23:12:26 - INFO - __main__ - [BERT + Bi-LSTM] epoch 8 step 4800/6750 loss=0.0280
08/11/2026 23:12:31 - INFO - __main__ - [BERT + Bi-LSTM] epoch 8 step 4850/6750 loss=0.0354
08/11/2026 23:12:36 - INFO - __main__ - [BERT + Bi-LSTM] epoch 8 step 4900/6750 loss=0.0394
08/11/2026 23:12:41 - INFO - __main__ - [BERT + Bi-LSTM] epoch 8 step 4950/6750 loss=0.0309
08/11/2026 23:12:46 - INFO - __main__ - [BERT + Bi-LSTM] epoch 8 step 5000/6750 loss=0.0412
08/11/2026 23:12:51 - INFO - __main__ - [BERT + Bi-LSTM] epoch 8 step 5050/6750 loss=0.0333
08/11/2026 23:12:56 - INFO - __main__ - [BERT + Bi-LSTM] epoch 8 step 5100/6750 loss=0.0340
08/11/2026 23:13:02 - INFO - __main__ - [BERT + Bi-LSTM] epoch 8 step 5150/6750 loss=0.0331
08/11/2026 23:13:07 - INFO - __main__ - [BERT + Bi-LSTM] epoch 8 step 5200/6750 loss=0.0321
08/11/2026 23:13:12 - INFO - __main__ - [BERT + Bi-LSTM] epoch 8 step 5250/6750 loss=0.0455
08/11/2026 23:13:17 - INFO - __main__ - [BERT + Bi-LSTM] epoch 8 step 5300/6750 loss=0.0341
08/11/2026 23:13:22 - INFO - __main__ - [BERT + Bi-LSTM] epoch 8 step 5350/6750 loss=0.0373
08/11/2026 23:13:27 - INFO - __main__ - [BERT + Bi-LSTM] epoch 8 step 5400/6750 loss=0.0185
08/11/2026 23:13:32 - INFO - __main__ - [BERT + Bi-LSTM] epoch 8 step 5450/6750 loss=0.0328
08/11/2026 23:13:37 - INFO - __main__ - [BERT + Bi-LSTM] epoch 8 step 5500/6750 loss=0.0289
08/11/2026 23:13:42 - INFO - __main__ - [BERT + Bi-LSTM] epoch 8 step 5550/6750 loss=0.0290
08/11/2026 23:13:47 - INFO - __main__ - [BERT + Bi-LSTM] epoch 8 step 5600/6750 loss=0.0297
08/11/2026 23:13:52 - INFO - __main__ - [BERT + Bi-LSTM] epoch 8 step 5650/6750 loss=0.0412
08/11/2026 23:13:58 - INFO - __main__ - [BERT + Bi-LSTM] epoch 8 step 5700/6750 loss=0.0447
08/11/2026 23:14:03 - INFO - __main__ - [BERT + Bi-LSTM] epoch 8 step 5750/6750 loss=0.0309
08/11/2026 23:14:08 - INFO - __main__ - [BERT + Bi-LSTM] epoch 8 step 5800/6750 loss=0.0388
08/11/2026 23:14:13 - INFO - __main__ - [BERT + Bi-LSTM] epoch 8 step 5850/6750 loss=0.0339
08/11/2026 23:14:18 - INFO - __main__ - [BERT + Bi-LSTM] epoch 8 step 5900/6750 loss=0.0131
08/11/2026 23:14:23 - INFO - __main__ - [BERT + Bi-LSTM] epoch 8 step 5950/6750 loss=0.0317
08/11/2026 23:14:28 - INFO - __main__ - [BERT + Bi-LSTM] epoch 8 step 6000/6750 loss=0.0236
08/11/2026 23:14:33 - INFO - __main__ - [BERT + Bi-LSTM] epoch 8 step 6050/6750 loss=0.0303
08/11/2026 23:14:38 - INFO - __main__ - [BERT + Bi-LSTM] epoch 8 step 6100/6750 loss=0.0257
08/11/2026 23:14:43 - INFO - __main__ - [BERT + Bi-LSTM] epoch 8 step 6150/6750 loss=0.0265
08/11/2026 23:14:49 - INFO - __main__ - [BERT + Bi-LSTM] epoch 8 step 6200/6750 loss=0.0271
08/11/2026 23:14:54 - INFO - __main__ - [BERT + Bi-LSTM] epoch 8 step 6250/6750 loss=0.0324
08/11/2026 23:14:59 - INFO - __main__ - [BERT + Bi-LSTM] epoch 8 step 6300/6750 loss=0.0465
08/11/2026 23:15:04 - INFO - __main__ - [BERT + Bi-LSTM] epoch 8 step 6350/6750 loss=0.0307
08/11/2026 23:15:09 - INFO - __main__ - [BERT + Bi-LSTM] epoch 8 step 6400/6750 loss=0.0281
08/11/2026 23:15:14 - INFO - __main__ - [BERT + Bi-LSTM] epoch 8 step 6450/6750 loss=0.0338
08/11/2026 23:15:19 - INFO - __main__ - [BERT + Bi-LSTM] epoch 8 step 6500/6750 loss=0.0316
08/11/2026 23:15:24 - INFO - __main__ - [BERT + Bi-LSTM] epoch 8 step 6550/6750 loss=0.0316
08/11/2026 23:15:29 - INFO - __main__ - [BERT + Bi-LSTM] epoch 8 step 6600/6750 loss=0.0234
08/11/2026 23:15:34 - INFO - __main__ - [BERT + Bi-LSTM] epoch 8 step 6650/6750 loss=0.0352
08/11/2026 23:15:39 - INFO - __main__ - [BERT + Bi-LSTM] epoch 8 step 6700/6750 loss=0.0322
08/11/2026 23:15:45 - INFO - __main__ - [BERT + Bi-LSTM] epoch 8 step 6750/6750 loss=0.0401
08/11/2026 23:15:45 - INFO - __main__ - [BERT + Bi-LSTM] Epoch 8 xong sau 688.1s, avg_loss=0.0338
08/11/2026 23:19:34 - INFO - __main__ - [BERT + Bi-LSTM] Epoch 8 - Valid macro F1 = 0.5772
              precision    recall  f1-score   support

      PERIOD     0.8647    0.8796    0.8721    140153
       COMMA     0.7574    0.7450    0.7511    162051
       COLON     0.6595    0.5665    0.6095     10825
       QMARK     0.7424    0.7105    0.7261      4884
      EXCLAM     0.4487    0.1695    0.2460      2555
   SEMICOLON     0.3457    0.2063    0.2584      1944

   micro avg     0.8000    0.7892    0.7945    322412
   macro avg     0.6364    0.5462    0.5772    322412
weighted avg     0.7956    0.7892    0.7916    322412

08/11/2026 23:19:36 - INFO - __main__ - [BERT + Bi-LSTM] Train xong. Best macro F1 = 0.5774. Checkpoint tại /root/phopunct/outputs/bert_bilstm_plain_news
