08/11/2026 09:22:58 - INFO - __main__ - === vELECTRA | backbone=FPTAI/velectra-base-discriminator-cased ===
08/11/2026 09:22:58 - INFO - __main__ - {
  "model_key": "velectra",
  "use_bilstm": false,
  "data_dir": "/root/phopunct/data/punctuation/News",
  "output_dir": "/root/phopunct/outputs/velectra_plain_news",
  "max_seq_length": 256,
  "lstm_hidden_size": 128,
  "train_batch_size": 16,
  "eval_batch_size": 32,
  "num_train_epochs": 8.0,
  "learning_rate": 2e-05,
  "warmup_ratio": 0.06,
  "max_grad_norm": 1.0,
  "seed": 42,
  "device": "cuda",
  "fp16": true,
  "max_train_examples": null,
  "max_eval_examples": null,
  "logging_steps": 50
}
08/11/2026 09:22:58 - INFO - httpx - HTTP Request: HEAD https://huggingface.co/FPTAI/velectra-base-discriminator-cased/resolve/main/config.json "HTTP/1.1 307 Temporary Redirect"
Warning: You are sending unauthenticated requests to the HF Hub. Please set a HF_TOKEN to enable higher rate limits and faster downloads.
08/11/2026 09:22:58 - WARNING - huggingface_hub.utils._http - Warning: You are sending unauthenticated requests to the HF Hub. Please set a HF_TOKEN to enable higher rate limits and faster downloads.
08/11/2026 09:22:58 - INFO - httpx - HTTP Request: HEAD https://huggingface.co/api/resolve-cache/models/FPTAI/velectra-base-discriminator-cased/f594fee501933d92d8c13285c969495681d0cc00/config.json "HTTP/1.1 200 OK"
08/11/2026 09:22:58 - INFO - httpx - HTTP Request: HEAD https://huggingface.co/FPTAI/velectra-base-discriminator-cased/resolve/main/tokenizer_config.json "HTTP/1.1 404 Not Found"
08/11/2026 09:22:58 - INFO - httpx - HTTP Request: HEAD https://huggingface.co/FPTAI/velectra-base-discriminator-cased/resolve/main/tokenizer_config.json "HTTP/1.1 404 Not Found"
08/11/2026 09:22:58 - INFO - httpx - HTTP Request: GET https://huggingface.co/api/models/FPTAI/velectra-base-discriminator-cased/tree/main/additional_chat_templates?recursive=false&expand=false "HTTP/1.1 404 Not Found"
08/11/2026 09:22:58 - INFO - httpx - HTTP Request: GET https://huggingface.co/api/models/FPTAI/velectra-base-discriminator-cased/tree/main?recursive=true&expand=false "HTTP/1.1 200 OK"
08/11/2026 09:22:58 - INFO - httpx - HTTP Request: HEAD https://huggingface.co/FPTAI/velectra-base-discriminator-cased/resolve/main/vocab.txt "HTTP/1.1 307 Temporary Redirect"
08/11/2026 09:22:58 - INFO - httpx - HTTP Request: HEAD https://huggingface.co/api/resolve-cache/models/FPTAI/velectra-base-discriminator-cased/f594fee501933d92d8c13285c969495681d0cc00/vocab.txt "HTTP/1.1 200 OK"
08/11/2026 09:22:59 - INFO - __main__ - Đang nạp dữ liệu train...
08/11/2026 09:23:54 - INFO - punc_dataset_word - convert_examples_to_features: 108000 examples -> 108000 features (0 rỗng bị bỏ, 1 bị truncate)
08/11/2026 09:24:01 - INFO - __main__ - Đang nạp dữ liệu valid...
08/11/2026 09:24:19 - INFO - punc_dataset_word - convert_examples_to_features: 36191 examples -> 36191 features (0 rỗng bị bỏ, 0 bị truncate)
08/11/2026 09:24:21 - INFO - __main__ - Train: 108000 features | Valid: 36191 features
08/11/2026 09:24:22 - INFO - httpx - HTTP Request: HEAD https://huggingface.co/FPTAI/velectra-base-discriminator-cased/resolve/main/config.json "HTTP/1.1 307 Temporary Redirect"
08/11/2026 09:24:22 - INFO - httpx - HTTP Request: HEAD https://huggingface.co/api/resolve-cache/models/FPTAI/velectra-base-discriminator-cased/f594fee501933d92d8c13285c969495681d0cc00/config.json "HTTP/1.1 200 OK"
08/11/2026 09:24:22 - INFO - httpx - HTTP Request: HEAD https://huggingface.co/FPTAI/velectra-base-discriminator-cased/resolve/main/model.safetensors "HTTP/1.1 404 Not Found"
08/11/2026 09:24:22 - INFO - httpx - HTTP Request: GET https://huggingface.co/api/models/FPTAI/velectra-base-discriminator-cased "HTTP/1.1 200 OK"
Loading weights:   0%|          | 0/197 [00:00<?, ?it/s]Loading weights: 100%|██████████| 197/197 [00:00<00:00, 31196.78it/s]
08/11/2026 09:24:22 - INFO - httpx - HTTP Request: GET https://huggingface.co/api/models/FPTAI/velectra-base-discriminator-cased/commits/main "HTTP/1.1 200 OK"
[transformers] [1mElectraModel LOAD REPORT[0m from: FPTAI/velectra-base-discriminator-cased
Key                                               | Status     |  | 
--------------------------------------------------+------------+--+-
discriminator_predictions.dense_prediction.bias   | UNEXPECTED |  | 
discriminator_predictions.dense.bias              | UNEXPECTED |  | 
discriminator_predictions.dense.weight            | UNEXPECTED |  | 
discriminator_predictions.dense_prediction.weight | UNEXPECTED |  | 

Notes:
- UNEXPECTED:	can be ignored when loading from different task/architecture; not ok if you expect identical arch.
08/11/2026 09:24:22 - INFO - httpx - HTTP Request: GET https://huggingface.co/api/models/FPTAI/velectra-base-discriminator-cased/discussions?p=0 "HTTP/1.1 200 OK"
/root/phopunct/baseline_plain.py:247: FutureWarning: `torch.cuda.amp.GradScaler(args...)` is deprecated. Please use `torch.amp.GradScaler('cuda', args...)` instead.
  scaler = torch.cuda.amp.GradScaler(enabled=use_amp)
/root/phopunct/baseline_plain.py:261: FutureWarning: `torch.cuda.amp.autocast(args...)` is deprecated. Please use `torch.amp.autocast('cuda', args...)` instead.
  with torch.cuda.amp.autocast(enabled=use_amp):
08/11/2026 09:24:22 - INFO - httpx - HTTP Request: GET https://huggingface.co/api/models/FPTAI/velectra-base-discriminator-cased/commits/refs%2Fpr%2F1 "HTTP/1.1 200 OK"
08/11/2026 09:24:22 - INFO - httpx - HTTP Request: HEAD https://huggingface.co/FPTAI/velectra-base-discriminator-cased/resolve/refs%2Fpr%2F1/model.safetensors.index.json "HTTP/1.1 404 Not Found"
08/11/2026 09:24:22 - INFO - httpx - HTTP Request: HEAD https://huggingface.co/FPTAI/velectra-base-discriminator-cased/resolve/refs%2Fpr%2F1/model.safetensors "HTTP/1.1 302 Found"
/root/phopunct/baseline_plain.py:274: UserWarning: Detected call of `lr_scheduler.step()` before `optimizer.step()`. In PyTorch 1.1.0 and later, you should call them in the opposite order: `optimizer.step()` before `lr_scheduler.step()`.  Failure to do this will result in PyTorch skipping the first value of the learning rate schedule. See more details at https://pytorch.org/docs/stable/optim.html#how-to-adjust-learning-rate
  scheduler.step()
08/11/2026 09:24:27 - INFO - __main__ - [vELECTRA] epoch 1 step 50/6750 loss=2.0616
08/11/2026 09:24:32 - INFO - __main__ - [vELECTRA] epoch 1 step 100/6750 loss=1.1715
08/11/2026 09:24:36 - INFO - __main__ - [vELECTRA] epoch 1 step 150/6750 loss=0.4297
08/11/2026 09:24:41 - INFO - __main__ - [vELECTRA] epoch 1 step 200/6750 loss=0.3173
08/11/2026 09:24:46 - INFO - __main__ - [vELECTRA] epoch 1 step 250/6750 loss=0.3161
08/11/2026 09:24:51 - INFO - __main__ - [vELECTRA] epoch 1 step 300/6750 loss=0.2764
08/11/2026 09:24:55 - INFO - __main__ - [vELECTRA] epoch 1 step 350/6750 loss=0.2956
08/11/2026 09:25:00 - INFO - __main__ - [vELECTRA] epoch 1 step 400/6750 loss=0.2760
08/11/2026 09:25:05 - INFO - __main__ - [vELECTRA] epoch 1 step 450/6750 loss=0.2770
08/11/2026 09:25:09 - INFO - __main__ - [vELECTRA] epoch 1 step 500/6750 loss=0.3125
08/11/2026 09:25:14 - INFO - __main__ - [vELECTRA] epoch 1 step 550/6750 loss=0.2670
08/11/2026 09:25:19 - INFO - __main__ - [vELECTRA] epoch 1 step 600/6750 loss=0.2552
08/11/2026 09:25:24 - INFO - __main__ - [vELECTRA] epoch 1 step 650/6750 loss=0.2483
08/11/2026 09:25:28 - INFO - __main__ - [vELECTRA] epoch 1 step 700/6750 loss=0.2776
08/11/2026 09:25:33 - INFO - __main__ - [vELECTRA] epoch 1 step 750/6750 loss=0.2420
08/11/2026 09:25:38 - INFO - __main__ - [vELECTRA] epoch 1 step 800/6750 loss=0.2728
08/11/2026 09:25:43 - INFO - __main__ - [vELECTRA] epoch 1 step 850/6750 loss=0.2338
08/11/2026 09:25:47 - INFO - __main__ - [vELECTRA] epoch 1 step 900/6750 loss=0.2228
08/11/2026 09:25:52 - INFO - __main__ - [vELECTRA] epoch 1 step 950/6750 loss=0.1997
08/11/2026 09:25:57 - INFO - __main__ - [vELECTRA] epoch 1 step 1000/6750 loss=0.2466
08/11/2026 09:26:02 - INFO - __main__ - [vELECTRA] epoch 1 step 1050/6750 loss=0.2691
08/11/2026 09:26:06 - INFO - __main__ - [vELECTRA] epoch 1 step 1100/6750 loss=0.2028
08/11/2026 09:26:11 - INFO - __main__ - [vELECTRA] epoch 1 step 1150/6750 loss=0.2256
08/11/2026 09:26:16 - INFO - __main__ - [vELECTRA] epoch 1 step 1200/6750 loss=0.2039
08/11/2026 09:26:21 - INFO - __main__ - [vELECTRA] epoch 1 step 1250/6750 loss=0.2143
08/11/2026 09:26:26 - INFO - __main__ - [vELECTRA] epoch 1 step 1300/6750 loss=0.2277
08/11/2026 09:26:30 - INFO - __main__ - [vELECTRA] epoch 1 step 1350/6750 loss=0.2423
08/11/2026 09:26:35 - INFO - __main__ - [vELECTRA] epoch 1 step 1400/6750 loss=0.2304
08/11/2026 09:26:40 - INFO - __main__ - [vELECTRA] epoch 1 step 1450/6750 loss=0.2747
08/11/2026 09:26:45 - INFO - __main__ - [vELECTRA] epoch 1 step 1500/6750 loss=0.2125
08/11/2026 09:26:49 - INFO - __main__ - [vELECTRA] epoch 1 step 1550/6750 loss=0.2335
08/11/2026 09:26:54 - INFO - __main__ - [vELECTRA] epoch 1 step 1600/6750 loss=0.2204
08/11/2026 09:26:59 - INFO - __main__ - [vELECTRA] epoch 1 step 1650/6750 loss=0.2170
08/11/2026 09:27:04 - INFO - __main__ - [vELECTRA] epoch 1 step 1700/6750 loss=0.2183
08/11/2026 09:27:08 - INFO - __main__ - [vELECTRA] epoch 1 step 1750/6750 loss=0.1704
08/11/2026 09:27:13 - INFO - __main__ - [vELECTRA] epoch 1 step 1800/6750 loss=0.1834
08/11/2026 09:27:18 - INFO - __main__ - [vELECTRA] epoch 1 step 1850/6750 loss=0.2148
08/11/2026 09:27:23 - INFO - __main__ - [vELECTRA] epoch 1 step 1900/6750 loss=0.2253
08/11/2026 09:27:27 - INFO - __main__ - [vELECTRA] epoch 1 step 1950/6750 loss=0.1552
08/11/2026 09:27:32 - INFO - __main__ - [vELECTRA] epoch 1 step 2000/6750 loss=0.2406
08/11/2026 09:27:37 - INFO - __main__ - [vELECTRA] epoch 1 step 2050/6750 loss=0.2150
08/11/2026 09:27:42 - INFO - __main__ - [vELECTRA] epoch 1 step 2100/6750 loss=0.1773
08/11/2026 09:27:46 - INFO - __main__ - [vELECTRA] epoch 1 step 2150/6750 loss=0.1438
08/11/2026 09:27:51 - INFO - __main__ - [vELECTRA] epoch 1 step 2200/6750 loss=0.1605
08/11/2026 09:27:56 - INFO - __main__ - [vELECTRA] epoch 1 step 2250/6750 loss=0.2202
08/11/2026 09:28:01 - INFO - __main__ - [vELECTRA] epoch 1 step 2300/6750 loss=0.1939
08/11/2026 09:28:06 - INFO - __main__ - [vELECTRA] epoch 1 step 2350/6750 loss=0.1928
08/11/2026 09:28:10 - INFO - __main__ - [vELECTRA] epoch 1 step 2400/6750 loss=0.1826
08/11/2026 09:28:15 - INFO - __main__ - [vELECTRA] epoch 1 step 2450/6750 loss=0.1737
08/11/2026 09:28:20 - INFO - __main__ - [vELECTRA] epoch 1 step 2500/6750 loss=0.1801
08/11/2026 09:28:25 - INFO - __main__ - [vELECTRA] epoch 1 step 2550/6750 loss=0.1499
08/11/2026 09:28:29 - INFO - __main__ - [vELECTRA] epoch 1 step 2600/6750 loss=0.2054
08/11/2026 09:28:34 - INFO - __main__ - [vELECTRA] epoch 1 step 2650/6750 loss=0.1502
08/11/2026 09:28:39 - INFO - __main__ - [vELECTRA] epoch 1 step 2700/6750 loss=0.2128
08/11/2026 09:28:44 - INFO - __main__ - [vELECTRA] epoch 1 step 2750/6750 loss=0.2015
08/11/2026 09:28:48 - INFO - __main__ - [vELECTRA] epoch 1 step 2800/6750 loss=0.1661
08/11/2026 09:28:53 - INFO - __main__ - [vELECTRA] epoch 1 step 2850/6750 loss=0.1678
08/11/2026 09:28:58 - INFO - __main__ - [vELECTRA] epoch 1 step 2900/6750 loss=0.1453
08/11/2026 09:29:02 - INFO - __main__ - [vELECTRA] epoch 1 step 2950/6750 loss=0.1277
08/11/2026 09:29:07 - INFO - __main__ - [vELECTRA] epoch 1 step 3000/6750 loss=0.1593
08/11/2026 09:29:12 - INFO - __main__ - [vELECTRA] epoch 1 step 3050/6750 loss=0.1369
08/11/2026 09:29:17 - INFO - __main__ - [vELECTRA] epoch 1 step 3100/6750 loss=0.1801
08/11/2026 09:29:21 - INFO - __main__ - [vELECTRA] epoch 1 step 3150/6750 loss=0.1236
08/11/2026 09:29:26 - INFO - __main__ - [vELECTRA] epoch 1 step 3200/6750 loss=0.1322
08/11/2026 09:29:31 - INFO - __main__ - [vELECTRA] epoch 1 step 3250/6750 loss=0.1298
08/11/2026 09:29:36 - INFO - __main__ - [vELECTRA] epoch 1 step 3300/6750 loss=0.1604
08/11/2026 09:29:40 - INFO - __main__ - [vELECTRA] epoch 1 step 3350/6750 loss=0.1424
08/11/2026 09:29:45 - INFO - __main__ - [vELECTRA] epoch 1 step 3400/6750 loss=0.1425
08/11/2026 09:29:50 - INFO - __main__ - [vELECTRA] epoch 1 step 3450/6750 loss=0.1343
08/11/2026 09:29:55 - INFO - __main__ - [vELECTRA] epoch 1 step 3500/6750 loss=0.1294
08/11/2026 09:29:59 - INFO - __main__ - [vELECTRA] epoch 1 step 3550/6750 loss=0.1586
08/11/2026 09:30:04 - INFO - __main__ - [vELECTRA] epoch 1 step 3600/6750 loss=0.1361
08/11/2026 09:30:09 - INFO - __main__ - [vELECTRA] epoch 1 step 3650/6750 loss=0.1418
08/11/2026 09:30:14 - INFO - __main__ - [vELECTRA] epoch 1 step 3700/6750 loss=0.1592
08/11/2026 09:30:19 - INFO - __main__ - [vELECTRA] epoch 1 step 3750/6750 loss=0.1503
08/11/2026 09:30:23 - INFO - __main__ - [vELECTRA] epoch 1 step 3800/6750 loss=0.1122
08/11/2026 09:30:28 - INFO - __main__ - [vELECTRA] epoch 1 step 3850/6750 loss=0.1310
08/11/2026 09:30:33 - INFO - __main__ - [vELECTRA] epoch 1 step 3900/6750 loss=0.1379
08/11/2026 09:30:38 - INFO - __main__ - [vELECTRA] epoch 1 step 3950/6750 loss=0.1286
08/11/2026 09:30:42 - INFO - __main__ - [vELECTRA] epoch 1 step 4000/6750 loss=0.1647
08/11/2026 09:30:47 - INFO - __main__ - [vELECTRA] epoch 1 step 4050/6750 loss=0.1464
08/11/2026 09:30:52 - INFO - __main__ - [vELECTRA] epoch 1 step 4100/6750 loss=0.1577
08/11/2026 09:30:57 - INFO - __main__ - [vELECTRA] epoch 1 step 4150/6750 loss=0.1240
08/11/2026 09:31:01 - INFO - __main__ - [vELECTRA] epoch 1 step 4200/6750 loss=0.1307
08/11/2026 09:31:06 - INFO - __main__ - [vELECTRA] epoch 1 step 4250/6750 loss=0.1663
08/11/2026 09:31:11 - INFO - __main__ - [vELECTRA] epoch 1 step 4300/6750 loss=0.1570
08/11/2026 09:31:16 - INFO - __main__ - [vELECTRA] epoch 1 step 4350/6750 loss=0.1714
08/11/2026 09:31:20 - INFO - __main__ - [vELECTRA] epoch 1 step 4400/6750 loss=0.1757
08/11/2026 09:31:25 - INFO - __main__ - [vELECTRA] epoch 1 step 4450/6750 loss=0.1543
08/11/2026 09:31:30 - INFO - __main__ - [vELECTRA] epoch 1 step 4500/6750 loss=0.1394
08/11/2026 09:31:35 - INFO - __main__ - [vELECTRA] epoch 1 step 4550/6750 loss=0.1277
08/11/2026 09:31:39 - INFO - __main__ - [vELECTRA] epoch 1 step 4600/6750 loss=0.1338
08/11/2026 09:31:44 - INFO - __main__ - [vELECTRA] epoch 1 step 4650/6750 loss=0.1534
08/11/2026 09:31:49 - INFO - __main__ - [vELECTRA] epoch 1 step 4700/6750 loss=0.1405
08/11/2026 09:31:54 - INFO - __main__ - [vELECTRA] epoch 1 step 4750/6750 loss=0.1128
08/11/2026 09:31:58 - INFO - __main__ - [vELECTRA] epoch 1 step 4800/6750 loss=0.1051
08/11/2026 09:32:03 - INFO - __main__ - [vELECTRA] epoch 1 step 4850/6750 loss=0.1453
08/11/2026 09:32:08 - INFO - __main__ - [vELECTRA] epoch 1 step 4900/6750 loss=0.1528
08/11/2026 09:32:13 - INFO - __main__ - [vELECTRA] epoch 1 step 4950/6750 loss=0.1425
08/11/2026 09:32:17 - INFO - __main__ - [vELECTRA] epoch 1 step 5000/6750 loss=0.1104
08/11/2026 09:32:22 - INFO - __main__ - [vELECTRA] epoch 1 step 5050/6750 loss=0.1003
08/11/2026 09:32:27 - INFO - __main__ - [vELECTRA] epoch 1 step 5100/6750 loss=0.1561
08/11/2026 09:32:32 - INFO - __main__ - [vELECTRA] epoch 1 step 5150/6750 loss=0.1111
08/11/2026 09:32:36 - INFO - __main__ - [vELECTRA] epoch 1 step 5200/6750 loss=0.1274
08/11/2026 09:32:41 - INFO - __main__ - [vELECTRA] epoch 1 step 5250/6750 loss=0.1113
08/11/2026 09:32:46 - INFO - __main__ - [vELECTRA] epoch 1 step 5300/6750 loss=0.1009
08/11/2026 09:32:51 - INFO - __main__ - [vELECTRA] epoch 1 step 5350/6750 loss=0.1516
08/11/2026 09:32:55 - INFO - __main__ - [vELECTRA] epoch 1 step 5400/6750 loss=0.1303
08/11/2026 09:33:00 - INFO - __main__ - [vELECTRA] epoch 1 step 5450/6750 loss=0.1450
08/11/2026 09:33:05 - INFO - __main__ - [vELECTRA] epoch 1 step 5500/6750 loss=0.1340
08/11/2026 09:33:10 - INFO - __main__ - [vELECTRA] epoch 1 step 5550/6750 loss=0.1278
08/11/2026 09:33:15 - INFO - __main__ - [vELECTRA] epoch 1 step 5600/6750 loss=0.1323
08/11/2026 09:33:19 - INFO - __main__ - [vELECTRA] epoch 1 step 5650/6750 loss=0.2003
08/11/2026 09:33:24 - INFO - __main__ - [vELECTRA] epoch 1 step 5700/6750 loss=0.1335
08/11/2026 09:33:29 - INFO - __main__ - [vELECTRA] epoch 1 step 5750/6750 loss=0.1262
08/11/2026 09:33:34 - INFO - __main__ - [vELECTRA] epoch 1 step 5800/6750 loss=0.1271
08/11/2026 09:33:38 - INFO - __main__ - [vELECTRA] epoch 1 step 5850/6750 loss=0.0937
08/11/2026 09:33:43 - INFO - __main__ - [vELECTRA] epoch 1 step 5900/6750 loss=0.1166
08/11/2026 09:33:48 - INFO - __main__ - [vELECTRA] epoch 1 step 5950/6750 loss=0.1376
08/11/2026 09:33:53 - INFO - __main__ - [vELECTRA] epoch 1 step 6000/6750 loss=0.1136
08/11/2026 09:33:57 - INFO - __main__ - [vELECTRA] epoch 1 step 6050/6750 loss=0.1269
08/11/2026 09:34:02 - INFO - __main__ - [vELECTRA] epoch 1 step 6100/6750 loss=0.1105
08/11/2026 09:34:07 - INFO - __main__ - [vELECTRA] epoch 1 step 6150/6750 loss=0.1771
08/11/2026 09:34:12 - INFO - __main__ - [vELECTRA] epoch 1 step 6200/6750 loss=0.1375
08/11/2026 09:34:16 - INFO - __main__ - [vELECTRA] epoch 1 step 6250/6750 loss=0.1175
08/11/2026 09:34:21 - INFO - __main__ - [vELECTRA] epoch 1 step 6300/6750 loss=0.1185
08/11/2026 09:34:26 - INFO - __main__ - [vELECTRA] epoch 1 step 6350/6750 loss=0.0966
08/11/2026 09:34:31 - INFO - __main__ - [vELECTRA] epoch 1 step 6400/6750 loss=0.1104
08/11/2026 09:34:35 - INFO - __main__ - [vELECTRA] epoch 1 step 6450/6750 loss=0.1167
08/11/2026 09:34:40 - INFO - __main__ - [vELECTRA] epoch 1 step 6500/6750 loss=0.1530
08/11/2026 09:34:45 - INFO - __main__ - [vELECTRA] epoch 1 step 6550/6750 loss=0.0892
08/11/2026 09:34:50 - INFO - __main__ - [vELECTRA] epoch 1 step 6600/6750 loss=0.1202
08/11/2026 09:34:55 - INFO - __main__ - [vELECTRA] epoch 1 step 6650/6750 loss=0.1158
08/11/2026 09:34:59 - INFO - __main__ - [vELECTRA] epoch 1 step 6700/6750 loss=0.1311
08/11/2026 09:35:04 - INFO - __main__ - [vELECTRA] epoch 1 step 6750/6750 loss=0.1650
08/11/2026 09:35:04 - INFO - __main__ - [vELECTRA] Epoch 1 xong sau 642.1s, avg_loss=0.2025
08/11/2026 09:38:54 - INFO - __main__ - [vELECTRA] Epoch 1 - Valid macro F1 = 0.4386
              precision    recall  f1-score   support

      PERIOD     0.8002    0.7848    0.7925    140170
       COMMA     0.6901    0.5718    0.6254    162056
       COLON     0.6373    0.3279    0.4331     10825
       QMARK     0.6723    0.5332    0.5947      4884
      EXCLAM     0.5897    0.0450    0.0836      2556
   SEMICOLON     0.3734    0.0592    0.1021      1944

   micro avg     0.7422    0.6484    0.6921    322435
   macro avg     0.6272    0.3870    0.4386    322435
weighted avg     0.7333    0.6484    0.6837    322435

08/11/2026 09:38:55 - INFO - __main__ - -> [vELECTRA] best checkpoint mới, macro F1 = 0.4386
/root/phopunct/baseline_plain.py:261: FutureWarning: `torch.cuda.amp.autocast(args...)` is deprecated. Please use `torch.amp.autocast('cuda', args...)` instead.
  with torch.cuda.amp.autocast(enabled=use_amp):
08/11/2026 09:39:00 - INFO - __main__ - [vELECTRA] epoch 2 step 50/6750 loss=0.1511
08/11/2026 09:39:05 - INFO - __main__ - [vELECTRA] epoch 2 step 100/6750 loss=0.0956
08/11/2026 09:39:10 - INFO - __main__ - [vELECTRA] epoch 2 step 150/6750 loss=0.1185
08/11/2026 09:39:14 - INFO - __main__ - [vELECTRA] epoch 2 step 200/6750 loss=0.1168
08/11/2026 09:39:19 - INFO - __main__ - [vELECTRA] epoch 2 step 250/6750 loss=0.1365
08/11/2026 09:39:24 - INFO - __main__ - [vELECTRA] epoch 2 step 300/6750 loss=0.1187
08/11/2026 09:39:29 - INFO - __main__ - [vELECTRA] epoch 2 step 350/6750 loss=0.0915
08/11/2026 09:39:33 - INFO - __main__ - [vELECTRA] epoch 2 step 400/6750 loss=0.1107
08/11/2026 09:39:38 - INFO - __main__ - [vELECTRA] epoch 2 step 450/6750 loss=0.0950
08/11/2026 09:39:43 - INFO - __main__ - [vELECTRA] epoch 2 step 500/6750 loss=0.1366
08/11/2026 09:39:48 - INFO - __main__ - [vELECTRA] epoch 2 step 550/6750 loss=0.0918
08/11/2026 09:39:52 - INFO - __main__ - [vELECTRA] epoch 2 step 600/6750 loss=0.1183
08/11/2026 09:39:57 - INFO - __main__ - [vELECTRA] epoch 2 step 650/6750 loss=0.1417
08/11/2026 09:40:02 - INFO - __main__ - [vELECTRA] epoch 2 step 700/6750 loss=0.1375
08/11/2026 09:40:07 - INFO - __main__ - [vELECTRA] epoch 2 step 750/6750 loss=0.1432
08/11/2026 09:40:11 - INFO - __main__ - [vELECTRA] epoch 2 step 800/6750 loss=0.0937
08/11/2026 09:40:16 - INFO - __main__ - [vELECTRA] epoch 2 step 850/6750 loss=0.0922
08/11/2026 09:40:21 - INFO - __main__ - [vELECTRA] epoch 2 step 900/6750 loss=0.1182
08/11/2026 09:40:26 - INFO - __main__ - [vELECTRA] epoch 2 step 950/6750 loss=0.1159
08/11/2026 09:40:30 - INFO - __main__ - [vELECTRA] epoch 2 step 1000/6750 loss=0.1181
08/11/2026 09:40:35 - INFO - __main__ - [vELECTRA] epoch 2 step 1050/6750 loss=0.1367
08/11/2026 09:40:40 - INFO - __main__ - [vELECTRA] epoch 2 step 1100/6750 loss=0.1306
08/11/2026 09:40:44 - INFO - __main__ - [vELECTRA] epoch 2 step 1150/6750 loss=0.1016
08/11/2026 09:40:49 - INFO - __main__ - [vELECTRA] epoch 2 step 1200/6750 loss=0.0778
08/11/2026 09:40:54 - INFO - __main__ - [vELECTRA] epoch 2 step 1250/6750 loss=0.0947
08/11/2026 09:40:59 - INFO - __main__ - [vELECTRA] epoch 2 step 1300/6750 loss=0.1259
08/11/2026 09:41:04 - INFO - __main__ - [vELECTRA] epoch 2 step 1350/6750 loss=0.1299
08/11/2026 09:41:08 - INFO - __main__ - [vELECTRA] epoch 2 step 1400/6750 loss=0.1044
08/11/2026 09:41:13 - INFO - __main__ - [vELECTRA] epoch 2 step 1450/6750 loss=0.1313
08/11/2026 09:41:18 - INFO - __main__ - [vELECTRA] epoch 2 step 1500/6750 loss=0.1115
08/11/2026 09:41:23 - INFO - __main__ - [vELECTRA] epoch 2 step 1550/6750 loss=0.1319
08/11/2026 09:41:27 - INFO - __main__ - [vELECTRA] epoch 2 step 1600/6750 loss=0.1185
08/11/2026 09:41:32 - INFO - __main__ - [vELECTRA] epoch 2 step 1650/6750 loss=0.0953
08/11/2026 09:41:37 - INFO - __main__ - [vELECTRA] epoch 2 step 1700/6750 loss=0.1005
08/11/2026 09:41:42 - INFO - __main__ - [vELECTRA] epoch 2 step 1750/6750 loss=0.1055
08/11/2026 09:41:47 - INFO - __main__ - [vELECTRA] epoch 2 step 1800/6750 loss=0.1151
08/11/2026 09:41:51 - INFO - __main__ - [vELECTRA] epoch 2 step 1850/6750 loss=0.1048
08/11/2026 09:41:56 - INFO - __main__ - [vELECTRA] epoch 2 step 1900/6750 loss=0.1132
08/11/2026 09:42:01 - INFO - __main__ - [vELECTRA] epoch 2 step 1950/6750 loss=0.1243
08/11/2026 09:42:06 - INFO - __main__ - [vELECTRA] epoch 2 step 2000/6750 loss=0.1319
08/11/2026 09:42:10 - INFO - __main__ - [vELECTRA] epoch 2 step 2050/6750 loss=0.1289
08/11/2026 09:42:15 - INFO - __main__ - [vELECTRA] epoch 2 step 2100/6750 loss=0.0981
08/11/2026 09:42:20 - INFO - __main__ - [vELECTRA] epoch 2 step 2150/6750 loss=0.1129
08/11/2026 09:42:25 - INFO - __main__ - [vELECTRA] epoch 2 step 2200/6750 loss=0.1116
08/11/2026 09:42:29 - INFO - __main__ - [vELECTRA] epoch 2 step 2250/6750 loss=0.0875
08/11/2026 09:42:34 - INFO - __main__ - [vELECTRA] epoch 2 step 2300/6750 loss=0.1017
08/11/2026 09:42:39 - INFO - __main__ - [vELECTRA] epoch 2 step 2350/6750 loss=0.1163
08/11/2026 09:42:44 - INFO - __main__ - [vELECTRA] epoch 2 step 2400/6750 loss=0.0969
08/11/2026 09:42:49 - INFO - __main__ - [vELECTRA] epoch 2 step 2450/6750 loss=0.0930
08/11/2026 09:42:53 - INFO - __main__ - [vELECTRA] epoch 2 step 2500/6750 loss=0.0985
08/11/2026 09:42:58 - INFO - __main__ - [vELECTRA] epoch 2 step 2550/6750 loss=0.0981
08/11/2026 09:43:03 - INFO - __main__ - [vELECTRA] epoch 2 step 2600/6750 loss=0.1185
08/11/2026 09:43:08 - INFO - __main__ - [vELECTRA] epoch 2 step 2650/6750 loss=0.1085
08/11/2026 09:43:12 - INFO - __main__ - [vELECTRA] epoch 2 step 2700/6750 loss=0.1120
08/11/2026 09:43:17 - INFO - __main__ - [vELECTRA] epoch 2 step 2750/6750 loss=0.1022
08/11/2026 09:43:22 - INFO - __main__ - [vELECTRA] epoch 2 step 2800/6750 loss=0.1438
08/11/2026 09:43:27 - INFO - __main__ - [vELECTRA] epoch 2 step 2850/6750 loss=0.0944
08/11/2026 09:43:32 - INFO - __main__ - [vELECTRA] epoch 2 step 2900/6750 loss=0.1126
08/11/2026 09:43:36 - INFO - __main__ - [vELECTRA] epoch 2 step 2950/6750 loss=0.1105
08/11/2026 09:43:41 - INFO - __main__ - [vELECTRA] epoch 2 step 3000/6750 loss=0.0970
08/11/2026 09:43:46 - INFO - __main__ - [vELECTRA] epoch 2 step 3050/6750 loss=0.1077
08/11/2026 09:43:51 - INFO - __main__ - [vELECTRA] epoch 2 step 3100/6750 loss=0.1152
08/11/2026 09:43:55 - INFO - __main__ - [vELECTRA] epoch 2 step 3150/6750 loss=0.1245
08/11/2026 09:44:00 - INFO - __main__ - [vELECTRA] epoch 2 step 3200/6750 loss=0.1127
08/11/2026 09:44:05 - INFO - __main__ - [vELECTRA] epoch 2 step 3250/6750 loss=0.1247
08/11/2026 09:44:10 - INFO - __main__ - [vELECTRA] epoch 2 step 3300/6750 loss=0.1048
08/11/2026 09:44:14 - INFO - __main__ - [vELECTRA] epoch 2 step 3350/6750 loss=0.1145
08/11/2026 09:44:19 - INFO - __main__ - [vELECTRA] epoch 2 step 3400/6750 loss=0.1073
08/11/2026 09:44:24 - INFO - __main__ - [vELECTRA] epoch 2 step 3450/6750 loss=0.0841
08/11/2026 09:44:29 - INFO - __main__ - [vELECTRA] epoch 2 step 3500/6750 loss=0.0981
08/11/2026 09:44:34 - INFO - __main__ - [vELECTRA] epoch 2 step 3550/6750 loss=0.1186
08/11/2026 09:44:38 - INFO - __main__ - [vELECTRA] epoch 2 step 3600/6750 loss=0.0923
08/11/2026 09:44:43 - INFO - __main__ - [vELECTRA] epoch 2 step 3650/6750 loss=0.0966
08/11/2026 09:44:48 - INFO - __main__ - [vELECTRA] epoch 2 step 3700/6750 loss=0.0939
08/11/2026 09:44:53 - INFO - __main__ - [vELECTRA] epoch 2 step 3750/6750 loss=0.1087
08/11/2026 09:44:57 - INFO - __main__ - [vELECTRA] epoch 2 step 3800/6750 loss=0.0897
08/11/2026 09:45:02 - INFO - __main__ - [vELECTRA] epoch 2 step 3850/6750 loss=0.0978
08/11/2026 09:45:07 - INFO - __main__ - [vELECTRA] epoch 2 step 3900/6750 loss=0.1295
08/11/2026 09:45:12 - INFO - __main__ - [vELECTRA] epoch 2 step 3950/6750 loss=0.1017
08/11/2026 09:45:16 - INFO - __main__ - [vELECTRA] epoch 2 step 4000/6750 loss=0.1193
08/11/2026 09:45:21 - INFO - __main__ - [vELECTRA] epoch 2 step 4050/6750 loss=0.1114
08/11/2026 09:45:26 - INFO - __main__ - [vELECTRA] epoch 2 step 4100/6750 loss=0.1162
08/11/2026 09:45:31 - INFO - __main__ - [vELECTRA] epoch 2 step 4150/6750 loss=0.0920
08/11/2026 09:45:36 - INFO - __main__ - [vELECTRA] epoch 2 step 4200/6750 loss=0.0981
08/11/2026 09:45:40 - INFO - __main__ - [vELECTRA] epoch 2 step 4250/6750 loss=0.1029
08/11/2026 09:45:45 - INFO - __main__ - [vELECTRA] epoch 2 step 4300/6750 loss=0.0924
08/11/2026 09:45:50 - INFO - __main__ - [vELECTRA] epoch 2 step 4350/6750 loss=0.0822
08/11/2026 09:45:55 - INFO - __main__ - [vELECTRA] epoch 2 step 4400/6750 loss=0.1150
08/11/2026 09:45:59 - INFO - __main__ - [vELECTRA] epoch 2 step 4450/6750 loss=0.0859
08/11/2026 09:46:04 - INFO - __main__ - [vELECTRA] epoch 2 step 4500/6750 loss=0.1037
08/11/2026 09:46:09 - INFO - __main__ - [vELECTRA] epoch 2 step 4550/6750 loss=0.1015
08/11/2026 09:46:14 - INFO - __main__ - [vELECTRA] epoch 2 step 4600/6750 loss=0.0871
08/11/2026 09:46:18 - INFO - __main__ - [vELECTRA] epoch 2 step 4650/6750 loss=0.0785
08/11/2026 09:46:23 - INFO - __main__ - [vELECTRA] epoch 2 step 4700/6750 loss=0.1076
08/11/2026 09:46:28 - INFO - __main__ - [vELECTRA] epoch 2 step 4750/6750 loss=0.1020
08/11/2026 09:46:33 - INFO - __main__ - [vELECTRA] epoch 2 step 4800/6750 loss=0.1061
08/11/2026 09:46:37 - INFO - __main__ - [vELECTRA] epoch 2 step 4850/6750 loss=0.1096
08/11/2026 09:46:42 - INFO - __main__ - [vELECTRA] epoch 2 step 4900/6750 loss=0.1070
08/11/2026 09:46:47 - INFO - __main__ - [vELECTRA] epoch 2 step 4950/6750 loss=0.0888
08/11/2026 09:46:52 - INFO - __main__ - [vELECTRA] epoch 2 step 5000/6750 loss=0.1188
08/11/2026 09:46:56 - INFO - __main__ - [vELECTRA] epoch 2 step 5050/6750 loss=0.1001
08/11/2026 09:47:01 - INFO - __main__ - [vELECTRA] epoch 2 step 5100/6750 loss=0.1060
08/11/2026 09:47:06 - INFO - __main__ - [vELECTRA] epoch 2 step 5150/6750 loss=0.1241
08/11/2026 09:47:11 - INFO - __main__ - [vELECTRA] epoch 2 step 5200/6750 loss=0.1178
08/11/2026 09:47:15 - INFO - __main__ - [vELECTRA] epoch 2 step 5250/6750 loss=0.0944
08/11/2026 09:47:20 - INFO - __main__ - [vELECTRA] epoch 2 step 5300/6750 loss=0.1369
08/11/2026 09:47:25 - INFO - __main__ - [vELECTRA] epoch 2 step 5350/6750 loss=0.1051
08/11/2026 09:47:30 - INFO - __main__ - [vELECTRA] epoch 2 step 5400/6750 loss=0.1303
08/11/2026 09:47:34 - INFO - __main__ - [vELECTRA] epoch 2 step 5450/6750 loss=0.1103
08/11/2026 09:47:39 - INFO - __main__ - [vELECTRA] epoch 2 step 5500/6750 loss=0.1316
08/11/2026 09:47:44 - INFO - __main__ - [vELECTRA] epoch 2 step 5550/6750 loss=0.1133
08/11/2026 09:47:49 - INFO - __main__ - [vELECTRA] epoch 2 step 5600/6750 loss=0.1169
08/11/2026 09:47:53 - INFO - __main__ - [vELECTRA] epoch 2 step 5650/6750 loss=0.0997
08/11/2026 09:47:58 - INFO - __main__ - [vELECTRA] epoch 2 step 5700/6750 loss=0.0692
08/11/2026 09:48:03 - INFO - __main__ - [vELECTRA] epoch 2 step 5750/6750 loss=0.1006
08/11/2026 09:48:08 - INFO - __main__ - [vELECTRA] epoch 2 step 5800/6750 loss=0.0970
08/11/2026 09:48:12 - INFO - __main__ - [vELECTRA] epoch 2 step 5850/6750 loss=0.0942
08/11/2026 09:48:17 - INFO - __main__ - [vELECTRA] epoch 2 step 5900/6750 loss=0.1051
08/11/2026 09:48:22 - INFO - __main__ - [vELECTRA] epoch 2 step 5950/6750 loss=0.1040
08/11/2026 09:48:27 - INFO - __main__ - [vELECTRA] epoch 2 step 6000/6750 loss=0.0864
08/11/2026 09:48:31 - INFO - __main__ - [vELECTRA] epoch 2 step 6050/6750 loss=0.1316
08/11/2026 09:48:36 - INFO - __main__ - [vELECTRA] epoch 2 step 6100/6750 loss=0.0803
08/11/2026 09:48:41 - INFO - __main__ - [vELECTRA] epoch 2 step 6150/6750 loss=0.1345
08/11/2026 09:48:46 - INFO - __main__ - [vELECTRA] epoch 2 step 6200/6750 loss=0.1508
08/11/2026 09:48:51 - INFO - __main__ - [vELECTRA] epoch 2 step 6250/6750 loss=0.1062
08/11/2026 09:48:55 - INFO - __main__ - [vELECTRA] epoch 2 step 6300/6750 loss=0.0970
08/11/2026 09:49:00 - INFO - __main__ - [vELECTRA] epoch 2 step 6350/6750 loss=0.0882
08/11/2026 09:49:05 - INFO - __main__ - [vELECTRA] epoch 2 step 6400/6750 loss=0.1137
08/11/2026 09:49:09 - INFO - __main__ - [vELECTRA] epoch 2 step 6450/6750 loss=0.1034
08/11/2026 09:49:14 - INFO - __main__ - [vELECTRA] epoch 2 step 6500/6750 loss=0.0628
08/11/2026 09:49:19 - INFO - __main__ - [vELECTRA] epoch 2 step 6550/6750 loss=0.1005
08/11/2026 09:49:24 - INFO - __main__ - [vELECTRA] epoch 2 step 6600/6750 loss=0.1125
08/11/2026 09:49:28 - INFO - __main__ - [vELECTRA] epoch 2 step 6650/6750 loss=0.1269
08/11/2026 09:49:33 - INFO - __main__ - [vELECTRA] epoch 2 step 6700/6750 loss=0.1110
08/11/2026 09:49:38 - INFO - __main__ - [vELECTRA] epoch 2 step 6750/6750 loss=0.1446
08/11/2026 09:49:38 - INFO - __main__ - [vELECTRA] Epoch 2 xong sau 642.5s, avg_loss=0.1072
08/11/2026 09:53:27 - INFO - __main__ - [vELECTRA] Epoch 2 - Valid macro F1 = 0.4898
              precision    recall  f1-score   support

      PERIOD     0.8162    0.8264    0.8213    140170
       COMMA     0.7280    0.6205    0.6700    162056
       COLON     0.6719    0.3856    0.4900     10825
       QMARK     0.7166    0.5954    0.6504      4884
      EXCLAM     0.5219    0.0884    0.1512      2556
   SEMICOLON     0.4423    0.0947    0.1559      1944

   micro avg     0.7689    0.6944    0.7297    322435
   macro avg     0.6495    0.4352    0.4898    322435
weighted avg     0.7609    0.6944    0.7222    322435

08/11/2026 09:53:29 - INFO - __main__ - -> [vELECTRA] best checkpoint mới, macro F1 = 0.4898
/root/phopunct/baseline_plain.py:261: FutureWarning: `torch.cuda.amp.autocast(args...)` is deprecated. Please use `torch.amp.autocast('cuda', args...)` instead.
  with torch.cuda.amp.autocast(enabled=use_amp):
08/11/2026 09:53:34 - INFO - __main__ - [vELECTRA] epoch 3 step 50/6750 loss=0.1138
08/11/2026 09:53:38 - INFO - __main__ - [vELECTRA] epoch 3 step 100/6750 loss=0.1094
08/11/2026 09:53:43 - INFO - __main__ - [vELECTRA] epoch 3 step 150/6750 loss=0.0853
08/11/2026 09:53:48 - INFO - __main__ - [vELECTRA] epoch 3 step 200/6750 loss=0.0732
08/11/2026 09:53:53 - INFO - __main__ - [vELECTRA] epoch 3 step 250/6750 loss=0.0989
08/11/2026 09:53:57 - INFO - __main__ - [vELECTRA] epoch 3 step 300/6750 loss=0.1016
08/11/2026 09:54:02 - INFO - __main__ - [vELECTRA] epoch 3 step 350/6750 loss=0.0977
08/11/2026 09:54:07 - INFO - __main__ - [vELECTRA] epoch 3 step 400/6750 loss=0.0858
08/11/2026 09:54:12 - INFO - __main__ - [vELECTRA] epoch 3 step 450/6750 loss=0.0892
08/11/2026 09:54:16 - INFO - __main__ - [vELECTRA] epoch 3 step 500/6750 loss=0.0899
08/11/2026 09:54:21 - INFO - __main__ - [vELECTRA] epoch 3 step 550/6750 loss=0.0690
08/11/2026 09:54:26 - INFO - __main__ - [vELECTRA] epoch 3 step 600/6750 loss=0.0630
08/11/2026 09:54:31 - INFO - __main__ - [vELECTRA] epoch 3 step 650/6750 loss=0.0769
08/11/2026 09:54:35 - INFO - __main__ - [vELECTRA] epoch 3 step 700/6750 loss=0.0966
08/11/2026 09:54:40 - INFO - __main__ - [vELECTRA] epoch 3 step 750/6750 loss=0.0954
08/11/2026 09:54:45 - INFO - __main__ - [vELECTRA] epoch 3 step 800/6750 loss=0.1008
08/11/2026 09:54:50 - INFO - __main__ - [vELECTRA] epoch 3 step 850/6750 loss=0.0900
08/11/2026 09:54:54 - INFO - __main__ - [vELECTRA] epoch 3 step 900/6750 loss=0.1200
08/11/2026 09:54:59 - INFO - __main__ - [vELECTRA] epoch 3 step 950/6750 loss=0.0951
08/11/2026 09:55:04 - INFO - __main__ - [vELECTRA] epoch 3 step 1000/6750 loss=0.1008
08/11/2026 09:55:09 - INFO - __main__ - [vELECTRA] epoch 3 step 1050/6750 loss=0.0764
08/11/2026 09:55:13 - INFO - __main__ - [vELECTRA] epoch 3 step 1100/6750 loss=0.0940
08/11/2026 09:55:18 - INFO - __main__ - [vELECTRA] epoch 3 step 1150/6750 loss=0.0732
08/11/2026 09:55:23 - INFO - __main__ - [vELECTRA] epoch 3 step 1200/6750 loss=0.1429
08/11/2026 09:55:28 - INFO - __main__ - [vELECTRA] epoch 3 step 1250/6750 loss=0.0748
08/11/2026 09:55:32 - INFO - __main__ - [vELECTRA] epoch 3 step 1300/6750 loss=0.0931
08/11/2026 09:55:37 - INFO - __main__ - [vELECTRA] epoch 3 step 1350/6750 loss=0.0574
08/11/2026 09:55:42 - INFO - __main__ - [vELECTRA] epoch 3 step 1400/6750 loss=0.0957
08/11/2026 09:55:47 - INFO - __main__ - [vELECTRA] epoch 3 step 1450/6750 loss=0.0759
08/11/2026 09:55:51 - INFO - __main__ - [vELECTRA] epoch 3 step 1500/6750 loss=0.0833
08/11/2026 09:55:56 - INFO - __main__ - [vELECTRA] epoch 3 step 1550/6750 loss=0.0915
08/11/2026 09:56:01 - INFO - __main__ - [vELECTRA] epoch 3 step 1600/6750 loss=0.0873
08/11/2026 09:56:06 - INFO - __main__ - [vELECTRA] epoch 3 step 1650/6750 loss=0.1048
08/11/2026 09:56:11 - INFO - __main__ - [vELECTRA] epoch 3 step 1700/6750 loss=0.1107
08/11/2026 09:56:15 - INFO - __main__ - [vELECTRA] epoch 3 step 1750/6750 loss=0.0944
08/11/2026 09:56:20 - INFO - __main__ - [vELECTRA] epoch 3 step 1800/6750 loss=0.0843
08/11/2026 09:56:25 - INFO - __main__ - [vELECTRA] epoch 3 step 1850/6750 loss=0.1051
08/11/2026 09:56:30 - INFO - __main__ - [vELECTRA] epoch 3 step 1900/6750 loss=0.1061
08/11/2026 09:56:34 - INFO - __main__ - [vELECTRA] epoch 3 step 1950/6750 loss=0.0882
08/11/2026 09:56:39 - INFO - __main__ - [vELECTRA] epoch 3 step 2000/6750 loss=0.0745
08/11/2026 09:56:44 - INFO - __main__ - [vELECTRA] epoch 3 step 2050/6750 loss=0.0556
08/11/2026 09:56:49 - INFO - __main__ - [vELECTRA] epoch 3 step 2100/6750 loss=0.0926
08/11/2026 09:56:54 - INFO - __main__ - [vELECTRA] epoch 3 step 2150/6750 loss=0.0583
08/11/2026 09:56:58 - INFO - __main__ - [vELECTRA] epoch 3 step 2200/6750 loss=0.0808
08/11/2026 09:57:03 - INFO - __main__ - [vELECTRA] epoch 3 step 2250/6750 loss=0.0712
08/11/2026 09:57:08 - INFO - __main__ - [vELECTRA] epoch 3 step 2300/6750 loss=0.0969
08/11/2026 09:57:13 - INFO - __main__ - [vELECTRA] epoch 3 step 2350/6750 loss=0.0652
08/11/2026 09:57:17 - INFO - __main__ - [vELECTRA] epoch 3 step 2400/6750 loss=0.0941
08/11/2026 09:57:22 - INFO - __main__ - [vELECTRA] epoch 3 step 2450/6750 loss=0.0785
08/11/2026 09:57:27 - INFO - __main__ - [vELECTRA] epoch 3 step 2500/6750 loss=0.1181
08/11/2026 09:57:32 - INFO - __main__ - [vELECTRA] epoch 3 step 2550/6750 loss=0.1014
08/11/2026 09:57:36 - INFO - __main__ - [vELECTRA] epoch 3 step 2600/6750 loss=0.0944
08/11/2026 09:57:41 - INFO - __main__ - [vELECTRA] epoch 3 step 2650/6750 loss=0.0923
08/11/2026 09:57:46 - INFO - __main__ - [vELECTRA] epoch 3 step 2700/6750 loss=0.0841
08/11/2026 09:57:51 - INFO - __main__ - [vELECTRA] epoch 3 step 2750/6750 loss=0.0790
08/11/2026 09:57:55 - INFO - __main__ - [vELECTRA] epoch 3 step 2800/6750 loss=0.0650
08/11/2026 09:58:00 - INFO - __main__ - [vELECTRA] epoch 3 step 2850/6750 loss=0.0787
08/11/2026 09:58:05 - INFO - __main__ - [vELECTRA] epoch 3 step 2900/6750 loss=0.1099
08/11/2026 09:58:10 - INFO - __main__ - [vELECTRA] epoch 3 step 2950/6750 loss=0.0888
08/11/2026 09:58:15 - INFO - __main__ - [vELECTRA] epoch 3 step 3000/6750 loss=0.0870
08/11/2026 09:58:19 - INFO - __main__ - [vELECTRA] epoch 3 step 3050/6750 loss=0.0801
08/11/2026 09:58:24 - INFO - __main__ - [vELECTRA] epoch 3 step 3100/6750 loss=0.0636
08/11/2026 09:58:29 - INFO - __main__ - [vELECTRA] epoch 3 step 3150/6750 loss=0.0597
08/11/2026 09:58:34 - INFO - __main__ - [vELECTRA] epoch 3 step 3200/6750 loss=0.0796
08/11/2026 09:58:38 - INFO - __main__ - [vELECTRA] epoch 3 step 3250/6750 loss=0.0689
08/11/2026 09:58:43 - INFO - __main__ - [vELECTRA] epoch 3 step 3300/6750 loss=0.0738
08/11/2026 09:58:48 - INFO - __main__ - [vELECTRA] epoch 3 step 3350/6750 loss=0.0761
08/11/2026 09:58:53 - INFO - __main__ - [vELECTRA] epoch 3 step 3400/6750 loss=0.0712
08/11/2026 09:58:57 - INFO - __main__ - [vELECTRA] epoch 3 step 3450/6750 loss=0.0803
08/11/2026 09:59:02 - INFO - __main__ - [vELECTRA] epoch 3 step 3500/6750 loss=0.0988
08/11/2026 09:59:07 - INFO - __main__ - [vELECTRA] epoch 3 step 3550/6750 loss=0.1044
08/11/2026 09:59:12 - INFO - __main__ - [vELECTRA] epoch 3 step 3600/6750 loss=0.1018
08/11/2026 09:59:16 - INFO - __main__ - [vELECTRA] epoch 3 step 3650/6750 loss=0.1014
08/11/2026 09:59:21 - INFO - __main__ - [vELECTRA] epoch 3 step 3700/6750 loss=0.1027
08/11/2026 09:59:26 - INFO - __main__ - [vELECTRA] epoch 3 step 3750/6750 loss=0.0864
08/11/2026 09:59:31 - INFO - __main__ - [vELECTRA] epoch 3 step 3800/6750 loss=0.0857
08/11/2026 09:59:35 - INFO - __main__ - [vELECTRA] epoch 3 step 3850/6750 loss=0.0824
08/11/2026 09:59:40 - INFO - __main__ - [vELECTRA] epoch 3 step 3900/6750 loss=0.0864
08/11/2026 09:59:45 - INFO - __main__ - [vELECTRA] epoch 3 step 3950/6750 loss=0.0981
08/11/2026 09:59:50 - INFO - __main__ - [vELECTRA] epoch 3 step 4000/6750 loss=0.0880
08/11/2026 09:59:55 - INFO - __main__ - [vELECTRA] epoch 3 step 4050/6750 loss=0.0800
08/11/2026 09:59:59 - INFO - __main__ - [vELECTRA] epoch 3 step 4100/6750 loss=0.1054
08/11/2026 10:00:04 - INFO - __main__ - [vELECTRA] epoch 3 step 4150/6750 loss=0.0908
08/11/2026 10:00:09 - INFO - __main__ - [vELECTRA] epoch 3 step 4200/6750 loss=0.0617
08/11/2026 10:00:14 - INFO - __main__ - [vELECTRA] epoch 3 step 4250/6750 loss=0.0704
08/11/2026 10:00:18 - INFO - __main__ - [vELECTRA] epoch 3 step 4300/6750 loss=0.0719
08/11/2026 10:00:23 - INFO - __main__ - [vELECTRA] epoch 3 step 4350/6750 loss=0.0695
08/11/2026 10:00:28 - INFO - __main__ - [vELECTRA] epoch 3 step 4400/6750 loss=0.0790
08/11/2026 10:00:33 - INFO - __main__ - [vELECTRA] epoch 3 step 4450/6750 loss=0.0718
08/11/2026 10:00:37 - INFO - __main__ - [vELECTRA] epoch 3 step 4500/6750 loss=0.1005
08/11/2026 10:00:42 - INFO - __main__ - [vELECTRA] epoch 3 step 4550/6750 loss=0.0676
08/11/2026 10:00:47 - INFO - __main__ - [vELECTRA] epoch 3 step 4600/6750 loss=0.1050
08/11/2026 10:00:52 - INFO - __main__ - [vELECTRA] epoch 3 step 4650/6750 loss=0.1337
08/11/2026 10:00:56 - INFO - __main__ - [vELECTRA] epoch 3 step 4700/6750 loss=0.0606
08/11/2026 10:01:01 - INFO - __main__ - [vELECTRA] epoch 3 step 4750/6750 loss=0.1122
08/11/2026 10:01:06 - INFO - __main__ - [vELECTRA] epoch 3 step 4800/6750 loss=0.0913
08/11/2026 10:01:11 - INFO - __main__ - [vELECTRA] epoch 3 step 4850/6750 loss=0.0781
08/11/2026 10:01:15 - INFO - __main__ - [vELECTRA] epoch 3 step 4900/6750 loss=0.0770
08/11/2026 10:01:20 - INFO - __main__ - [vELECTRA] epoch 3 step 4950/6750 loss=0.0827
08/11/2026 10:01:25 - INFO - __main__ - [vELECTRA] epoch 3 step 5000/6750 loss=0.1159
08/11/2026 10:01:30 - INFO - __main__ - [vELECTRA] epoch 3 step 5050/6750 loss=0.1001
08/11/2026 10:01:34 - INFO - __main__ - [vELECTRA] epoch 3 step 5100/6750 loss=0.0701
08/11/2026 10:01:39 - INFO - __main__ - [vELECTRA] epoch 3 step 5150/6750 loss=0.0761
08/11/2026 10:01:44 - INFO - __main__ - [vELECTRA] epoch 3 step 5200/6750 loss=0.0917
08/11/2026 10:01:49 - INFO - __main__ - [vELECTRA] epoch 3 step 5250/6750 loss=0.0742
08/11/2026 10:01:53 - INFO - __main__ - [vELECTRA] epoch 3 step 5300/6750 loss=0.0946
08/11/2026 10:01:58 - INFO - __main__ - [vELECTRA] epoch 3 step 5350/6750 loss=0.0826
08/11/2026 10:02:03 - INFO - __main__ - [vELECTRA] epoch 3 step 5400/6750 loss=0.0896
08/11/2026 10:02:08 - INFO - __main__ - [vELECTRA] epoch 3 step 5450/6750 loss=0.0681
08/11/2026 10:02:13 - INFO - __main__ - [vELECTRA] epoch 3 step 5500/6750 loss=0.0893
08/11/2026 10:02:17 - INFO - __main__ - [vELECTRA] epoch 3 step 5550/6750 loss=0.0988
08/11/2026 10:02:22 - INFO - __main__ - [vELECTRA] epoch 3 step 5600/6750 loss=0.0958
08/11/2026 10:02:27 - INFO - __main__ - [vELECTRA] epoch 3 step 5650/6750 loss=0.0743
08/11/2026 10:02:31 - INFO - __main__ - [vELECTRA] epoch 3 step 5700/6750 loss=0.0776
08/11/2026 10:02:36 - INFO - __main__ - [vELECTRA] epoch 3 step 5750/6750 loss=0.0739
08/11/2026 10:02:41 - INFO - __main__ - [vELECTRA] epoch 3 step 5800/6750 loss=0.0927
08/11/2026 10:02:46 - INFO - __main__ - [vELECTRA] epoch 3 step 5850/6750 loss=0.1037
08/11/2026 10:02:51 - INFO - __main__ - [vELECTRA] epoch 3 step 5900/6750 loss=0.0665
08/11/2026 10:02:55 - INFO - __main__ - [vELECTRA] epoch 3 step 5950/6750 loss=0.0837
08/11/2026 10:03:00 - INFO - __main__ - [vELECTRA] epoch 3 step 6000/6750 loss=0.0810
08/11/2026 10:03:05 - INFO - __main__ - [vELECTRA] epoch 3 step 6050/6750 loss=0.0756
08/11/2026 10:03:09 - INFO - __main__ - [vELECTRA] epoch 3 step 6100/6750 loss=0.0927
08/11/2026 10:03:14 - INFO - __main__ - [vELECTRA] epoch 3 step 6150/6750 loss=0.0813
08/11/2026 10:03:19 - INFO - __main__ - [vELECTRA] epoch 3 step 6200/6750 loss=0.0948
08/11/2026 10:03:24 - INFO - __main__ - [vELECTRA] epoch 3 step 6250/6750 loss=0.0908
08/11/2026 10:03:28 - INFO - __main__ - [vELECTRA] epoch 3 step 6300/6750 loss=0.0773
08/11/2026 10:03:33 - INFO - __main__ - [vELECTRA] epoch 3 step 6350/6750 loss=0.0961
08/11/2026 10:03:38 - INFO - __main__ - [vELECTRA] epoch 3 step 6400/6750 loss=0.0640
08/11/2026 10:03:43 - INFO - __main__ - [vELECTRA] epoch 3 step 6450/6750 loss=0.0741
08/11/2026 10:03:47 - INFO - __main__ - [vELECTRA] epoch 3 step 6500/6750 loss=0.0953
08/11/2026 10:03:52 - INFO - __main__ - [vELECTRA] epoch 3 step 6550/6750 loss=0.0713
08/11/2026 10:03:57 - INFO - __main__ - [vELECTRA] epoch 3 step 6600/6750 loss=0.0947
08/11/2026 10:04:02 - INFO - __main__ - [vELECTRA] epoch 3 step 6650/6750 loss=0.0926
08/11/2026 10:04:06 - INFO - __main__ - [vELECTRA] epoch 3 step 6700/6750 loss=0.0693
08/11/2026 10:04:11 - INFO - __main__ - [vELECTRA] epoch 3 step 6750/6750 loss=0.0719
08/11/2026 10:04:11 - INFO - __main__ - [vELECTRA] Epoch 3 xong sau 642.2s, avg_loss=0.0875
08/11/2026 10:08:01 - INFO - __main__ - [vELECTRA] Epoch 3 - Valid macro F1 = 0.5088
              precision    recall  f1-score   support

      PERIOD     0.8334    0.8324    0.8329    140170
       COMMA     0.7381    0.6371    0.6839    162056
       COLON     0.6352    0.4588    0.5327     10825
       QMARK     0.7198    0.6323    0.6732      4884
      EXCLAM     0.4480    0.1146    0.1826      2556
   SEMICOLON     0.4584    0.0880    0.1476      1944

   micro avg     0.7796    0.7085    0.7423    322435
   macro avg     0.6388    0.4605    0.5088    322435
weighted avg     0.7718    0.7085    0.7362    322435

08/11/2026 10:08:03 - INFO - __main__ - -> [vELECTRA] best checkpoint mới, macro F1 = 0.5088
/root/phopunct/baseline_plain.py:261: FutureWarning: `torch.cuda.amp.autocast(args...)` is deprecated. Please use `torch.amp.autocast('cuda', args...)` instead.
  with torch.cuda.amp.autocast(enabled=use_amp):
08/11/2026 10:08:07 - INFO - __main__ - [vELECTRA] epoch 4 step 50/6750 loss=0.0824
08/11/2026 10:08:12 - INFO - __main__ - [vELECTRA] epoch 4 step 100/6750 loss=0.0948
08/11/2026 10:08:17 - INFO - __main__ - [vELECTRA] epoch 4 step 150/6750 loss=0.0730
08/11/2026 10:08:22 - INFO - __main__ - [vELECTRA] epoch 4 step 200/6750 loss=0.0834
08/11/2026 10:08:26 - INFO - __main__ - [vELECTRA] epoch 4 step 250/6750 loss=0.0808
08/11/2026 10:08:31 - INFO - __main__ - [vELECTRA] epoch 4 step 300/6750 loss=0.0650
08/11/2026 10:08:36 - INFO - __main__ - [vELECTRA] epoch 4 step 350/6750 loss=0.0385
08/11/2026 10:08:40 - INFO - __main__ - [vELECTRA] epoch 4 step 400/6750 loss=0.0640
08/11/2026 10:08:45 - INFO - __main__ - [vELECTRA] epoch 4 step 450/6750 loss=0.0803
08/11/2026 10:08:50 - INFO - __main__ - [vELECTRA] epoch 4 step 500/6750 loss=0.0798
08/11/2026 10:08:55 - INFO - __main__ - [vELECTRA] epoch 4 step 550/6750 loss=0.0597
08/11/2026 10:08:59 - INFO - __main__ - [vELECTRA] epoch 4 step 600/6750 loss=0.0681
08/11/2026 10:09:04 - INFO - __main__ - [vELECTRA] epoch 4 step 650/6750 loss=0.1058
08/11/2026 10:09:09 - INFO - __main__ - [vELECTRA] epoch 4 step 700/6750 loss=0.0715
08/11/2026 10:09:14 - INFO - __main__ - [vELECTRA] epoch 4 step 750/6750 loss=0.0729
08/11/2026 10:09:19 - INFO - __main__ - [vELECTRA] epoch 4 step 800/6750 loss=0.0687
08/11/2026 10:09:23 - INFO - __main__ - [vELECTRA] epoch 4 step 850/6750 loss=0.0831
08/11/2026 10:09:28 - INFO - __main__ - [vELECTRA] epoch 4 step 900/6750 loss=0.0595
08/11/2026 10:09:33 - INFO - __main__ - [vELECTRA] epoch 4 step 950/6750 loss=0.0690
08/11/2026 10:09:38 - INFO - __main__ - [vELECTRA] epoch 4 step 1000/6750 loss=0.0697
08/11/2026 10:09:42 - INFO - __main__ - [vELECTRA] epoch 4 step 1050/6750 loss=0.0849
08/11/2026 10:09:47 - INFO - __main__ - [vELECTRA] epoch 4 step 1100/6750 loss=0.1241
08/11/2026 10:09:52 - INFO - __main__ - [vELECTRA] epoch 4 step 1150/6750 loss=0.0764
08/11/2026 10:09:57 - INFO - __main__ - [vELECTRA] epoch 4 step 1200/6750 loss=0.0606
08/11/2026 10:10:01 - INFO - __main__ - [vELECTRA] epoch 4 step 1250/6750 loss=0.0669
08/11/2026 10:10:06 - INFO - __main__ - [vELECTRA] epoch 4 step 1300/6750 loss=0.0656
08/11/2026 10:10:11 - INFO - __main__ - [vELECTRA] epoch 4 step 1350/6750 loss=0.0660
08/11/2026 10:10:16 - INFO - __main__ - [vELECTRA] epoch 4 step 1400/6750 loss=0.0818
08/11/2026 10:10:20 - INFO - __main__ - [vELECTRA] epoch 4 step 1450/6750 loss=0.0881
08/11/2026 10:10:25 - INFO - __main__ - [vELECTRA] epoch 4 step 1500/6750 loss=0.0631
08/11/2026 10:10:30 - INFO - __main__ - [vELECTRA] epoch 4 step 1550/6750 loss=0.0735
08/11/2026 10:10:35 - INFO - __main__ - [vELECTRA] epoch 4 step 1600/6750 loss=0.0973
08/11/2026 10:10:39 - INFO - __main__ - [vELECTRA] epoch 4 step 1650/6750 loss=0.0961
08/11/2026 10:10:44 - INFO - __main__ - [vELECTRA] epoch 4 step 1700/6750 loss=0.0714
08/11/2026 10:10:49 - INFO - __main__ - [vELECTRA] epoch 4 step 1750/6750 loss=0.1009
08/11/2026 10:10:54 - INFO - __main__ - [vELECTRA] epoch 4 step 1800/6750 loss=0.0810
08/11/2026 10:10:59 - INFO - __main__ - [vELECTRA] epoch 4 step 1850/6750 loss=0.0596
08/11/2026 10:11:03 - INFO - __main__ - [vELECTRA] epoch 4 step 1900/6750 loss=0.0642
08/11/2026 10:11:08 - INFO - __main__ - [vELECTRA] epoch 4 step 1950/6750 loss=0.1047
08/11/2026 10:11:13 - INFO - __main__ - [vELECTRA] epoch 4 step 2000/6750 loss=0.0808
08/11/2026 10:11:18 - INFO - __main__ - [vELECTRA] epoch 4 step 2050/6750 loss=0.0529
08/11/2026 10:11:22 - INFO - __main__ - [vELECTRA] epoch 4 step 2100/6750 loss=0.0700
08/11/2026 10:11:27 - INFO - __main__ - [vELECTRA] epoch 4 step 2150/6750 loss=0.0986
08/11/2026 10:11:32 - INFO - __main__ - [vELECTRA] epoch 4 step 2200/6750 loss=0.0857
08/11/2026 10:11:37 - INFO - __main__ - [vELECTRA] epoch 4 step 2250/6750 loss=0.0651
08/11/2026 10:11:41 - INFO - __main__ - [vELECTRA] epoch 4 step 2300/6750 loss=0.0409
08/11/2026 10:11:46 - INFO - __main__ - [vELECTRA] epoch 4 step 2350/6750 loss=0.0698
08/11/2026 10:11:51 - INFO - __main__ - [vELECTRA] epoch 4 step 2400/6750 loss=0.0565
08/11/2026 10:11:56 - INFO - __main__ - [vELECTRA] epoch 4 step 2450/6750 loss=0.1017
08/11/2026 10:12:00 - INFO - __main__ - [vELECTRA] epoch 4 step 2500/6750 loss=0.0552
08/11/2026 10:12:05 - INFO - __main__ - [vELECTRA] epoch 4 step 2550/6750 loss=0.0722
08/11/2026 10:12:10 - INFO - __main__ - [vELECTRA] epoch 4 step 2600/6750 loss=0.0625
08/11/2026 10:12:15 - INFO - __main__ - [vELECTRA] epoch 4 step 2650/6750 loss=0.0806
08/11/2026 10:12:19 - INFO - __main__ - [vELECTRA] epoch 4 step 2700/6750 loss=0.0607
08/11/2026 10:12:24 - INFO - __main__ - [vELECTRA] epoch 4 step 2750/6750 loss=0.0605
08/11/2026 10:12:29 - INFO - __main__ - [vELECTRA] epoch 4 step 2800/6750 loss=0.0675
08/11/2026 10:12:34 - INFO - __main__ - [vELECTRA] epoch 4 step 2850/6750 loss=0.0720
08/11/2026 10:12:38 - INFO - __main__ - [vELECTRA] epoch 4 step 2900/6750 loss=0.1178
08/11/2026 10:12:43 - INFO - __main__ - [vELECTRA] epoch 4 step 2950/6750 loss=0.0884
08/11/2026 10:12:48 - INFO - __main__ - [vELECTRA] epoch 4 step 3000/6750 loss=0.0888
08/11/2026 10:12:53 - INFO - __main__ - [vELECTRA] epoch 4 step 3050/6750 loss=0.0916
08/11/2026 10:12:57 - INFO - __main__ - [vELECTRA] epoch 4 step 3100/6750 loss=0.0868
08/11/2026 10:13:02 - INFO - __main__ - [vELECTRA] epoch 4 step 3150/6750 loss=0.0619
08/11/2026 10:13:07 - INFO - __main__ - [vELECTRA] epoch 4 step 3200/6750 loss=0.0635
08/11/2026 10:13:12 - INFO - __main__ - [vELECTRA] epoch 4 step 3250/6750 loss=0.0824
08/11/2026 10:13:16 - INFO - __main__ - [vELECTRA] epoch 4 step 3300/6750 loss=0.0966
08/11/2026 10:13:21 - INFO - __main__ - [vELECTRA] epoch 4 step 3350/6750 loss=0.0855
08/11/2026 10:13:26 - INFO - __main__ - [vELECTRA] epoch 4 step 3400/6750 loss=0.0674
08/11/2026 10:13:31 - INFO - __main__ - [vELECTRA] epoch 4 step 3450/6750 loss=0.0687
08/11/2026 10:13:35 - INFO - __main__ - [vELECTRA] epoch 4 step 3500/6750 loss=0.0560
08/11/2026 10:13:40 - INFO - __main__ - [vELECTRA] epoch 4 step 3550/6750 loss=0.0967
08/11/2026 10:13:45 - INFO - __main__ - [vELECTRA] epoch 4 step 3600/6750 loss=0.0618
08/11/2026 10:13:50 - INFO - __main__ - [vELECTRA] epoch 4 step 3650/6750 loss=0.0581
08/11/2026 10:13:55 - INFO - __main__ - [vELECTRA] epoch 4 step 3700/6750 loss=0.0923
08/11/2026 10:13:59 - INFO - __main__ - [vELECTRA] epoch 4 step 3750/6750 loss=0.0962
08/11/2026 10:14:04 - INFO - __main__ - [vELECTRA] epoch 4 step 3800/6750 loss=0.0881
08/11/2026 10:14:09 - INFO - __main__ - [vELECTRA] epoch 4 step 3850/6750 loss=0.0580
08/11/2026 10:14:14 - INFO - __main__ - [vELECTRA] epoch 4 step 3900/6750 loss=0.0483
08/11/2026 10:14:18 - INFO - __main__ - [vELECTRA] epoch 4 step 3950/6750 loss=0.0950
08/11/2026 10:14:23 - INFO - __main__ - [vELECTRA] epoch 4 step 4000/6750 loss=0.0800
08/11/2026 10:14:28 - INFO - __main__ - [vELECTRA] epoch 4 step 4050/6750 loss=0.0864
08/11/2026 10:14:33 - INFO - __main__ - [vELECTRA] epoch 4 step 4100/6750 loss=0.0822
08/11/2026 10:14:37 - INFO - __main__ - [vELECTRA] epoch 4 step 4150/6750 loss=0.0723
08/11/2026 10:14:42 - INFO - __main__ - [vELECTRA] epoch 4 step 4200/6750 loss=0.0616
08/11/2026 10:14:47 - INFO - __main__ - [vELECTRA] epoch 4 step 4250/6750 loss=0.0583
08/11/2026 10:14:52 - INFO - __main__ - [vELECTRA] epoch 4 step 4300/6750 loss=0.0759
08/11/2026 10:14:57 - INFO - __main__ - [vELECTRA] epoch 4 step 4350/6750 loss=0.0858
08/11/2026 10:15:01 - INFO - __main__ - [vELECTRA] epoch 4 step 4400/6750 loss=0.0579
08/11/2026 10:15:06 - INFO - __main__ - [vELECTRA] epoch 4 step 4450/6750 loss=0.0861
08/11/2026 10:15:11 - INFO - __main__ - [vELECTRA] epoch 4 step 4500/6750 loss=0.0640
08/11/2026 10:15:16 - INFO - __main__ - [vELECTRA] epoch 4 step 4550/6750 loss=0.0692
08/11/2026 10:15:20 - INFO - __main__ - [vELECTRA] epoch 4 step 4600/6750 loss=0.0753
08/11/2026 10:15:25 - INFO - __main__ - [vELECTRA] epoch 4 step 4650/6750 loss=0.0751
08/11/2026 10:15:30 - INFO - __main__ - [vELECTRA] epoch 4 step 4700/6750 loss=0.0999
08/11/2026 10:15:35 - INFO - __main__ - [vELECTRA] epoch 4 step 4750/6750 loss=0.0860
08/11/2026 10:15:39 - INFO - __main__ - [vELECTRA] epoch 4 step 4800/6750 loss=0.0743
08/11/2026 10:15:44 - INFO - __main__ - [vELECTRA] epoch 4 step 4850/6750 loss=0.0728
08/11/2026 10:15:49 - INFO - __main__ - [vELECTRA] epoch 4 step 4900/6750 loss=0.0653
08/11/2026 10:15:54 - INFO - __main__ - [vELECTRA] epoch 4 step 4950/6750 loss=0.0778
08/11/2026 10:15:58 - INFO - __main__ - [vELECTRA] epoch 4 step 5000/6750 loss=0.0852
08/11/2026 10:16:03 - INFO - __main__ - [vELECTRA] epoch 4 step 5050/6750 loss=0.0688
08/11/2026 10:16:08 - INFO - __main__ - [vELECTRA] epoch 4 step 5100/6750 loss=0.0848
08/11/2026 10:16:13 - INFO - __main__ - [vELECTRA] epoch 4 step 5150/6750 loss=0.1087
08/11/2026 10:16:17 - INFO - __main__ - [vELECTRA] epoch 4 step 5200/6750 loss=0.0674
08/11/2026 10:16:22 - INFO - __main__ - [vELECTRA] epoch 4 step 5250/6750 loss=0.0716
08/11/2026 10:16:27 - INFO - __main__ - [vELECTRA] epoch 4 step 5300/6750 loss=0.0754
08/11/2026 10:16:32 - INFO - __main__ - [vELECTRA] epoch 4 step 5350/6750 loss=0.0705
08/11/2026 10:16:36 - INFO - __main__ - [vELECTRA] epoch 4 step 5400/6750 loss=0.0591
08/11/2026 10:16:41 - INFO - __main__ - [vELECTRA] epoch 4 step 5450/6750 loss=0.0704
08/11/2026 10:16:46 - INFO - __main__ - [vELECTRA] epoch 4 step 5500/6750 loss=0.0922
08/11/2026 10:16:51 - INFO - __main__ - [vELECTRA] epoch 4 step 5550/6750 loss=0.0637
08/11/2026 10:16:55 - INFO - __main__ - [vELECTRA] epoch 4 step 5600/6750 loss=0.0607
08/11/2026 10:17:00 - INFO - __main__ - [vELECTRA] epoch 4 step 5650/6750 loss=0.0719
08/11/2026 10:17:05 - INFO - __main__ - [vELECTRA] epoch 4 step 5700/6750 loss=0.0592
08/11/2026 10:17:10 - INFO - __main__ - [vELECTRA] epoch 4 step 5750/6750 loss=0.0706
08/11/2026 10:17:15 - INFO - __main__ - [vELECTRA] epoch 4 step 5800/6750 loss=0.0708
08/11/2026 10:17:19 - INFO - __main__ - [vELECTRA] epoch 4 step 5850/6750 loss=0.0877
08/11/2026 10:17:24 - INFO - __main__ - [vELECTRA] epoch 4 step 5900/6750 loss=0.0578
08/11/2026 10:17:29 - INFO - __main__ - [vELECTRA] epoch 4 step 5950/6750 loss=0.0762
08/11/2026 10:17:34 - INFO - __main__ - [vELECTRA] epoch 4 step 6000/6750 loss=0.0598
08/11/2026 10:17:38 - INFO - __main__ - [vELECTRA] epoch 4 step 6050/6750 loss=0.0781
08/11/2026 10:17:43 - INFO - __main__ - [vELECTRA] epoch 4 step 6100/6750 loss=0.0709
08/11/2026 10:17:48 - INFO - __main__ - [vELECTRA] epoch 4 step 6150/6750 loss=0.0651
08/11/2026 10:17:53 - INFO - __main__ - [vELECTRA] epoch 4 step 6200/6750 loss=0.0550
08/11/2026 10:17:57 - INFO - __main__ - [vELECTRA] epoch 4 step 6250/6750 loss=0.0655
08/11/2026 10:18:02 - INFO - __main__ - [vELECTRA] epoch 4 step 6300/6750 loss=0.0589
08/11/2026 10:18:07 - INFO - __main__ - [vELECTRA] epoch 4 step 6350/6750 loss=0.0661
08/11/2026 10:18:12 - INFO - __main__ - [vELECTRA] epoch 4 step 6400/6750 loss=0.1012
08/11/2026 10:18:16 - INFO - __main__ - [vELECTRA] epoch 4 step 6450/6750 loss=0.0886
08/11/2026 10:18:21 - INFO - __main__ - [vELECTRA] epoch 4 step 6500/6750 loss=0.1006
08/11/2026 10:18:26 - INFO - __main__ - [vELECTRA] epoch 4 step 6550/6750 loss=0.1018
08/11/2026 10:18:31 - INFO - __main__ - [vELECTRA] epoch 4 step 6600/6750 loss=0.0688
08/11/2026 10:18:36 - INFO - __main__ - [vELECTRA] epoch 4 step 6650/6750 loss=0.0781
08/11/2026 10:18:40 - INFO - __main__ - [vELECTRA] epoch 4 step 6700/6750 loss=0.0774
08/11/2026 10:18:45 - INFO - __main__ - [vELECTRA] epoch 4 step 6750/6750 loss=0.0788
08/11/2026 10:18:45 - INFO - __main__ - [vELECTRA] Epoch 4 xong sau 642.5s, avg_loss=0.0750
08/11/2026 10:22:34 - INFO - __main__ - [vELECTRA] Epoch 4 - Valid macro F1 = 0.5175
              precision    recall  f1-score   support

      PERIOD     0.8417    0.8343    0.8379    140170
       COMMA     0.7443    0.6440    0.6905    162056
       COLON     0.6822    0.4386    0.5339     10825
       QMARK     0.7312    0.6388    0.6819      4884
      EXCLAM     0.5000    0.1099    0.1802      2556
   SEMICOLON     0.4748    0.1116    0.1808      1944

   micro avg     0.7881    0.7123    0.7483    322435
   macro avg     0.6624    0.4629    0.5175    322435
weighted avg     0.7808    0.7123    0.7421    322435

08/11/2026 10:22:36 - INFO - __main__ - -> [vELECTRA] best checkpoint mới, macro F1 = 0.5175
/root/phopunct/baseline_plain.py:261: FutureWarning: `torch.cuda.amp.autocast(args...)` is deprecated. Please use `torch.amp.autocast('cuda', args...)` instead.
  with torch.cuda.amp.autocast(enabled=use_amp):
08/11/2026 10:22:41 - INFO - __main__ - [vELECTRA] epoch 5 step 50/6750 loss=0.0550
08/11/2026 10:22:46 - INFO - __main__ - [vELECTRA] epoch 5 step 100/6750 loss=0.0587
08/11/2026 10:22:50 - INFO - __main__ - [vELECTRA] epoch 5 step 150/6750 loss=0.0542
08/11/2026 10:22:55 - INFO - __main__ - [vELECTRA] epoch 5 step 200/6750 loss=0.0741
08/11/2026 10:23:00 - INFO - __main__ - [vELECTRA] epoch 5 step 250/6750 loss=0.0800
08/11/2026 10:23:05 - INFO - __main__ - [vELECTRA] epoch 5 step 300/6750 loss=0.0670
08/11/2026 10:23:09 - INFO - __main__ - [vELECTRA] epoch 5 step 350/6750 loss=0.0635
08/11/2026 10:23:14 - INFO - __main__ - [vELECTRA] epoch 5 step 400/6750 loss=0.0598
08/11/2026 10:23:19 - INFO - __main__ - [vELECTRA] epoch 5 step 450/6750 loss=0.0624
08/11/2026 10:23:24 - INFO - __main__ - [vELECTRA] epoch 5 step 500/6750 loss=0.0628
08/11/2026 10:23:28 - INFO - __main__ - [vELECTRA] epoch 5 step 550/6750 loss=0.0525
08/11/2026 10:23:33 - INFO - __main__ - [vELECTRA] epoch 5 step 600/6750 loss=0.0701
08/11/2026 10:23:38 - INFO - __main__ - [vELECTRA] epoch 5 step 650/6750 loss=0.0538
08/11/2026 10:23:43 - INFO - __main__ - [vELECTRA] epoch 5 step 700/6750 loss=0.0515
08/11/2026 10:23:47 - INFO - __main__ - [vELECTRA] epoch 5 step 750/6750 loss=0.0406
08/11/2026 10:23:52 - INFO - __main__ - [vELECTRA] epoch 5 step 800/6750 loss=0.0565
08/11/2026 10:23:57 - INFO - __main__ - [vELECTRA] epoch 5 step 850/6750 loss=0.0793
08/11/2026 10:24:02 - INFO - __main__ - [vELECTRA] epoch 5 step 900/6750 loss=0.0717
08/11/2026 10:24:06 - INFO - __main__ - [vELECTRA] epoch 5 step 950/6750 loss=0.0631
08/11/2026 10:24:11 - INFO - __main__ - [vELECTRA] epoch 5 step 1000/6750 loss=0.1046
08/11/2026 10:24:16 - INFO - __main__ - [vELECTRA] epoch 5 step 1050/6750 loss=0.0590
08/11/2026 10:24:21 - INFO - __main__ - [vELECTRA] epoch 5 step 1100/6750 loss=0.0499
08/11/2026 10:24:26 - INFO - __main__ - [vELECTRA] epoch 5 step 1150/6750 loss=0.0646
08/11/2026 10:24:30 - INFO - __main__ - [vELECTRA] epoch 5 step 1200/6750 loss=0.0573
08/11/2026 10:24:35 - INFO - __main__ - [vELECTRA] epoch 5 step 1250/6750 loss=0.0626
08/11/2026 10:24:40 - INFO - __main__ - [vELECTRA] epoch 5 step 1300/6750 loss=0.0572
08/11/2026 10:24:45 - INFO - __main__ - [vELECTRA] epoch 5 step 1350/6750 loss=0.0485
08/11/2026 10:24:49 - INFO - __main__ - [vELECTRA] epoch 5 step 1400/6750 loss=0.0636
08/11/2026 10:24:54 - INFO - __main__ - [vELECTRA] epoch 5 step 1450/6750 loss=0.0496
08/11/2026 10:24:59 - INFO - __main__ - [vELECTRA] epoch 5 step 1500/6750 loss=0.0488
08/11/2026 10:25:04 - INFO - __main__ - [vELECTRA] epoch 5 step 1550/6750 loss=0.0400
08/11/2026 10:25:08 - INFO - __main__ - [vELECTRA] epoch 5 step 1600/6750 loss=0.0697
08/11/2026 10:25:13 - INFO - __main__ - [vELECTRA] epoch 5 step 1650/6750 loss=0.0411
08/11/2026 10:25:18 - INFO - __main__ - [vELECTRA] epoch 5 step 1700/6750 loss=0.0543
08/11/2026 10:25:23 - INFO - __main__ - [vELECTRA] epoch 5 step 1750/6750 loss=0.0537
08/11/2026 10:25:27 - INFO - __main__ - [vELECTRA] epoch 5 step 1800/6750 loss=0.0548
08/11/2026 10:25:32 - INFO - __main__ - [vELECTRA] epoch 5 step 1850/6750 loss=0.0715
08/11/2026 10:25:37 - INFO - __main__ - [vELECTRA] epoch 5 step 1900/6750 loss=0.0494
08/11/2026 10:25:42 - INFO - __main__ - [vELECTRA] epoch 5 step 1950/6750 loss=0.0720
08/11/2026 10:25:46 - INFO - __main__ - [vELECTRA] epoch 5 step 2000/6750 loss=0.0571
08/11/2026 10:25:51 - INFO - __main__ - [vELECTRA] epoch 5 step 2050/6750 loss=0.0540
08/11/2026 10:25:56 - INFO - __main__ - [vELECTRA] epoch 5 step 2100/6750 loss=0.0752
08/11/2026 10:26:01 - INFO - __main__ - [vELECTRA] epoch 5 step 2150/6750 loss=0.0753
08/11/2026 10:26:06 - INFO - __main__ - [vELECTRA] epoch 5 step 2200/6750 loss=0.0752
08/11/2026 10:26:10 - INFO - __main__ - [vELECTRA] epoch 5 step 2250/6750 loss=0.0726
08/11/2026 10:26:15 - INFO - __main__ - [vELECTRA] epoch 5 step 2300/6750 loss=0.0580
08/11/2026 10:26:20 - INFO - __main__ - [vELECTRA] epoch 5 step 2350/6750 loss=0.0600
08/11/2026 10:26:25 - INFO - __main__ - [vELECTRA] epoch 5 step 2400/6750 loss=0.0452
08/11/2026 10:26:29 - INFO - __main__ - [vELECTRA] epoch 5 step 2450/6750 loss=0.0570
08/11/2026 10:26:34 - INFO - __main__ - [vELECTRA] epoch 5 step 2500/6750 loss=0.0539
08/11/2026 10:26:39 - INFO - __main__ - [vELECTRA] epoch 5 step 2550/6750 loss=0.0730
08/11/2026 10:26:44 - INFO - __main__ - [vELECTRA] epoch 5 step 2600/6750 loss=0.0581
08/11/2026 10:26:48 - INFO - __main__ - [vELECTRA] epoch 5 step 2650/6750 loss=0.0805
08/11/2026 10:26:53 - INFO - __main__ - [vELECTRA] epoch 5 step 2700/6750 loss=0.0618
08/11/2026 10:26:58 - INFO - __main__ - [vELECTRA] epoch 5 step 2750/6750 loss=0.0514
08/11/2026 10:27:03 - INFO - __main__ - [vELECTRA] epoch 5 step 2800/6750 loss=0.0806
08/11/2026 10:27:07 - INFO - __main__ - [vELECTRA] epoch 5 step 2850/6750 loss=0.0786
08/11/2026 10:27:12 - INFO - __main__ - [vELECTRA] epoch 5 step 2900/6750 loss=0.0595
08/11/2026 10:27:17 - INFO - __main__ - [vELECTRA] epoch 5 step 2950/6750 loss=0.0895
08/11/2026 10:27:22 - INFO - __main__ - [vELECTRA] epoch 5 step 3000/6750 loss=0.0516
08/11/2026 10:27:27 - INFO - __main__ - [vELECTRA] epoch 5 step 3050/6750 loss=0.0523
08/11/2026 10:27:31 - INFO - __main__ - [vELECTRA] epoch 5 step 3100/6750 loss=0.0645
08/11/2026 10:27:36 - INFO - __main__ - [vELECTRA] epoch 5 step 3150/6750 loss=0.0482
08/11/2026 10:27:41 - INFO - __main__ - [vELECTRA] epoch 5 step 3200/6750 loss=0.0608
08/11/2026 10:27:46 - INFO - __main__ - [vELECTRA] epoch 5 step 3250/6750 loss=0.0917
08/11/2026 10:27:50 - INFO - __main__ - [vELECTRA] epoch 5 step 3300/6750 loss=0.0806
08/11/2026 10:27:55 - INFO - __main__ - [vELECTRA] epoch 5 step 3350/6750 loss=0.0721
08/11/2026 10:28:00 - INFO - __main__ - [vELECTRA] epoch 5 step 3400/6750 loss=0.0572
08/11/2026 10:28:05 - INFO - __main__ - [vELECTRA] epoch 5 step 3450/6750 loss=0.0511
08/11/2026 10:28:09 - INFO - __main__ - [vELECTRA] epoch 5 step 3500/6750 loss=0.0599
08/11/2026 10:28:14 - INFO - __main__ - [vELECTRA] epoch 5 step 3550/6750 loss=0.0699
08/11/2026 10:28:19 - INFO - __main__ - [vELECTRA] epoch 5 step 3600/6750 loss=0.0461
08/11/2026 10:28:24 - INFO - __main__ - [vELECTRA] epoch 5 step 3650/6750 loss=0.0641
08/11/2026 10:28:28 - INFO - __main__ - [vELECTRA] epoch 5 step 3700/6750 loss=0.0583
08/11/2026 10:28:33 - INFO - __main__ - [vELECTRA] epoch 5 step 3750/6750 loss=0.0423
08/11/2026 10:28:38 - INFO - __main__ - [vELECTRA] epoch 5 step 3800/6750 loss=0.0535
08/11/2026 10:28:43 - INFO - __main__ - [vELECTRA] epoch 5 step 3850/6750 loss=0.0437
08/11/2026 10:28:47 - INFO - __main__ - [vELECTRA] epoch 5 step 3900/6750 loss=0.0684
08/11/2026 10:28:52 - INFO - __main__ - [vELECTRA] epoch 5 step 3950/6750 loss=0.0573
08/11/2026 10:28:57 - INFO - __main__ - [vELECTRA] epoch 5 step 4000/6750 loss=0.0669
08/11/2026 10:29:02 - INFO - __main__ - [vELECTRA] epoch 5 step 4050/6750 loss=0.0571
08/11/2026 10:29:07 - INFO - __main__ - [vELECTRA] epoch 5 step 4100/6750 loss=0.0516
08/11/2026 10:29:11 - INFO - __main__ - [vELECTRA] epoch 5 step 4150/6750 loss=0.0586
08/11/2026 10:29:16 - INFO - __main__ - [vELECTRA] epoch 5 step 4200/6750 loss=0.0608
08/11/2026 10:29:21 - INFO - __main__ - [vELECTRA] epoch 5 step 4250/6750 loss=0.0532
08/11/2026 10:29:26 - INFO - __main__ - [vELECTRA] epoch 5 step 4300/6750 loss=0.0783
08/11/2026 10:29:30 - INFO - __main__ - [vELECTRA] epoch 5 step 4350/6750 loss=0.0663
08/11/2026 10:29:35 - INFO - __main__ - [vELECTRA] epoch 5 step 4400/6750 loss=0.0570
08/11/2026 10:29:40 - INFO - __main__ - [vELECTRA] epoch 5 step 4450/6750 loss=0.0494
08/11/2026 10:29:45 - INFO - __main__ - [vELECTRA] epoch 5 step 4500/6750 loss=0.0647
08/11/2026 10:29:50 - INFO - __main__ - [vELECTRA] epoch 5 step 4550/6750 loss=0.0687
08/11/2026 10:29:54 - INFO - __main__ - [vELECTRA] epoch 5 step 4600/6750 loss=0.0894
08/11/2026 10:29:59 - INFO - __main__ - [vELECTRA] epoch 5 step 4650/6750 loss=0.0713
08/11/2026 10:30:04 - INFO - __main__ - [vELECTRA] epoch 5 step 4700/6750 loss=0.0770
08/11/2026 10:30:08 - INFO - __main__ - [vELECTRA] epoch 5 step 4750/6750 loss=0.0721
08/11/2026 10:30:13 - INFO - __main__ - [vELECTRA] epoch 5 step 4800/6750 loss=0.0671
08/11/2026 10:30:18 - INFO - __main__ - [vELECTRA] epoch 5 step 4850/6750 loss=0.0576
08/11/2026 10:30:23 - INFO - __main__ - [vELECTRA] epoch 5 step 4900/6750 loss=0.0585
08/11/2026 10:30:27 - INFO - __main__ - [vELECTRA] epoch 5 step 4950/6750 loss=0.0624
08/11/2026 10:30:32 - INFO - __main__ - [vELECTRA] epoch 5 step 5000/6750 loss=0.0731
08/11/2026 10:30:37 - INFO - __main__ - [vELECTRA] epoch 5 step 5050/6750 loss=0.0643
08/11/2026 10:30:42 - INFO - __main__ - [vELECTRA] epoch 5 step 5100/6750 loss=0.0726
08/11/2026 10:30:46 - INFO - __main__ - [vELECTRA] epoch 5 step 5150/6750 loss=0.0575
08/11/2026 10:30:51 - INFO - __main__ - [vELECTRA] epoch 5 step 5200/6750 loss=0.0635
08/11/2026 10:30:56 - INFO - __main__ - [vELECTRA] epoch 5 step 5250/6750 loss=0.0915
08/11/2026 10:31:01 - INFO - __main__ - [vELECTRA] epoch 5 step 5300/6750 loss=0.0734
08/11/2026 10:31:05 - INFO - __main__ - [vELECTRA] epoch 5 step 5350/6750 loss=0.0792
08/11/2026 10:31:10 - INFO - __main__ - [vELECTRA] epoch 5 step 5400/6750 loss=0.0599
08/11/2026 10:31:15 - INFO - __main__ - [vELECTRA] epoch 5 step 5450/6750 loss=0.0619
08/11/2026 10:31:20 - INFO - __main__ - [vELECTRA] epoch 5 step 5500/6750 loss=0.0800
08/11/2026 10:31:24 - INFO - __main__ - [vELECTRA] epoch 5 step 5550/6750 loss=0.0637
08/11/2026 10:31:29 - INFO - __main__ - [vELECTRA] epoch 5 step 5600/6750 loss=0.0560
08/11/2026 10:31:34 - INFO - __main__ - [vELECTRA] epoch 5 step 5650/6750 loss=0.0563
08/11/2026 10:31:39 - INFO - __main__ - [vELECTRA] epoch 5 step 5700/6750 loss=0.0519
08/11/2026 10:31:43 - INFO - __main__ - [vELECTRA] epoch 5 step 5750/6750 loss=0.0538
08/11/2026 10:31:48 - INFO - __main__ - [vELECTRA] epoch 5 step 5800/6750 loss=0.0419
08/11/2026 10:31:53 - INFO - __main__ - [vELECTRA] epoch 5 step 5850/6750 loss=0.0750
08/11/2026 10:31:58 - INFO - __main__ - [vELECTRA] epoch 5 step 5900/6750 loss=0.0611
08/11/2026 10:32:03 - INFO - __main__ - [vELECTRA] epoch 5 step 5950/6750 loss=0.0772
08/11/2026 10:32:07 - INFO - __main__ - [vELECTRA] epoch 5 step 6000/6750 loss=0.0722
08/11/2026 10:32:12 - INFO - __main__ - [vELECTRA] epoch 5 step 6050/6750 loss=0.0638
08/11/2026 10:32:17 - INFO - __main__ - [vELECTRA] epoch 5 step 6100/6750 loss=0.0503
08/11/2026 10:32:22 - INFO - __main__ - [vELECTRA] epoch 5 step 6150/6750 loss=0.0646
08/11/2026 10:32:26 - INFO - __main__ - [vELECTRA] epoch 5 step 6200/6750 loss=0.0675
08/11/2026 10:32:31 - INFO - __main__ - [vELECTRA] epoch 5 step 6250/6750 loss=0.0671
08/11/2026 10:32:36 - INFO - __main__ - [vELECTRA] epoch 5 step 6300/6750 loss=0.0591
08/11/2026 10:32:41 - INFO - __main__ - [vELECTRA] epoch 5 step 6350/6750 loss=0.0606
08/11/2026 10:32:45 - INFO - __main__ - [vELECTRA] epoch 5 step 6400/6750 loss=0.0605
08/11/2026 10:32:50 - INFO - __main__ - [vELECTRA] epoch 5 step 6450/6750 loss=0.0769
08/11/2026 10:32:55 - INFO - __main__ - [vELECTRA] epoch 5 step 6500/6750 loss=0.0714
08/11/2026 10:33:00 - INFO - __main__ - [vELECTRA] epoch 5 step 6550/6750 loss=0.0714
08/11/2026 10:33:04 - INFO - __main__ - [vELECTRA] epoch 5 step 6600/6750 loss=0.0712
08/11/2026 10:33:09 - INFO - __main__ - [vELECTRA] epoch 5 step 6650/6750 loss=0.0708
08/11/2026 10:33:14 - INFO - __main__ - [vELECTRA] epoch 5 step 6700/6750 loss=0.0908
08/11/2026 10:33:19 - INFO - __main__ - [vELECTRA] epoch 5 step 6750/6750 loss=0.0588
08/11/2026 10:33:19 - INFO - __main__ - [vELECTRA] Epoch 5 xong sau 642.6s, avg_loss=0.0657
08/11/2026 10:37:08 - INFO - __main__ - [vELECTRA] Epoch 5 - Valid macro F1 = 0.5203
              precision    recall  f1-score   support

      PERIOD     0.8367    0.8418    0.8392    140170
       COMMA     0.7309    0.6667    0.6973    162056
       COLON     0.6227    0.5007    0.5551     10825
       QMARK     0.7273    0.6595    0.6917      4884
      EXCLAM     0.4875    0.1146    0.1856      2556
   SEMICOLON     0.4532    0.0921    0.1531      1944

   micro avg     0.7761    0.7293    0.7520    322435
   macro avg     0.6430    0.4792    0.5203    322435
weighted avg     0.7696    0.7293    0.7468    322435

08/11/2026 10:37:10 - INFO - __main__ - -> [vELECTRA] best checkpoint mới, macro F1 = 0.5203
/root/phopunct/baseline_plain.py:261: FutureWarning: `torch.cuda.amp.autocast(args...)` is deprecated. Please use `torch.amp.autocast('cuda', args...)` instead.
  with torch.cuda.amp.autocast(enabled=use_amp):
08/11/2026 10:37:15 - INFO - __main__ - [vELECTRA] epoch 6 step 50/6750 loss=0.0563
08/11/2026 10:37:19 - INFO - __main__ - [vELECTRA] epoch 6 step 100/6750 loss=0.0672
08/11/2026 10:37:24 - INFO - __main__ - [vELECTRA] epoch 6 step 150/6750 loss=0.0372
08/11/2026 10:37:29 - INFO - __main__ - [vELECTRA] epoch 6 step 200/6750 loss=0.0554
08/11/2026 10:37:34 - INFO - __main__ - [vELECTRA] epoch 6 step 250/6750 loss=0.0688
08/11/2026 10:37:38 - INFO - __main__ - [vELECTRA] epoch 6 step 300/6750 loss=0.0660
08/11/2026 10:37:43 - INFO - __main__ - [vELECTRA] epoch 6 step 350/6750 loss=0.0712
08/11/2026 10:37:48 - INFO - __main__ - [vELECTRA] epoch 6 step 400/6750 loss=0.0393
08/11/2026 10:37:53 - INFO - __main__ - [vELECTRA] epoch 6 step 450/6750 loss=0.0712
08/11/2026 10:37:57 - INFO - __main__ - [vELECTRA] epoch 6 step 500/6750 loss=0.0582
08/11/2026 10:38:02 - INFO - __main__ - [vELECTRA] epoch 6 step 550/6750 loss=0.0605
08/11/2026 10:38:07 - INFO - __main__ - [vELECTRA] epoch 6 step 600/6750 loss=0.0847
08/11/2026 10:38:11 - INFO - __main__ - [vELECTRA] epoch 6 step 650/6750 loss=0.0682
08/11/2026 10:38:16 - INFO - __main__ - [vELECTRA] epoch 6 step 700/6750 loss=0.0838
08/11/2026 10:38:21 - INFO - __main__ - [vELECTRA] epoch 6 step 750/6750 loss=0.0699
08/11/2026 10:38:26 - INFO - __main__ - [vELECTRA] epoch 6 step 800/6750 loss=0.0563
08/11/2026 10:38:30 - INFO - __main__ - [vELECTRA] epoch 6 step 850/6750 loss=0.0556
08/11/2026 10:38:35 - INFO - __main__ - [vELECTRA] epoch 6 step 900/6750 loss=0.0801
08/11/2026 10:38:40 - INFO - __main__ - [vELECTRA] epoch 6 step 950/6750 loss=0.0393
08/11/2026 10:38:45 - INFO - __main__ - [vELECTRA] epoch 6 step 1000/6750 loss=0.0638
08/11/2026 10:38:49 - INFO - __main__ - [vELECTRA] epoch 6 step 1050/6750 loss=0.0546
08/11/2026 10:38:54 - INFO - __main__ - [vELECTRA] epoch 6 step 1100/6750 loss=0.0627
08/11/2026 10:38:59 - INFO - __main__ - [vELECTRA] epoch 6 step 1150/6750 loss=0.0821
08/11/2026 10:39:03 - INFO - __main__ - [vELECTRA] epoch 6 step 1200/6750 loss=0.0742
08/11/2026 10:39:08 - INFO - __main__ - [vELECTRA] epoch 6 step 1250/6750 loss=0.0612
08/11/2026 10:39:13 - INFO - __main__ - [vELECTRA] epoch 6 step 1300/6750 loss=0.0800
08/11/2026 10:39:18 - INFO - __main__ - [vELECTRA] epoch 6 step 1350/6750 loss=0.0679
08/11/2026 10:39:22 - INFO - __main__ - [vELECTRA] epoch 6 step 1400/6750 loss=0.0409
08/11/2026 10:39:27 - INFO - __main__ - [vELECTRA] epoch 6 step 1450/6750 loss=0.0613
08/11/2026 10:39:32 - INFO - __main__ - [vELECTRA] epoch 6 step 1500/6750 loss=0.0594
08/11/2026 10:39:37 - INFO - __main__ - [vELECTRA] epoch 6 step 1550/6750 loss=0.0606
08/11/2026 10:39:41 - INFO - __main__ - [vELECTRA] epoch 6 step 1600/6750 loss=0.0551
08/11/2026 10:39:46 - INFO - __main__ - [vELECTRA] epoch 6 step 1650/6750 loss=0.0652
08/11/2026 10:39:51 - INFO - __main__ - [vELECTRA] epoch 6 step 1700/6750 loss=0.0719
08/11/2026 10:39:56 - INFO - __main__ - [vELECTRA] epoch 6 step 1750/6750 loss=0.0812
08/11/2026 10:40:01 - INFO - __main__ - [vELECTRA] epoch 6 step 1800/6750 loss=0.0465
08/11/2026 10:40:05 - INFO - __main__ - [vELECTRA] epoch 6 step 1850/6750 loss=0.0575
08/11/2026 10:40:10 - INFO - __main__ - [vELECTRA] epoch 6 step 1900/6750 loss=0.0534
08/11/2026 10:40:15 - INFO - __main__ - [vELECTRA] epoch 6 step 1950/6750 loss=0.0435
08/11/2026 10:40:20 - INFO - __main__ - [vELECTRA] epoch 6 step 2000/6750 loss=0.0470
08/11/2026 10:40:24 - INFO - __main__ - [vELECTRA] epoch 6 step 2050/6750 loss=0.0601
08/11/2026 10:40:29 - INFO - __main__ - [vELECTRA] epoch 6 step 2100/6750 loss=0.0501
08/11/2026 10:40:34 - INFO - __main__ - [vELECTRA] epoch 6 step 2150/6750 loss=0.0531
08/11/2026 10:40:39 - INFO - __main__ - [vELECTRA] epoch 6 step 2200/6750 loss=0.0572
08/11/2026 10:40:44 - INFO - __main__ - [vELECTRA] epoch 6 step 2250/6750 loss=0.0806
08/11/2026 10:40:48 - INFO - __main__ - [vELECTRA] epoch 6 step 2300/6750 loss=0.0616
08/11/2026 10:40:53 - INFO - __main__ - [vELECTRA] epoch 6 step 2350/6750 loss=0.0612
08/11/2026 10:40:58 - INFO - __main__ - [vELECTRA] epoch 6 step 2400/6750 loss=0.0801
08/11/2026 10:41:03 - INFO - __main__ - [vELECTRA] epoch 6 step 2450/6750 loss=0.0590
08/11/2026 10:41:07 - INFO - __main__ - [vELECTRA] epoch 6 step 2500/6750 loss=0.0435
08/11/2026 10:41:12 - INFO - __main__ - [vELECTRA] epoch 6 step 2550/6750 loss=0.0497
08/11/2026 10:41:17 - INFO - __main__ - [vELECTRA] epoch 6 step 2600/6750 loss=0.0606
08/11/2026 10:41:22 - INFO - __main__ - [vELECTRA] epoch 6 step 2650/6750 loss=0.0569
08/11/2026 10:41:26 - INFO - __main__ - [vELECTRA] epoch 6 step 2700/6750 loss=0.0688
08/11/2026 10:41:31 - INFO - __main__ - [vELECTRA] epoch 6 step 2750/6750 loss=0.0548
08/11/2026 10:41:36 - INFO - __main__ - [vELECTRA] epoch 6 step 2800/6750 loss=0.0501
08/11/2026 10:41:41 - INFO - __main__ - [vELECTRA] epoch 6 step 2850/6750 loss=0.0891
08/11/2026 10:41:45 - INFO - __main__ - [vELECTRA] epoch 6 step 2900/6750 loss=0.0584
08/11/2026 10:41:50 - INFO - __main__ - [vELECTRA] epoch 6 step 2950/6750 loss=0.0710
08/11/2026 10:41:55 - INFO - __main__ - [vELECTRA] epoch 6 step 3000/6750 loss=0.0467
08/11/2026 10:42:00 - INFO - __main__ - [vELECTRA] epoch 6 step 3050/6750 loss=0.0925
08/11/2026 10:42:05 - INFO - __main__ - [vELECTRA] epoch 6 step 3100/6750 loss=0.0592
08/11/2026 10:42:09 - INFO - __main__ - [vELECTRA] epoch 6 step 3150/6750 loss=0.0654
08/11/2026 10:42:14 - INFO - __main__ - [vELECTRA] epoch 6 step 3200/6750 loss=0.0460
08/11/2026 10:42:19 - INFO - __main__ - [vELECTRA] epoch 6 step 3250/6750 loss=0.0480
08/11/2026 10:42:24 - INFO - __main__ - [vELECTRA] epoch 6 step 3300/6750 loss=0.0697
08/11/2026 10:42:28 - INFO - __main__ - [vELECTRA] epoch 6 step 3350/6750 loss=0.0558
08/11/2026 10:42:33 - INFO - __main__ - [vELECTRA] epoch 6 step 3400/6750 loss=0.0617
08/11/2026 10:42:38 - INFO - __main__ - [vELECTRA] epoch 6 step 3450/6750 loss=0.0455
08/11/2026 10:42:43 - INFO - __main__ - [vELECTRA] epoch 6 step 3500/6750 loss=0.0718
08/11/2026 10:42:47 - INFO - __main__ - [vELECTRA] epoch 6 step 3550/6750 loss=0.0538
08/11/2026 10:42:52 - INFO - __main__ - [vELECTRA] epoch 6 step 3600/6750 loss=0.0497
08/11/2026 10:42:57 - INFO - __main__ - [vELECTRA] epoch 6 step 3650/6750 loss=0.0565
08/11/2026 10:43:02 - INFO - __main__ - [vELECTRA] epoch 6 step 3700/6750 loss=0.0627
08/11/2026 10:43:06 - INFO - __main__ - [vELECTRA] epoch 6 step 3750/6750 loss=0.0580
08/11/2026 10:43:11 - INFO - __main__ - [vELECTRA] epoch 6 step 3800/6750 loss=0.0502
08/11/2026 10:43:16 - INFO - __main__ - [vELECTRA] epoch 6 step 3850/6750 loss=0.0416
08/11/2026 10:43:21 - INFO - __main__ - [vELECTRA] epoch 6 step 3900/6750 loss=0.0610
08/11/2026 10:43:25 - INFO - __main__ - [vELECTRA] epoch 6 step 3950/6750 loss=0.0795
08/11/2026 10:43:30 - INFO - __main__ - [vELECTRA] epoch 6 step 4000/6750 loss=0.0534
08/11/2026 10:43:35 - INFO - __main__ - [vELECTRA] epoch 6 step 4050/6750 loss=0.0526
08/11/2026 10:43:40 - INFO - __main__ - [vELECTRA] epoch 6 step 4100/6750 loss=0.0593
08/11/2026 10:43:44 - INFO - __main__ - [vELECTRA] epoch 6 step 4150/6750 loss=0.0517
08/11/2026 10:43:49 - INFO - __main__ - [vELECTRA] epoch 6 step 4200/6750 loss=0.0377
08/11/2026 10:43:54 - INFO - __main__ - [vELECTRA] epoch 6 step 4250/6750 loss=0.0687
08/11/2026 10:43:59 - INFO - __main__ - [vELECTRA] epoch 6 step 4300/6750 loss=0.0717
08/11/2026 10:44:03 - INFO - __main__ - [vELECTRA] epoch 6 step 4350/6750 loss=0.0524
08/11/2026 10:44:08 - INFO - __main__ - [vELECTRA] epoch 6 step 4400/6750 loss=0.0636
08/11/2026 10:44:13 - INFO - __main__ - [vELECTRA] epoch 6 step 4450/6750 loss=0.0648
08/11/2026 10:44:18 - INFO - __main__ - [vELECTRA] epoch 6 step 4500/6750 loss=0.0417
08/11/2026 10:44:22 - INFO - __main__ - [vELECTRA] epoch 6 step 4550/6750 loss=0.0407
08/11/2026 10:44:27 - INFO - __main__ - [vELECTRA] epoch 6 step 4600/6750 loss=0.0583
08/11/2026 10:44:32 - INFO - __main__ - [vELECTRA] epoch 6 step 4650/6750 loss=0.0584
08/11/2026 10:44:37 - INFO - __main__ - [vELECTRA] epoch 6 step 4700/6750 loss=0.0591
08/11/2026 10:44:41 - INFO - __main__ - [vELECTRA] epoch 6 step 4750/6750 loss=0.0407
08/11/2026 10:44:46 - INFO - __main__ - [vELECTRA] epoch 6 step 4800/6750 loss=0.0551
08/11/2026 10:44:51 - INFO - __main__ - [vELECTRA] epoch 6 step 4850/6750 loss=0.0534
08/11/2026 10:44:56 - INFO - __main__ - [vELECTRA] epoch 6 step 4900/6750 loss=0.0750
08/11/2026 10:45:00 - INFO - __main__ - [vELECTRA] epoch 6 step 4950/6750 loss=0.0483
08/11/2026 10:45:05 - INFO - __main__ - [vELECTRA] epoch 6 step 5000/6750 loss=0.0569
08/11/2026 10:45:10 - INFO - __main__ - [vELECTRA] epoch 6 step 5050/6750 loss=0.0552
08/11/2026 10:45:15 - INFO - __main__ - [vELECTRA] epoch 6 step 5100/6750 loss=0.0472
08/11/2026 10:45:19 - INFO - __main__ - [vELECTRA] epoch 6 step 5150/6750 loss=0.0786
08/11/2026 10:45:24 - INFO - __main__ - [vELECTRA] epoch 6 step 5200/6750 loss=0.0557
08/11/2026 10:45:29 - INFO - __main__ - [vELECTRA] epoch 6 step 5250/6750 loss=0.0706
08/11/2026 10:45:34 - INFO - __main__ - [vELECTRA] epoch 6 step 5300/6750 loss=0.0536
08/11/2026 10:45:39 - INFO - __main__ - [vELECTRA] epoch 6 step 5350/6750 loss=0.0479
08/11/2026 10:45:43 - INFO - __main__ - [vELECTRA] epoch 6 step 5400/6750 loss=0.0622
08/11/2026 10:45:48 - INFO - __main__ - [vELECTRA] epoch 6 step 5450/6750 loss=0.0540
08/11/2026 10:45:53 - INFO - __main__ - [vELECTRA] epoch 6 step 5500/6750 loss=0.0424
08/11/2026 10:45:58 - INFO - __main__ - [vELECTRA] epoch 6 step 5550/6750 loss=0.0524
08/11/2026 10:46:02 - INFO - __main__ - [vELECTRA] epoch 6 step 5600/6750 loss=0.0438
08/11/2026 10:46:07 - INFO - __main__ - [vELECTRA] epoch 6 step 5650/6750 loss=0.0570
08/11/2026 10:46:12 - INFO - __main__ - [vELECTRA] epoch 6 step 5700/6750 loss=0.0839
08/11/2026 10:46:17 - INFO - __main__ - [vELECTRA] epoch 6 step 5750/6750 loss=0.0537
08/11/2026 10:46:22 - INFO - __main__ - [vELECTRA] epoch 6 step 5800/6750 loss=0.0703
08/11/2026 10:46:26 - INFO - __main__ - [vELECTRA] epoch 6 step 5850/6750 loss=0.0576
08/11/2026 10:46:31 - INFO - __main__ - [vELECTRA] epoch 6 step 5900/6750 loss=0.0538
08/11/2026 10:46:36 - INFO - __main__ - [vELECTRA] epoch 6 step 5950/6750 loss=0.0520
08/11/2026 10:46:41 - INFO - __main__ - [vELECTRA] epoch 6 step 6000/6750 loss=0.0599
08/11/2026 10:46:45 - INFO - __main__ - [vELECTRA] epoch 6 step 6050/6750 loss=0.0638
08/11/2026 10:46:50 - INFO - __main__ - [vELECTRA] epoch 6 step 6100/6750 loss=0.0535
08/11/2026 10:46:55 - INFO - __main__ - [vELECTRA] epoch 6 step 6150/6750 loss=0.0541
08/11/2026 10:47:00 - INFO - __main__ - [vELECTRA] epoch 6 step 6200/6750 loss=0.0503
08/11/2026 10:47:04 - INFO - __main__ - [vELECTRA] epoch 6 step 6250/6750 loss=0.0748
08/11/2026 10:47:09 - INFO - __main__ - [vELECTRA] epoch 6 step 6300/6750 loss=0.0940
08/11/2026 10:47:14 - INFO - __main__ - [vELECTRA] epoch 6 step 6350/6750 loss=0.0614
08/11/2026 10:47:19 - INFO - __main__ - [vELECTRA] epoch 6 step 6400/6750 loss=0.0756
08/11/2026 10:47:23 - INFO - __main__ - [vELECTRA] epoch 6 step 6450/6750 loss=0.0643
08/11/2026 10:47:28 - INFO - __main__ - [vELECTRA] epoch 6 step 6500/6750 loss=0.0605
08/11/2026 10:47:33 - INFO - __main__ - [vELECTRA] epoch 6 step 6550/6750 loss=0.0624
08/11/2026 10:47:38 - INFO - __main__ - [vELECTRA] epoch 6 step 6600/6750 loss=0.0746
08/11/2026 10:47:43 - INFO - __main__ - [vELECTRA] epoch 6 step 6650/6750 loss=0.0554
08/11/2026 10:47:47 - INFO - __main__ - [vELECTRA] epoch 6 step 6700/6750 loss=0.0690
08/11/2026 10:47:52 - INFO - __main__ - [vELECTRA] epoch 6 step 6750/6750 loss=0.0851
08/11/2026 10:47:52 - INFO - __main__ - [vELECTRA] Epoch 6 xong sau 642.0s, avg_loss=0.0587
08/11/2026 10:51:42 - INFO - __main__ - [vELECTRA] Epoch 6 - Valid macro F1 = 0.5302
              precision    recall  f1-score   support

      PERIOD     0.8345    0.8479    0.8411    140170
       COMMA     0.7329    0.6662    0.6980    162056
       COLON     0.6454    0.4887    0.5562     10825
       QMARK     0.7137    0.6644    0.6882      4884
      EXCLAM     0.4483    0.1272    0.1981      2556
   SEMICOLON     0.3997    0.1332    0.1998      1944

   micro avg     0.7765    0.7317    0.7534    322435
   macro avg     0.6291    0.4879    0.5302    322435
weighted avg     0.7696    0.7317    0.7483    322435

08/11/2026 10:51:43 - INFO - __main__ - -> [vELECTRA] best checkpoint mới, macro F1 = 0.5302
/root/phopunct/baseline_plain.py:261: FutureWarning: `torch.cuda.amp.autocast(args...)` is deprecated. Please use `torch.amp.autocast('cuda', args...)` instead.
  with torch.cuda.amp.autocast(enabled=use_amp):
08/11/2026 10:51:48 - INFO - __main__ - [vELECTRA] epoch 7 step 50/6750 loss=0.0714
08/11/2026 10:51:53 - INFO - __main__ - [vELECTRA] epoch 7 step 100/6750 loss=0.0499
08/11/2026 10:51:57 - INFO - __main__ - [vELECTRA] epoch 7 step 150/6750 loss=0.0451
08/11/2026 10:52:02 - INFO - __main__ - [vELECTRA] epoch 7 step 200/6750 loss=0.0655
08/11/2026 10:52:07 - INFO - __main__ - [vELECTRA] epoch 7 step 250/6750 loss=0.0600
08/11/2026 10:52:12 - INFO - __main__ - [vELECTRA] epoch 7 step 300/6750 loss=0.0431
08/11/2026 10:52:16 - INFO - __main__ - [vELECTRA] epoch 7 step 350/6750 loss=0.0696
08/11/2026 10:52:21 - INFO - __main__ - [vELECTRA] epoch 7 step 400/6750 loss=0.0555
08/11/2026 10:52:26 - INFO - __main__ - [vELECTRA] epoch 7 step 450/6750 loss=0.0542
08/11/2026 10:52:31 - INFO - __main__ - [vELECTRA] epoch 7 step 500/6750 loss=0.0426
08/11/2026 10:52:35 - INFO - __main__ - [vELECTRA] epoch 7 step 550/6750 loss=0.0318
08/11/2026 10:52:40 - INFO - __main__ - [vELECTRA] epoch 7 step 600/6750 loss=0.0576
08/11/2026 10:52:45 - INFO - __main__ - [vELECTRA] epoch 7 step 650/6750 loss=0.0469
08/11/2026 10:52:49 - INFO - __main__ - [vELECTRA] epoch 7 step 700/6750 loss=0.0534
08/11/2026 10:52:54 - INFO - __main__ - [vELECTRA] epoch 7 step 750/6750 loss=0.0379
08/11/2026 10:52:59 - INFO - __main__ - [vELECTRA] epoch 7 step 800/6750 loss=0.0812
08/11/2026 10:53:04 - INFO - __main__ - [vELECTRA] epoch 7 step 850/6750 loss=0.0506
08/11/2026 10:53:08 - INFO - __main__ - [vELECTRA] epoch 7 step 900/6750 loss=0.0610
08/11/2026 10:53:13 - INFO - __main__ - [vELECTRA] epoch 7 step 950/6750 loss=0.0590
08/11/2026 10:53:18 - INFO - __main__ - [vELECTRA] epoch 7 step 1000/6750 loss=0.0519
08/11/2026 10:53:23 - INFO - __main__ - [vELECTRA] epoch 7 step 1050/6750 loss=0.0380
08/11/2026 10:53:27 - INFO - __main__ - [vELECTRA] epoch 7 step 1100/6750 loss=0.0559
08/11/2026 10:53:32 - INFO - __main__ - [vELECTRA] epoch 7 step 1150/6750 loss=0.0499
08/11/2026 10:53:37 - INFO - __main__ - [vELECTRA] epoch 7 step 1200/6750 loss=0.0520
08/11/2026 10:53:42 - INFO - __main__ - [vELECTRA] epoch 7 step 1250/6750 loss=0.0624
08/11/2026 10:53:46 - INFO - __main__ - [vELECTRA] epoch 7 step 1300/6750 loss=0.0484
08/11/2026 10:53:51 - INFO - __main__ - [vELECTRA] epoch 7 step 1350/6750 loss=0.0578
08/11/2026 10:53:56 - INFO - __main__ - [vELECTRA] epoch 7 step 1400/6750 loss=0.0453
08/11/2026 10:54:01 - INFO - __main__ - [vELECTRA] epoch 7 step 1450/6750 loss=0.0628
08/11/2026 10:54:05 - INFO - __main__ - [vELECTRA] epoch 7 step 1500/6750 loss=0.0608
08/11/2026 10:54:10 - INFO - __main__ - [vELECTRA] epoch 7 step 1550/6750 loss=0.0866
08/11/2026 10:54:15 - INFO - __main__ - [vELECTRA] epoch 7 step 1600/6750 loss=0.0512
08/11/2026 10:54:20 - INFO - __main__ - [vELECTRA] epoch 7 step 1650/6750 loss=0.0494
08/11/2026 10:54:24 - INFO - __main__ - [vELECTRA] epoch 7 step 1700/6750 loss=0.0534
08/11/2026 10:54:29 - INFO - __main__ - [vELECTRA] epoch 7 step 1750/6750 loss=0.0585
08/11/2026 10:54:34 - INFO - __main__ - [vELECTRA] epoch 7 step 1800/6750 loss=0.0446
08/11/2026 10:54:39 - INFO - __main__ - [vELECTRA] epoch 7 step 1850/6750 loss=0.0486
08/11/2026 10:54:43 - INFO - __main__ - [vELECTRA] epoch 7 step 1900/6750 loss=0.0523
08/11/2026 10:54:48 - INFO - __main__ - [vELECTRA] epoch 7 step 1950/6750 loss=0.0553
08/11/2026 10:54:53 - INFO - __main__ - [vELECTRA] epoch 7 step 2000/6750 loss=0.0645
08/11/2026 10:54:58 - INFO - __main__ - [vELECTRA] epoch 7 step 2050/6750 loss=0.0546
08/11/2026 10:55:02 - INFO - __main__ - [vELECTRA] epoch 7 step 2100/6750 loss=0.0546
08/11/2026 10:55:07 - INFO - __main__ - [vELECTRA] epoch 7 step 2150/6750 loss=0.0599
08/11/2026 10:55:12 - INFO - __main__ - [vELECTRA] epoch 7 step 2200/6750 loss=0.0580
08/11/2026 10:55:17 - INFO - __main__ - [vELECTRA] epoch 7 step 2250/6750 loss=0.0589
08/11/2026 10:55:21 - INFO - __main__ - [vELECTRA] epoch 7 step 2300/6750 loss=0.0662
08/11/2026 10:55:26 - INFO - __main__ - [vELECTRA] epoch 7 step 2350/6750 loss=0.0598
08/11/2026 10:55:31 - INFO - __main__ - [vELECTRA] epoch 7 step 2400/6750 loss=0.0522
08/11/2026 10:55:36 - INFO - __main__ - [vELECTRA] epoch 7 step 2450/6750 loss=0.0441
08/11/2026 10:55:40 - INFO - __main__ - [vELECTRA] epoch 7 step 2500/6750 loss=0.0596
08/11/2026 10:55:45 - INFO - __main__ - [vELECTRA] epoch 7 step 2550/6750 loss=0.0700
08/11/2026 10:55:50 - INFO - __main__ - [vELECTRA] epoch 7 step 2600/6750 loss=0.0466
08/11/2026 10:55:55 - INFO - __main__ - [vELECTRA] epoch 7 step 2650/6750 loss=0.0515
08/11/2026 10:55:59 - INFO - __main__ - [vELECTRA] epoch 7 step 2700/6750 loss=0.0817
08/11/2026 10:56:04 - INFO - __main__ - [vELECTRA] epoch 7 step 2750/6750 loss=0.0644
08/11/2026 10:56:09 - INFO - __main__ - [vELECTRA] epoch 7 step 2800/6750 loss=0.0549
08/11/2026 10:56:14 - INFO - __main__ - [vELECTRA] epoch 7 step 2850/6750 loss=0.0416
08/11/2026 10:56:18 - INFO - __main__ - [vELECTRA] epoch 7 step 2900/6750 loss=0.0844
08/11/2026 10:56:23 - INFO - __main__ - [vELECTRA] epoch 7 step 2950/6750 loss=0.0440
08/11/2026 10:56:28 - INFO - __main__ - [vELECTRA] epoch 7 step 3000/6750 loss=0.0533
08/11/2026 10:56:33 - INFO - __main__ - [vELECTRA] epoch 7 step 3050/6750 loss=0.0434
08/11/2026 10:56:37 - INFO - __main__ - [vELECTRA] epoch 7 step 3100/6750 loss=0.0832
08/11/2026 10:56:42 - INFO - __main__ - [vELECTRA] epoch 7 step 3150/6750 loss=0.0348
08/11/2026 10:56:47 - INFO - __main__ - [vELECTRA] epoch 7 step 3200/6750 loss=0.0592
08/11/2026 10:56:52 - INFO - __main__ - [vELECTRA] epoch 7 step 3250/6750 loss=0.0441
08/11/2026 10:56:56 - INFO - __main__ - [vELECTRA] epoch 7 step 3300/6750 loss=0.0641
08/11/2026 10:57:01 - INFO - __main__ - [vELECTRA] epoch 7 step 3350/6750 loss=0.0503
08/11/2026 10:57:06 - INFO - __main__ - [vELECTRA] epoch 7 step 3400/6750 loss=0.0607
08/11/2026 10:57:11 - INFO - __main__ - [vELECTRA] epoch 7 step 3450/6750 loss=0.0513
08/11/2026 10:57:15 - INFO - __main__ - [vELECTRA] epoch 7 step 3500/6750 loss=0.0613
08/11/2026 10:57:20 - INFO - __main__ - [vELECTRA] epoch 7 step 3550/6750 loss=0.0412
08/11/2026 10:57:25 - INFO - __main__ - [vELECTRA] epoch 7 step 3600/6750 loss=0.0528
08/11/2026 10:57:30 - INFO - __main__ - [vELECTRA] epoch 7 step 3650/6750 loss=0.0670
08/11/2026 10:57:34 - INFO - __main__ - [vELECTRA] epoch 7 step 3700/6750 loss=0.0442
08/11/2026 10:57:39 - INFO - __main__ - [vELECTRA] epoch 7 step 3750/6750 loss=0.0524
08/11/2026 10:57:44 - INFO - __main__ - [vELECTRA] epoch 7 step 3800/6750 loss=0.0608
08/11/2026 10:57:49 - INFO - __main__ - [vELECTRA] epoch 7 step 3850/6750 loss=0.0627
08/11/2026 10:57:53 - INFO - __main__ - [vELECTRA] epoch 7 step 3900/6750 loss=0.0455
08/11/2026 10:57:58 - INFO - __main__ - [vELECTRA] epoch 7 step 3950/6750 loss=0.0534
08/11/2026 10:58:03 - INFO - __main__ - [vELECTRA] epoch 7 step 4000/6750 loss=0.0584
08/11/2026 10:58:08 - INFO - __main__ - [vELECTRA] epoch 7 step 4050/6750 loss=0.0617
08/11/2026 10:58:12 - INFO - __main__ - [vELECTRA] epoch 7 step 4100/6750 loss=0.0600
08/11/2026 10:58:17 - INFO - __main__ - [vELECTRA] epoch 7 step 4150/6750 loss=0.0624
08/11/2026 10:58:22 - INFO - __main__ - [vELECTRA] epoch 7 step 4200/6750 loss=0.0390
08/11/2026 10:58:27 - INFO - __main__ - [vELECTRA] epoch 7 step 4250/6750 loss=0.0614
08/11/2026 10:58:31 - INFO - __main__ - [vELECTRA] epoch 7 step 4300/6750 loss=0.0513
08/11/2026 10:58:36 - INFO - __main__ - [vELECTRA] epoch 7 step 4350/6750 loss=0.0507
08/11/2026 10:58:41 - INFO - __main__ - [vELECTRA] epoch 7 step 4400/6750 loss=0.0663
08/11/2026 10:58:46 - INFO - __main__ - [vELECTRA] epoch 7 step 4450/6750 loss=0.0690
08/11/2026 10:58:50 - INFO - __main__ - [vELECTRA] epoch 7 step 4500/6750 loss=0.0643
08/11/2026 10:58:55 - INFO - __main__ - [vELECTRA] epoch 7 step 4550/6750 loss=0.0555
08/11/2026 10:59:00 - INFO - __main__ - [vELECTRA] epoch 7 step 4600/6750 loss=0.0472
08/11/2026 10:59:05 - INFO - __main__ - [vELECTRA] epoch 7 step 4650/6750 loss=0.0452
08/11/2026 10:59:09 - INFO - __main__ - [vELECTRA] epoch 7 step 4700/6750 loss=0.0566
08/11/2026 10:59:14 - INFO - __main__ - [vELECTRA] epoch 7 step 4750/6750 loss=0.0565
08/11/2026 10:59:19 - INFO - __main__ - [vELECTRA] epoch 7 step 4800/6750 loss=0.0653
08/11/2026 10:59:24 - INFO - __main__ - [vELECTRA] epoch 7 step 4850/6750 loss=0.0494
08/11/2026 10:59:28 - INFO - __main__ - [vELECTRA] epoch 7 step 4900/6750 loss=0.0585
08/11/2026 10:59:33 - INFO - __main__ - [vELECTRA] epoch 7 step 4950/6750 loss=0.0397
08/11/2026 10:59:38 - INFO - __main__ - [vELECTRA] epoch 7 step 5000/6750 loss=0.0386
08/11/2026 10:59:43 - INFO - __main__ - [vELECTRA] epoch 7 step 5050/6750 loss=0.0566
08/11/2026 10:59:48 - INFO - __main__ - [vELECTRA] epoch 7 step 5100/6750 loss=0.0583
08/11/2026 10:59:52 - INFO - __main__ - [vELECTRA] epoch 7 step 5150/6750 loss=0.0594
08/11/2026 10:59:57 - INFO - __main__ - [vELECTRA] epoch 7 step 5200/6750 loss=0.0356
08/11/2026 11:00:02 - INFO - __main__ - [vELECTRA] epoch 7 step 5250/6750 loss=0.0291
08/11/2026 11:00:07 - INFO - __main__ - [vELECTRA] epoch 7 step 5300/6750 loss=0.0623
08/11/2026 11:00:11 - INFO - __main__ - [vELECTRA] epoch 7 step 5350/6750 loss=0.0567
08/11/2026 11:00:16 - INFO - __main__ - [vELECTRA] epoch 7 step 5400/6750 loss=0.0543
08/11/2026 11:00:21 - INFO - __main__ - [vELECTRA] epoch 7 step 5450/6750 loss=0.0513
08/11/2026 11:00:26 - INFO - __main__ - [vELECTRA] epoch 7 step 5500/6750 loss=0.0468
08/11/2026 11:00:30 - INFO - __main__ - [vELECTRA] epoch 7 step 5550/6750 loss=0.0569
08/11/2026 11:00:35 - INFO - __main__ - [vELECTRA] epoch 7 step 5600/6750 loss=0.0636
08/11/2026 11:00:40 - INFO - __main__ - [vELECTRA] epoch 7 step 5650/6750 loss=0.0701
08/11/2026 11:00:45 - INFO - __main__ - [vELECTRA] epoch 7 step 5700/6750 loss=0.0489
08/11/2026 11:00:49 - INFO - __main__ - [vELECTRA] epoch 7 step 5750/6750 loss=0.0955
08/11/2026 11:00:54 - INFO - __main__ - [vELECTRA] epoch 7 step 5800/6750 loss=0.0574
08/11/2026 11:00:59 - INFO - __main__ - [vELECTRA] epoch 7 step 5850/6750 loss=0.0623
08/11/2026 11:01:04 - INFO - __main__ - [vELECTRA] epoch 7 step 5900/6750 loss=0.0681
08/11/2026 11:01:08 - INFO - __main__ - [vELECTRA] epoch 7 step 5950/6750 loss=0.0614
08/11/2026 11:01:13 - INFO - __main__ - [vELECTRA] epoch 7 step 6000/6750 loss=0.0421
08/11/2026 11:01:18 - INFO - __main__ - [vELECTRA] epoch 7 step 6050/6750 loss=0.0451
08/11/2026 11:01:23 - INFO - __main__ - [vELECTRA] epoch 7 step 6100/6750 loss=0.0452
08/11/2026 11:01:27 - INFO - __main__ - [vELECTRA] epoch 7 step 6150/6750 loss=0.0454
08/11/2026 11:01:32 - INFO - __main__ - [vELECTRA] epoch 7 step 6200/6750 loss=0.0726
08/11/2026 11:01:37 - INFO - __main__ - [vELECTRA] epoch 7 step 6250/6750 loss=0.0537
08/11/2026 11:01:42 - INFO - __main__ - [vELECTRA] epoch 7 step 6300/6750 loss=0.0663
08/11/2026 11:01:46 - INFO - __main__ - [vELECTRA] epoch 7 step 6350/6750 loss=0.0675
08/11/2026 11:01:51 - INFO - __main__ - [vELECTRA] epoch 7 step 6400/6750 loss=0.0585
08/11/2026 11:01:56 - INFO - __main__ - [vELECTRA] epoch 7 step 6450/6750 loss=0.0577
08/11/2026 11:02:01 - INFO - __main__ - [vELECTRA] epoch 7 step 6500/6750 loss=0.0493
08/11/2026 11:02:05 - INFO - __main__ - [vELECTRA] epoch 7 step 6550/6750 loss=0.0618
08/11/2026 11:02:10 - INFO - __main__ - [vELECTRA] epoch 7 step 6600/6750 loss=0.0445
08/11/2026 11:02:15 - INFO - __main__ - [vELECTRA] epoch 7 step 6650/6750 loss=0.0536
08/11/2026 11:02:20 - INFO - __main__ - [vELECTRA] epoch 7 step 6700/6750 loss=0.0473
08/11/2026 11:02:24 - INFO - __main__ - [vELECTRA] epoch 7 step 6750/6750 loss=0.0625
08/11/2026 11:02:24 - INFO - __main__ - [vELECTRA] Epoch 7 xong sau 641.1s, avg_loss=0.0534
08/11/2026 11:06:13 - INFO - __main__ - [vELECTRA] Epoch 7 - Valid macro F1 = 0.5348
              precision    recall  f1-score   support

      PERIOD     0.8364    0.8455    0.8409    140170
       COMMA     0.7197    0.6838    0.7013    162056
       COLON     0.6366    0.4976    0.5586     10825
       QMARK     0.7096    0.6704    0.6894      4884
      EXCLAM     0.4349    0.1268    0.1963      2556
   SEMICOLON     0.4038    0.1533    0.2222      1944

   micro avg     0.7691    0.7400    0.7543    322435
   macro avg     0.6235    0.4962    0.5348    322435
weighted avg     0.7633    0.7400    0.7501    322435

08/11/2026 11:06:15 - INFO - __main__ - -> [vELECTRA] best checkpoint mới, macro F1 = 0.5348
/root/phopunct/baseline_plain.py:261: FutureWarning: `torch.cuda.amp.autocast(args...)` is deprecated. Please use `torch.amp.autocast('cuda', args...)` instead.
  with torch.cuda.amp.autocast(enabled=use_amp):
08/11/2026 11:06:20 - INFO - __main__ - [vELECTRA] epoch 8 step 50/6750 loss=0.0626
08/11/2026 11:06:25 - INFO - __main__ - [vELECTRA] epoch 8 step 100/6750 loss=0.0490
08/11/2026 11:06:29 - INFO - __main__ - [vELECTRA] epoch 8 step 150/6750 loss=0.0451
08/11/2026 11:06:34 - INFO - __main__ - [vELECTRA] epoch 8 step 200/6750 loss=0.0535
08/11/2026 11:06:39 - INFO - __main__ - [vELECTRA] epoch 8 step 250/6750 loss=0.0451
08/11/2026 11:06:44 - INFO - __main__ - [vELECTRA] epoch 8 step 300/6750 loss=0.0756
08/11/2026 11:06:48 - INFO - __main__ - [vELECTRA] epoch 8 step 350/6750 loss=0.0475
08/11/2026 11:06:53 - INFO - __main__ - [vELECTRA] epoch 8 step 400/6750 loss=0.0378
08/11/2026 11:06:58 - INFO - __main__ - [vELECTRA] epoch 8 step 450/6750 loss=0.0381
08/11/2026 11:07:03 - INFO - __main__ - [vELECTRA] epoch 8 step 500/6750 loss=0.0456
08/11/2026 11:07:07 - INFO - __main__ - [vELECTRA] epoch 8 step 550/6750 loss=0.0464
08/11/2026 11:07:12 - INFO - __main__ - [vELECTRA] epoch 8 step 600/6750 loss=0.0454
08/11/2026 11:07:17 - INFO - __main__ - [vELECTRA] epoch 8 step 650/6750 loss=0.0445
08/11/2026 11:07:22 - INFO - __main__ - [vELECTRA] epoch 8 step 700/6750 loss=0.0528
08/11/2026 11:07:26 - INFO - __main__ - [vELECTRA] epoch 8 step 750/6750 loss=0.0463
08/11/2026 11:07:31 - INFO - __main__ - [vELECTRA] epoch 8 step 800/6750 loss=0.0580
08/11/2026 11:07:36 - INFO - __main__ - [vELECTRA] epoch 8 step 850/6750 loss=0.0519
08/11/2026 11:07:41 - INFO - __main__ - [vELECTRA] epoch 8 step 900/6750 loss=0.0481
08/11/2026 11:07:46 - INFO - __main__ - [vELECTRA] epoch 8 step 950/6750 loss=0.0509
08/11/2026 11:07:50 - INFO - __main__ - [vELECTRA] epoch 8 step 1000/6750 loss=0.0536
08/11/2026 11:07:55 - INFO - __main__ - [vELECTRA] epoch 8 step 1050/6750 loss=0.0407
08/11/2026 11:08:00 - INFO - __main__ - [vELECTRA] epoch 8 step 1100/6750 loss=0.0389
08/11/2026 11:08:05 - INFO - __main__ - [vELECTRA] epoch 8 step 1150/6750 loss=0.0451
08/11/2026 11:08:09 - INFO - __main__ - [vELECTRA] epoch 8 step 1200/6750 loss=0.0515
08/11/2026 11:08:14 - INFO - __main__ - [vELECTRA] epoch 8 step 1250/6750 loss=0.0491
08/11/2026 11:08:19 - INFO - __main__ - [vELECTRA] epoch 8 step 1300/6750 loss=0.0467
08/11/2026 11:08:24 - INFO - __main__ - [vELECTRA] epoch 8 step 1350/6750 loss=0.0591
08/11/2026 11:08:28 - INFO - __main__ - [vELECTRA] epoch 8 step 1400/6750 loss=0.0463
08/11/2026 11:08:33 - INFO - __main__ - [vELECTRA] epoch 8 step 1450/6750 loss=0.0529
08/11/2026 11:08:38 - INFO - __main__ - [vELECTRA] epoch 8 step 1500/6750 loss=0.0450
08/11/2026 11:08:43 - INFO - __main__ - [vELECTRA] epoch 8 step 1550/6750 loss=0.0538
08/11/2026 11:08:47 - INFO - __main__ - [vELECTRA] epoch 8 step 1600/6750 loss=0.0539
08/11/2026 11:08:52 - INFO - __main__ - [vELECTRA] epoch 8 step 1650/6750 loss=0.0489
08/11/2026 11:08:57 - INFO - __main__ - [vELECTRA] epoch 8 step 1700/6750 loss=0.0382
08/11/2026 11:09:02 - INFO - __main__ - [vELECTRA] epoch 8 step 1750/6750 loss=0.0494
08/11/2026 11:09:07 - INFO - __main__ - [vELECTRA] epoch 8 step 1800/6750 loss=0.0427
08/11/2026 11:09:11 - INFO - __main__ - [vELECTRA] epoch 8 step 1850/6750 loss=0.0514
08/11/2026 11:09:16 - INFO - __main__ - [vELECTRA] epoch 8 step 1900/6750 loss=0.0426
08/11/2026 11:09:21 - INFO - __main__ - [vELECTRA] epoch 8 step 1950/6750 loss=0.0404
08/11/2026 11:09:26 - INFO - __main__ - [vELECTRA] epoch 8 step 2000/6750 loss=0.0452
08/11/2026 11:09:30 - INFO - __main__ - [vELECTRA] epoch 8 step 2050/6750 loss=0.0433
08/11/2026 11:09:35 - INFO - __main__ - [vELECTRA] epoch 8 step 2100/6750 loss=0.0619
08/11/2026 11:09:40 - INFO - __main__ - [vELECTRA] epoch 8 step 2150/6750 loss=0.0371
08/11/2026 11:09:45 - INFO - __main__ - [vELECTRA] epoch 8 step 2200/6750 loss=0.0527
08/11/2026 11:09:49 - INFO - __main__ - [vELECTRA] epoch 8 step 2250/6750 loss=0.0342
08/11/2026 11:09:54 - INFO - __main__ - [vELECTRA] epoch 8 step 2300/6750 loss=0.0580
08/11/2026 11:09:59 - INFO - __main__ - [vELECTRA] epoch 8 step 2350/6750 loss=0.0523
08/11/2026 11:10:04 - INFO - __main__ - [vELECTRA] epoch 8 step 2400/6750 loss=0.0452
08/11/2026 11:10:08 - INFO - __main__ - [vELECTRA] epoch 8 step 2450/6750 loss=0.0377
08/11/2026 11:10:13 - INFO - __main__ - [vELECTRA] epoch 8 step 2500/6750 loss=0.0518
08/11/2026 11:10:18 - INFO - __main__ - [vELECTRA] epoch 8 step 2550/6750 loss=0.0535
08/11/2026 11:10:23 - INFO - __main__ - [vELECTRA] epoch 8 step 2600/6750 loss=0.0552
08/11/2026 11:10:27 - INFO - __main__ - [vELECTRA] epoch 8 step 2650/6750 loss=0.0530
08/11/2026 11:10:32 - INFO - __main__ - [vELECTRA] epoch 8 step 2700/6750 loss=0.0511
08/11/2026 11:10:37 - INFO - __main__ - [vELECTRA] epoch 8 step 2750/6750 loss=0.0416
08/11/2026 11:10:42 - INFO - __main__ - [vELECTRA] epoch 8 step 2800/6750 loss=0.0516
08/11/2026 11:10:47 - INFO - __main__ - [vELECTRA] epoch 8 step 2850/6750 loss=0.0503
08/11/2026 11:10:51 - INFO - __main__ - [vELECTRA] epoch 8 step 2900/6750 loss=0.0445
08/11/2026 11:10:56 - INFO - __main__ - [vELECTRA] epoch 8 step 2950/6750 loss=0.0357
08/11/2026 11:11:01 - INFO - __main__ - [vELECTRA] epoch 8 step 3000/6750 loss=0.0588
08/11/2026 11:11:06 - INFO - __main__ - [vELECTRA] epoch 8 step 3050/6750 loss=0.0559
08/11/2026 11:11:10 - INFO - __main__ - [vELECTRA] epoch 8 step 3100/6750 loss=0.0453
08/11/2026 11:11:15 - INFO - __main__ - [vELECTRA] epoch 8 step 3150/6750 loss=0.0472
08/11/2026 11:11:20 - INFO - __main__ - [vELECTRA] epoch 8 step 3200/6750 loss=0.0408
08/11/2026 11:11:25 - INFO - __main__ - [vELECTRA] epoch 8 step 3250/6750 loss=0.0419
08/11/2026 11:11:29 - INFO - __main__ - [vELECTRA] epoch 8 step 3300/6750 loss=0.0421
08/11/2026 11:11:34 - INFO - __main__ - [vELECTRA] epoch 8 step 3350/6750 loss=0.0369
08/11/2026 11:11:39 - INFO - __main__ - [vELECTRA] epoch 8 step 3400/6750 loss=0.0539
08/11/2026 11:11:44 - INFO - __main__ - [vELECTRA] epoch 8 step 3450/6750 loss=0.0533
08/11/2026 11:11:48 - INFO - __main__ - [vELECTRA] epoch 8 step 3500/6750 loss=0.0306
08/11/2026 11:11:53 - INFO - __main__ - [vELECTRA] epoch 8 step 3550/6750 loss=0.0548
08/11/2026 11:11:58 - INFO - __main__ - [vELECTRA] epoch 8 step 3600/6750 loss=0.0664
08/11/2026 11:12:03 - INFO - __main__ - [vELECTRA] epoch 8 step 3650/6750 loss=0.0370
08/11/2026 11:12:07 - INFO - __main__ - [vELECTRA] epoch 8 step 3700/6750 loss=0.0433
08/11/2026 11:12:12 - INFO - __main__ - [vELECTRA] epoch 8 step 3750/6750 loss=0.0486
08/11/2026 11:12:17 - INFO - __main__ - [vELECTRA] epoch 8 step 3800/6750 loss=0.0563
08/11/2026 11:12:22 - INFO - __main__ - [vELECTRA] epoch 8 step 3850/6750 loss=0.0349
08/11/2026 11:12:27 - INFO - __main__ - [vELECTRA] epoch 8 step 3900/6750 loss=0.0367
08/11/2026 11:12:31 - INFO - __main__ - [vELECTRA] epoch 8 step 3950/6750 loss=0.0315
08/11/2026 11:12:36 - INFO - __main__ - [vELECTRA] epoch 8 step 4000/6750 loss=0.0601
08/11/2026 11:12:41 - INFO - __main__ - [vELECTRA] epoch 8 step 4050/6750 loss=0.0640
08/11/2026 11:12:46 - INFO - __main__ - [vELECTRA] epoch 8 step 4100/6750 loss=0.0781
08/11/2026 11:12:50 - INFO - __main__ - [vELECTRA] epoch 8 step 4150/6750 loss=0.0323
08/11/2026 11:12:55 - INFO - __main__ - [vELECTRA] epoch 8 step 4200/6750 loss=0.0373
08/11/2026 11:13:00 - INFO - __main__ - [vELECTRA] epoch 8 step 4250/6750 loss=0.0379
08/11/2026 11:13:05 - INFO - __main__ - [vELECTRA] epoch 8 step 4300/6750 loss=0.0264
08/11/2026 11:13:10 - INFO - __main__ - [vELECTRA] epoch 8 step 4350/6750 loss=0.0448
08/11/2026 11:13:14 - INFO - __main__ - [vELECTRA] epoch 8 step 4400/6750 loss=0.0494
08/11/2026 11:13:19 - INFO - __main__ - [vELECTRA] epoch 8 step 4450/6750 loss=0.0563
08/11/2026 11:13:24 - INFO - __main__ - [vELECTRA] epoch 8 step 4500/6750 loss=0.0576
08/11/2026 11:13:29 - INFO - __main__ - [vELECTRA] epoch 8 step 4550/6750 loss=0.0515
08/11/2026 11:13:33 - INFO - __main__ - [vELECTRA] epoch 8 step 4600/6750 loss=0.0391
08/11/2026 11:13:38 - INFO - __main__ - [vELECTRA] epoch 8 step 4650/6750 loss=0.0725
08/11/2026 11:13:43 - INFO - __main__ - [vELECTRA] epoch 8 step 4700/6750 loss=0.0480
08/11/2026 11:13:48 - INFO - __main__ - [vELECTRA] epoch 8 step 4750/6750 loss=0.0542
08/11/2026 11:13:52 - INFO - __main__ - [vELECTRA] epoch 8 step 4800/6750 loss=0.0570
08/11/2026 11:13:57 - INFO - __main__ - [vELECTRA] epoch 8 step 4850/6750 loss=0.0436
08/11/2026 11:14:02 - INFO - __main__ - [vELECTRA] epoch 8 step 4900/6750 loss=0.0523
08/11/2026 11:14:07 - INFO - __main__ - [vELECTRA] epoch 8 step 4950/6750 loss=0.0498
08/11/2026 11:14:11 - INFO - __main__ - [vELECTRA] epoch 8 step 5000/6750 loss=0.0497
08/11/2026 11:14:16 - INFO - __main__ - [vELECTRA] epoch 8 step 5050/6750 loss=0.0691
08/11/2026 11:14:21 - INFO - __main__ - [vELECTRA] epoch 8 step 5100/6750 loss=0.0480
08/11/2026 11:14:26 - INFO - __main__ - [vELECTRA] epoch 8 step 5150/6750 loss=0.0505
08/11/2026 11:14:30 - INFO - __main__ - [vELECTRA] epoch 8 step 5200/6750 loss=0.0368
08/11/2026 11:14:35 - INFO - __main__ - [vELECTRA] epoch 8 step 5250/6750 loss=0.0651
08/11/2026 11:14:40 - INFO - __main__ - [vELECTRA] epoch 8 step 5300/6750 loss=0.0633
08/11/2026 11:14:45 - INFO - __main__ - [vELECTRA] epoch 8 step 5350/6750 loss=0.0555
08/11/2026 11:14:49 - INFO - __main__ - [vELECTRA] epoch 8 step 5400/6750 loss=0.0403
08/11/2026 11:14:54 - INFO - __main__ - [vELECTRA] epoch 8 step 5450/6750 loss=0.0492
08/11/2026 11:14:59 - INFO - __main__ - [vELECTRA] epoch 8 step 5500/6750 loss=0.0610
08/11/2026 11:15:04 - INFO - __main__ - [vELECTRA] epoch 8 step 5550/6750 loss=0.0468
08/11/2026 11:15:08 - INFO - __main__ - [vELECTRA] epoch 8 step 5600/6750 loss=0.0397
08/11/2026 11:15:13 - INFO - __main__ - [vELECTRA] epoch 8 step 5650/6750 loss=0.0488
08/11/2026 11:15:18 - INFO - __main__ - [vELECTRA] epoch 8 step 5700/6750 loss=0.0383
08/11/2026 11:15:23 - INFO - __main__ - [vELECTRA] epoch 8 step 5750/6750 loss=0.0555
08/11/2026 11:15:28 - INFO - __main__ - [vELECTRA] epoch 8 step 5800/6750 loss=0.0409
08/11/2026 11:15:32 - INFO - __main__ - [vELECTRA] epoch 8 step 5850/6750 loss=0.0577
08/11/2026 11:15:37 - INFO - __main__ - [vELECTRA] epoch 8 step 5900/6750 loss=0.0454
08/11/2026 11:15:42 - INFO - __main__ - [vELECTRA] epoch 8 step 5950/6750 loss=0.0634
08/11/2026 11:15:47 - INFO - __main__ - [vELECTRA] epoch 8 step 6000/6750 loss=0.0468
08/11/2026 11:15:51 - INFO - __main__ - [vELECTRA] epoch 8 step 6050/6750 loss=0.0473
08/11/2026 11:15:56 - INFO - __main__ - [vELECTRA] epoch 8 step 6100/6750 loss=0.0416
08/11/2026 11:16:01 - INFO - __main__ - [vELECTRA] epoch 8 step 6150/6750 loss=0.0706
08/11/2026 11:16:06 - INFO - __main__ - [vELECTRA] epoch 8 step 6200/6750 loss=0.0379
08/11/2026 11:16:10 - INFO - __main__ - [vELECTRA] epoch 8 step 6250/6750 loss=0.0435
08/11/2026 11:16:15 - INFO - __main__ - [vELECTRA] epoch 8 step 6300/6750 loss=0.0617
08/11/2026 11:16:20 - INFO - __main__ - [vELECTRA] epoch 8 step 6350/6750 loss=0.0410
08/11/2026 11:16:25 - INFO - __main__ - [vELECTRA] epoch 8 step 6400/6750 loss=0.0511
08/11/2026 11:16:29 - INFO - __main__ - [vELECTRA] epoch 8 step 6450/6750 loss=0.0454
08/11/2026 11:16:34 - INFO - __main__ - [vELECTRA] epoch 8 step 6500/6750 loss=0.0476
08/11/2026 11:16:39 - INFO - __main__ - [vELECTRA] epoch 8 step 6550/6750 loss=0.0404
08/11/2026 11:16:44 - INFO - __main__ - [vELECTRA] epoch 8 step 6600/6750 loss=0.0608
08/11/2026 11:16:49 - INFO - __main__ - [vELECTRA] epoch 8 step 6650/6750 loss=0.0431
08/11/2026 11:16:53 - INFO - __main__ - [vELECTRA] epoch 8 step 6700/6750 loss=0.0671
08/11/2026 11:16:58 - INFO - __main__ - [vELECTRA] epoch 8 step 6750/6750 loss=0.0520
08/11/2026 11:16:58 - INFO - __main__ - [vELECTRA] Epoch 8 xong sau 642.9s, avg_loss=0.0497
08/11/2026 11:24:35 - INFO - __main__ - [vELECTRA] Epoch 8 - Valid macro F1 = 0.5380
              precision    recall  f1-score   support

      PERIOD     0.8379    0.8438    0.8408    140170
       COMMA     0.7219    0.6788    0.6997    162056
       COLON     0.6193    0.5141    0.5618     10825
       QMARK     0.7105    0.6714    0.6904      4884
      EXCLAM     0.4047    0.1362    0.2037      2556
   SEMICOLON     0.3997    0.1631    0.2316      1944

   micro avg     0.7700    0.7375    0.7534    322435
   macro avg     0.6157    0.5012    0.5380    322435
weighted avg     0.7642    0.7375    0.7495    322435

08/11/2026 11:24:42 - INFO - __main__ - -> [vELECTRA] best checkpoint mới, macro F1 = 0.5380
08/11/2026 11:24:42 - INFO - __main__ - [vELECTRA] Train xong. Best macro F1 = 0.5380. Checkpoint tại /root/phopunct/outputs/velectra_plain_news
