08/11/2026 13:56:31 - INFO - __main__ - === XLM-R | backbone=xlm-roberta-base ===
08/11/2026 13:56:31 - INFO - __main__ - {
  "model_key": "xlmr",
  "use_bilstm": false,
  "data_dir": "/root/phopunct/data/punctuation/News",
  "output_dir": "/root/phopunct/outputs/xlmr_plain_news",
  "max_seq_length": 256,
  "lstm_hidden_size": 128,
  "train_batch_size": 16,
  "eval_batch_size": 32,
  "num_train_epochs": 8.0,
  "learning_rate": 2e-05,
  "warmup_ratio": 0.06,
  "max_grad_norm": 1.0,
  "seed": 42,
  "device": "cuda",
  "fp16": true,
  "max_train_examples": null,
  "max_eval_examples": null,
  "logging_steps": 50
}
08/11/2026 13:56:31 - INFO - httpx - HTTP Request: HEAD https://huggingface.co/xlm-roberta-base/resolve/main/config.json "HTTP/1.1 200 OK"
08/11/2026 13:56:31 - INFO - httpx - HTTP Request: HEAD https://huggingface.co/xlm-roberta-base/resolve/main/tokenizer_config.json "HTTP/1.1 200 OK"
Warning: You are sending unauthenticated requests to the HF Hub. Please set a HF_TOKEN to enable higher rate limits and faster downloads.
08/11/2026 13:56:31 - WARNING - huggingface_hub.utils._http - Warning: You are sending unauthenticated requests to the HF Hub. Please set a HF_TOKEN to enable higher rate limits and faster downloads.
08/11/2026 13:56:31 - INFO - httpx - HTTP Request: GET https://huggingface.co/api/models/xlm-roberta-base/tree/main/additional_chat_templates?recursive=false&expand=false "HTTP/1.1 307 Temporary Redirect"
08/11/2026 13:56:31 - INFO - httpx - HTTP Request: GET https://huggingface.co/api/models/FacebookAI/xlm-roberta-base/tree/main/additional_chat_templates?recursive=false&expand=false "HTTP/1.1 404 Not Found"
08/11/2026 13:56:31 - INFO - httpx - HTTP Request: GET https://huggingface.co/api/models/xlm-roberta-base/tree/main?recursive=true&expand=false "HTTP/1.1 307 Temporary Redirect"
08/11/2026 13:56:31 - INFO - httpx - HTTP Request: GET https://huggingface.co/api/models/FacebookAI/xlm-roberta-base/tree/main?recursive=true&expand=false "HTTP/1.1 200 OK"
08/11/2026 13:56:33 - INFO - httpx - HTTP Request: GET https://huggingface.co/api/models/xlm-roberta-base "HTTP/1.1 307 Temporary Redirect"
08/11/2026 13:56:33 - INFO - httpx - HTTP Request: GET https://huggingface.co/api/models/FacebookAI/xlm-roberta-base "HTTP/1.1 200 OK"
08/11/2026 13:56:33 - INFO - __main__ - Đang nạp dữ liệu train...
08/11/2026 13:57:28 - INFO - punc_dataset_word - convert_examples_to_features: 108000 examples -> 108000 features (0 rỗng bị bỏ, 7 bị truncate)
08/11/2026 13:57:35 - INFO - __main__ - Đang nạp dữ liệu valid...
08/11/2026 13:57:54 - INFO - punc_dataset_word - convert_examples_to_features: 36191 examples -> 36191 features (0 rỗng bị bỏ, 1 bị truncate)
08/11/2026 13:57:56 - INFO - __main__ - Train: 108000 features | Valid: 36191 features
08/11/2026 13:57:56 - INFO - httpx - HTTP Request: HEAD https://huggingface.co/xlm-roberta-base/resolve/main/config.json "HTTP/1.1 200 OK"
Loading weights:   0%|          | 0/199 [00:00<?, ?it/s]Loading weights: 100%|██████████| 199/199 [00:00<00:00, 8285.85it/s]
[transformers] [1mXLMRobertaModel LOAD REPORT[0m from: xlm-roberta-base
Key                       | Status     |  | 
--------------------------+------------+--+-
lm_head.dense.bias        | UNEXPECTED |  | 
lm_head.bias              | UNEXPECTED |  | 
lm_head.layer_norm.bias   | UNEXPECTED |  | 
lm_head.dense.weight      | UNEXPECTED |  | 
lm_head.layer_norm.weight | UNEXPECTED |  | 

Notes:
- UNEXPECTED:	can be ignored when loading from different task/architecture; not ok if you expect identical arch.
/root/phopunct/baseline_plain.py:247: FutureWarning: `torch.cuda.amp.GradScaler(args...)` is deprecated. Please use `torch.amp.GradScaler('cuda', args...)` instead.
  scaler = torch.cuda.amp.GradScaler(enabled=use_amp)
/root/phopunct/baseline_plain.py:261: FutureWarning: `torch.cuda.amp.autocast(args...)` is deprecated. Please use `torch.amp.autocast('cuda', args...)` instead.
  with torch.cuda.amp.autocast(enabled=use_amp):
/root/phopunct/baseline_plain.py:274: UserWarning: Detected call of `lr_scheduler.step()` before `optimizer.step()`. In PyTorch 1.1.0 and later, you should call them in the opposite order: `optimizer.step()` before `lr_scheduler.step()`.  Failure to do this will result in PyTorch skipping the first value of the learning rate schedule. See more details at https://pytorch.org/docs/stable/optim.html#how-to-adjust-learning-rate
  scheduler.step()
08/11/2026 13:58:03 - INFO - __main__ - [XLM-R] epoch 1 step 50/6750 loss=1.9828
08/11/2026 13:58:09 - INFO - __main__ - [XLM-R] epoch 1 step 100/6750 loss=1.7858
08/11/2026 13:58:15 - INFO - __main__ - [XLM-R] epoch 1 step 150/6750 loss=0.8599
08/11/2026 13:58:21 - INFO - __main__ - [XLM-R] epoch 1 step 200/6750 loss=0.3215
08/11/2026 13:58:27 - INFO - __main__ - [XLM-R] epoch 1 step 250/6750 loss=0.3334
08/11/2026 13:58:33 - INFO - __main__ - [XLM-R] epoch 1 step 300/6750 loss=0.2635
08/11/2026 13:58:39 - INFO - __main__ - [XLM-R] epoch 1 step 350/6750 loss=0.2583
08/11/2026 13:58:45 - INFO - __main__ - [XLM-R] epoch 1 step 400/6750 loss=0.2240
08/11/2026 13:58:51 - INFO - __main__ - [XLM-R] epoch 1 step 450/6750 loss=0.2217
08/11/2026 13:58:57 - INFO - __main__ - [XLM-R] epoch 1 step 500/6750 loss=0.2365
08/11/2026 13:59:03 - INFO - __main__ - [XLM-R] epoch 1 step 550/6750 loss=0.2018
08/11/2026 13:59:09 - INFO - __main__ - [XLM-R] epoch 1 step 600/6750 loss=0.1870
08/11/2026 13:59:15 - INFO - __main__ - [XLM-R] epoch 1 step 650/6750 loss=0.1886
08/11/2026 13:59:21 - INFO - __main__ - [XLM-R] epoch 1 step 700/6750 loss=0.1833
08/11/2026 13:59:27 - INFO - __main__ - [XLM-R] epoch 1 step 750/6750 loss=0.1698
08/11/2026 13:59:33 - INFO - __main__ - [XLM-R] epoch 1 step 800/6750 loss=0.1784
08/11/2026 13:59:39 - INFO - __main__ - [XLM-R] epoch 1 step 850/6750 loss=0.1542
08/11/2026 13:59:45 - INFO - __main__ - [XLM-R] epoch 1 step 900/6750 loss=0.1472
08/11/2026 13:59:51 - INFO - __main__ - [XLM-R] epoch 1 step 950/6750 loss=0.1204
08/11/2026 13:59:57 - INFO - __main__ - [XLM-R] epoch 1 step 1000/6750 loss=0.1675
08/11/2026 14:00:03 - INFO - __main__ - [XLM-R] epoch 1 step 1050/6750 loss=0.1743
08/11/2026 14:00:09 - INFO - __main__ - [XLM-R] epoch 1 step 1100/6750 loss=0.1377
08/11/2026 14:00:15 - INFO - __main__ - [XLM-R] epoch 1 step 1150/6750 loss=0.1398
08/11/2026 14:00:21 - INFO - __main__ - [XLM-R] epoch 1 step 1200/6750 loss=0.1184
08/11/2026 14:00:27 - INFO - __main__ - [XLM-R] epoch 1 step 1250/6750 loss=0.1273
08/11/2026 14:00:33 - INFO - __main__ - [XLM-R] epoch 1 step 1300/6750 loss=0.1370
08/11/2026 14:00:39 - INFO - __main__ - [XLM-R] epoch 1 step 1350/6750 loss=0.1439
08/11/2026 14:00:45 - INFO - __main__ - [XLM-R] epoch 1 step 1400/6750 loss=0.1406
08/11/2026 14:00:51 - INFO - __main__ - [XLM-R] epoch 1 step 1450/6750 loss=0.1958
08/11/2026 14:00:57 - INFO - __main__ - [XLM-R] epoch 1 step 1500/6750 loss=0.1192
08/11/2026 14:01:03 - INFO - __main__ - [XLM-R] epoch 1 step 1550/6750 loss=0.1362
08/11/2026 14:01:09 - INFO - __main__ - [XLM-R] epoch 1 step 1600/6750 loss=0.1121
08/11/2026 14:01:15 - INFO - __main__ - [XLM-R] epoch 1 step 1650/6750 loss=0.1280
08/11/2026 14:01:21 - INFO - __main__ - [XLM-R] epoch 1 step 1700/6750 loss=0.1161
08/11/2026 14:01:27 - INFO - __main__ - [XLM-R] epoch 1 step 1750/6750 loss=0.0967
08/11/2026 14:01:33 - INFO - __main__ - [XLM-R] epoch 1 step 1800/6750 loss=0.0921
08/11/2026 14:01:39 - INFO - __main__ - [XLM-R] epoch 1 step 1850/6750 loss=0.1463
08/11/2026 14:01:45 - INFO - __main__ - [XLM-R] epoch 1 step 1900/6750 loss=0.1530
08/11/2026 14:01:52 - INFO - __main__ - [XLM-R] epoch 1 step 1950/6750 loss=0.0860
08/11/2026 14:01:58 - INFO - __main__ - [XLM-R] epoch 1 step 2000/6750 loss=0.1497
08/11/2026 14:02:04 - INFO - __main__ - [XLM-R] epoch 1 step 2050/6750 loss=0.1318
08/11/2026 14:02:10 - INFO - __main__ - [XLM-R] epoch 1 step 2100/6750 loss=0.1013
08/11/2026 14:02:16 - INFO - __main__ - [XLM-R] epoch 1 step 2150/6750 loss=0.0929
08/11/2026 14:02:22 - INFO - __main__ - [XLM-R] epoch 1 step 2200/6750 loss=0.0995
08/11/2026 14:02:28 - INFO - __main__ - [XLM-R] epoch 1 step 2250/6750 loss=0.1260
08/11/2026 14:02:34 - INFO - __main__ - [XLM-R] epoch 1 step 2300/6750 loss=0.1197
08/11/2026 14:02:41 - INFO - __main__ - [XLM-R] epoch 1 step 2350/6750 loss=0.1272
08/11/2026 14:02:47 - INFO - __main__ - [XLM-R] epoch 1 step 2400/6750 loss=0.1152
08/11/2026 14:02:53 - INFO - __main__ - [XLM-R] epoch 1 step 2450/6750 loss=0.1038
08/11/2026 14:02:59 - INFO - __main__ - [XLM-R] epoch 1 step 2500/6750 loss=0.1163
08/11/2026 14:03:05 - INFO - __main__ - [XLM-R] epoch 1 step 2550/6750 loss=0.0947
08/11/2026 14:03:11 - INFO - __main__ - [XLM-R] epoch 1 step 2600/6750 loss=0.1148
08/11/2026 14:03:17 - INFO - __main__ - [XLM-R] epoch 1 step 2650/6750 loss=0.1027
08/11/2026 14:03:23 - INFO - __main__ - [XLM-R] epoch 1 step 2700/6750 loss=0.1409
08/11/2026 14:03:30 - INFO - __main__ - [XLM-R] epoch 1 step 2750/6750 loss=0.1216
08/11/2026 14:03:36 - INFO - __main__ - [XLM-R] epoch 1 step 2800/6750 loss=0.1089
08/11/2026 14:03:42 - INFO - __main__ - [XLM-R] epoch 1 step 2850/6750 loss=0.1052
08/11/2026 14:03:48 - INFO - __main__ - [XLM-R] epoch 1 step 2900/6750 loss=0.0845
08/11/2026 14:03:54 - INFO - __main__ - [XLM-R] epoch 1 step 2950/6750 loss=0.0830
08/11/2026 14:04:00 - INFO - __main__ - [XLM-R] epoch 1 step 3000/6750 loss=0.0927
08/11/2026 14:04:06 - INFO - __main__ - [XLM-R] epoch 1 step 3050/6750 loss=0.1119
08/11/2026 14:04:13 - INFO - __main__ - [XLM-R] epoch 1 step 3100/6750 loss=0.1027
08/11/2026 14:04:19 - INFO - __main__ - [XLM-R] epoch 1 step 3150/6750 loss=0.0694
08/11/2026 14:04:25 - INFO - __main__ - [XLM-R] epoch 1 step 3200/6750 loss=0.0902
08/11/2026 14:04:31 - INFO - __main__ - [XLM-R] epoch 1 step 3250/6750 loss=0.0851
08/11/2026 14:04:37 - INFO - __main__ - [XLM-R] epoch 1 step 3300/6750 loss=0.0962
08/11/2026 14:04:43 - INFO - __main__ - [XLM-R] epoch 1 step 3350/6750 loss=0.0890
08/11/2026 14:04:49 - INFO - __main__ - [XLM-R] epoch 1 step 3400/6750 loss=0.0961
08/11/2026 14:04:56 - INFO - __main__ - [XLM-R] epoch 1 step 3450/6750 loss=0.0856
08/11/2026 14:05:02 - INFO - __main__ - [XLM-R] epoch 1 step 3500/6750 loss=0.0911
08/11/2026 14:05:08 - INFO - __main__ - [XLM-R] epoch 1 step 3550/6750 loss=0.1138
08/11/2026 14:05:14 - INFO - __main__ - [XLM-R] epoch 1 step 3600/6750 loss=0.0844
08/11/2026 14:05:20 - INFO - __main__ - [XLM-R] epoch 1 step 3650/6750 loss=0.0943
08/11/2026 14:05:26 - INFO - __main__ - [XLM-R] epoch 1 step 3700/6750 loss=0.1016
08/11/2026 14:05:32 - INFO - __main__ - [XLM-R] epoch 1 step 3750/6750 loss=0.0950
08/11/2026 14:05:38 - INFO - __main__ - [XLM-R] epoch 1 step 3800/6750 loss=0.0926
08/11/2026 14:05:45 - INFO - __main__ - [XLM-R] epoch 1 step 3850/6750 loss=0.0833
08/11/2026 14:05:51 - INFO - __main__ - [XLM-R] epoch 1 step 3900/6750 loss=0.1036
08/11/2026 14:05:57 - INFO - __main__ - [XLM-R] epoch 1 step 3950/6750 loss=0.0842
08/11/2026 14:06:03 - INFO - __main__ - [XLM-R] epoch 1 step 4000/6750 loss=0.1259
08/11/2026 14:06:09 - INFO - __main__ - [XLM-R] epoch 1 step 4050/6750 loss=0.0969
08/11/2026 14:06:15 - INFO - __main__ - [XLM-R] epoch 1 step 4100/6750 loss=0.1011
08/11/2026 14:06:21 - INFO - __main__ - [XLM-R] epoch 1 step 4150/6750 loss=0.0767
08/11/2026 14:06:27 - INFO - __main__ - [XLM-R] epoch 1 step 4200/6750 loss=0.0775
08/11/2026 14:06:33 - INFO - __main__ - [XLM-R] epoch 1 step 4250/6750 loss=0.0992
08/11/2026 14:06:39 - INFO - __main__ - [XLM-R] epoch 1 step 4300/6750 loss=0.0893
08/11/2026 14:06:46 - INFO - __main__ - [XLM-R] epoch 1 step 4350/6750 loss=0.1069
08/11/2026 14:06:52 - INFO - __main__ - [XLM-R] epoch 1 step 4400/6750 loss=0.1261
08/11/2026 14:06:58 - INFO - __main__ - [XLM-R] epoch 1 step 4450/6750 loss=0.1117
08/11/2026 14:07:04 - INFO - __main__ - [XLM-R] epoch 1 step 4500/6750 loss=0.0925
08/11/2026 14:07:10 - INFO - __main__ - [XLM-R] epoch 1 step 4550/6750 loss=0.0752
08/11/2026 14:07:16 - INFO - __main__ - [XLM-R] epoch 1 step 4600/6750 loss=0.0985
08/11/2026 14:07:22 - INFO - __main__ - [XLM-R] epoch 1 step 4650/6750 loss=0.0961
08/11/2026 14:07:28 - INFO - __main__ - [XLM-R] epoch 1 step 4700/6750 loss=0.0972
08/11/2026 14:07:34 - INFO - __main__ - [XLM-R] epoch 1 step 4750/6750 loss=0.0719
08/11/2026 14:07:41 - INFO - __main__ - [XLM-R] epoch 1 step 4800/6750 loss=0.0769
08/11/2026 14:07:47 - INFO - __main__ - [XLM-R] epoch 1 step 4850/6750 loss=0.0999
08/11/2026 14:07:53 - INFO - __main__ - [XLM-R] epoch 1 step 4900/6750 loss=0.1015
08/11/2026 14:07:59 - INFO - __main__ - [XLM-R] epoch 1 step 4950/6750 loss=0.0882
08/11/2026 14:08:05 - INFO - __main__ - [XLM-R] epoch 1 step 5000/6750 loss=0.0684
08/11/2026 14:08:11 - INFO - __main__ - [XLM-R] epoch 1 step 5050/6750 loss=0.0659
08/11/2026 14:08:17 - INFO - __main__ - [XLM-R] epoch 1 step 5100/6750 loss=0.1013
08/11/2026 14:08:23 - INFO - __main__ - [XLM-R] epoch 1 step 5150/6750 loss=0.0618
08/11/2026 14:08:29 - INFO - __main__ - [XLM-R] epoch 1 step 5200/6750 loss=0.0854
08/11/2026 14:08:35 - INFO - __main__ - [XLM-R] epoch 1 step 5250/6750 loss=0.0748
08/11/2026 14:08:41 - INFO - __main__ - [XLM-R] epoch 1 step 5300/6750 loss=0.0585
08/11/2026 14:08:48 - INFO - __main__ - [XLM-R] epoch 1 step 5350/6750 loss=0.1030
08/11/2026 14:08:54 - INFO - __main__ - [XLM-R] epoch 1 step 5400/6750 loss=0.0966
08/11/2026 14:09:00 - INFO - __main__ - [XLM-R] epoch 1 step 5450/6750 loss=0.1184
08/11/2026 14:09:06 - INFO - __main__ - [XLM-R] epoch 1 step 5500/6750 loss=0.0824
08/11/2026 14:09:12 - INFO - __main__ - [XLM-R] epoch 1 step 5550/6750 loss=0.0790
08/11/2026 14:09:18 - INFO - __main__ - [XLM-R] epoch 1 step 5600/6750 loss=0.0884
08/11/2026 14:09:24 - INFO - __main__ - [XLM-R] epoch 1 step 5650/6750 loss=0.1419
08/11/2026 14:09:30 - INFO - __main__ - [XLM-R] epoch 1 step 5700/6750 loss=0.1082
08/11/2026 14:09:36 - INFO - __main__ - [XLM-R] epoch 1 step 5750/6750 loss=0.0941
08/11/2026 14:09:42 - INFO - __main__ - [XLM-R] epoch 1 step 5800/6750 loss=0.0847
08/11/2026 14:09:48 - INFO - __main__ - [XLM-R] epoch 1 step 5850/6750 loss=0.0715
08/11/2026 14:09:54 - INFO - __main__ - [XLM-R] epoch 1 step 5900/6750 loss=0.0832
08/11/2026 14:10:00 - INFO - __main__ - [XLM-R] epoch 1 step 5950/6750 loss=0.0909
08/11/2026 14:10:06 - INFO - __main__ - [XLM-R] epoch 1 step 6000/6750 loss=0.0836
08/11/2026 14:10:12 - INFO - __main__ - [XLM-R] epoch 1 step 6050/6750 loss=0.0833
08/11/2026 14:10:18 - INFO - __main__ - [XLM-R] epoch 1 step 6100/6750 loss=0.0637
08/11/2026 14:10:24 - INFO - __main__ - [XLM-R] epoch 1 step 6150/6750 loss=0.1275
08/11/2026 14:10:31 - INFO - __main__ - [XLM-R] epoch 1 step 6200/6750 loss=0.1190
08/11/2026 14:10:37 - INFO - __main__ - [XLM-R] epoch 1 step 6250/6750 loss=0.0756
08/11/2026 14:10:43 - INFO - __main__ - [XLM-R] epoch 1 step 6300/6750 loss=0.0780
08/11/2026 14:10:49 - INFO - __main__ - [XLM-R] epoch 1 step 6350/6750 loss=0.0651
08/11/2026 14:10:55 - INFO - __main__ - [XLM-R] epoch 1 step 6400/6750 loss=0.0807
08/11/2026 14:11:01 - INFO - __main__ - [XLM-R] epoch 1 step 6450/6750 loss=0.0917
08/11/2026 14:11:07 - INFO - __main__ - [XLM-R] epoch 1 step 6500/6750 loss=0.1160
08/11/2026 14:11:13 - INFO - __main__ - [XLM-R] epoch 1 step 6550/6750 loss=0.0709
08/11/2026 14:11:19 - INFO - __main__ - [XLM-R] epoch 1 step 6600/6750 loss=0.1003
08/11/2026 14:11:25 - INFO - __main__ - [XLM-R] epoch 1 step 6650/6750 loss=0.0805
08/11/2026 14:11:32 - INFO - __main__ - [XLM-R] epoch 1 step 6700/6750 loss=0.0965
08/11/2026 14:11:38 - INFO - __main__ - [XLM-R] epoch 1 step 6750/6750 loss=0.1057
08/11/2026 14:11:38 - INFO - __main__ - [XLM-R] Epoch 1 xong sau 821.3s, avg_loss=0.1541
08/11/2026 14:15:18 - INFO - __main__ - [XLM-R] Epoch 1 - Valid macro F1 = 0.5082
              precision    recall  f1-score   support

      PERIOD     0.8489    0.8608    0.8548    140169
       COMMA     0.7284    0.7304    0.7294    162056
       COLON     0.7508    0.3606    0.4872     10825
       QMARK     0.7718    0.6335    0.6958      4884
      EXCLAM     0.6857    0.0845    0.1505      2556
   SEMICOLON     0.4613    0.0766    0.1315      1944

   micro avg     0.7834    0.7642    0.7737    322434
   macro avg     0.7078    0.4578    0.5082    322434
weighted avg     0.7802    0.7642    0.7671    322434

08/11/2026 14:15:23 - INFO - __main__ - -> [XLM-R] best checkpoint mới, macro F1 = 0.5082
/root/phopunct/baseline_plain.py:261: FutureWarning: `torch.cuda.amp.autocast(args...)` is deprecated. Please use `torch.amp.autocast('cuda', args...)` instead.
  with torch.cuda.amp.autocast(enabled=use_amp):
08/11/2026 14:15:29 - INFO - __main__ - [XLM-R] epoch 2 step 50/6750 loss=0.1019
08/11/2026 14:15:35 - INFO - __main__ - [XLM-R] epoch 2 step 100/6750 loss=0.0713
08/11/2026 14:15:41 - INFO - __main__ - [XLM-R] epoch 2 step 150/6750 loss=0.0805
08/11/2026 14:15:47 - INFO - __main__ - [XLM-R] epoch 2 step 200/6750 loss=0.0948
08/11/2026 14:15:53 - INFO - __main__ - [XLM-R] epoch 2 step 250/6750 loss=0.1037
08/11/2026 14:15:59 - INFO - __main__ - [XLM-R] epoch 2 step 300/6750 loss=0.0833
08/11/2026 14:16:06 - INFO - __main__ - [XLM-R] epoch 2 step 350/6750 loss=0.0699
08/11/2026 14:16:12 - INFO - __main__ - [XLM-R] epoch 2 step 400/6750 loss=0.0779
08/11/2026 14:16:18 - INFO - __main__ - [XLM-R] epoch 2 step 450/6750 loss=0.0725
08/11/2026 14:16:24 - INFO - __main__ - [XLM-R] epoch 2 step 500/6750 loss=0.0925
08/11/2026 14:16:30 - INFO - __main__ - [XLM-R] epoch 2 step 550/6750 loss=0.0590
08/11/2026 14:16:36 - INFO - __main__ - [XLM-R] epoch 2 step 600/6750 loss=0.0916
08/11/2026 14:16:42 - INFO - __main__ - [XLM-R] epoch 2 step 650/6750 loss=0.1060
08/11/2026 14:16:48 - INFO - __main__ - [XLM-R] epoch 2 step 700/6750 loss=0.1050
08/11/2026 14:16:54 - INFO - __main__ - [XLM-R] epoch 2 step 750/6750 loss=0.0946
08/11/2026 14:17:00 - INFO - __main__ - [XLM-R] epoch 2 step 800/6750 loss=0.0702
08/11/2026 14:17:06 - INFO - __main__ - [XLM-R] epoch 2 step 850/6750 loss=0.0608
08/11/2026 14:17:12 - INFO - __main__ - [XLM-R] epoch 2 step 900/6750 loss=0.0805
08/11/2026 14:17:18 - INFO - __main__ - [XLM-R] epoch 2 step 950/6750 loss=0.0736
08/11/2026 14:17:24 - INFO - __main__ - [XLM-R] epoch 2 step 1000/6750 loss=0.0785
08/11/2026 14:17:30 - INFO - __main__ - [XLM-R] epoch 2 step 1050/6750 loss=0.0958
08/11/2026 14:17:36 - INFO - __main__ - [XLM-R] epoch 2 step 1100/6750 loss=0.1063
08/11/2026 14:17:42 - INFO - __main__ - [XLM-R] epoch 2 step 1150/6750 loss=0.0717
08/11/2026 14:17:48 - INFO - __main__ - [XLM-R] epoch 2 step 1200/6750 loss=0.0722
08/11/2026 14:17:55 - INFO - __main__ - [XLM-R] epoch 2 step 1250/6750 loss=0.0868
08/11/2026 14:18:01 - INFO - __main__ - [XLM-R] epoch 2 step 1300/6750 loss=0.0882
08/11/2026 14:18:07 - INFO - __main__ - [XLM-R] epoch 2 step 1350/6750 loss=0.0847
08/11/2026 14:18:13 - INFO - __main__ - [XLM-R] epoch 2 step 1400/6750 loss=0.0816
08/11/2026 14:18:19 - INFO - __main__ - [XLM-R] epoch 2 step 1450/6750 loss=0.0929
08/11/2026 14:18:25 - INFO - __main__ - [XLM-R] epoch 2 step 1500/6750 loss=0.0852
08/11/2026 14:18:31 - INFO - __main__ - [XLM-R] epoch 2 step 1550/6750 loss=0.0942
08/11/2026 14:18:37 - INFO - __main__ - [XLM-R] epoch 2 step 1600/6750 loss=0.0923
08/11/2026 14:18:44 - INFO - __main__ - [XLM-R] epoch 2 step 1650/6750 loss=0.0717
08/11/2026 14:18:50 - INFO - __main__ - [XLM-R] epoch 2 step 1700/6750 loss=0.0756
08/11/2026 14:18:56 - INFO - __main__ - [XLM-R] epoch 2 step 1750/6750 loss=0.0684
08/11/2026 14:19:02 - INFO - __main__ - [XLM-R] epoch 2 step 1800/6750 loss=0.0803
08/11/2026 14:19:08 - INFO - __main__ - [XLM-R] epoch 2 step 1850/6750 loss=0.0746
08/11/2026 14:19:14 - INFO - __main__ - [XLM-R] epoch 2 step 1900/6750 loss=0.0696
08/11/2026 14:19:20 - INFO - __main__ - [XLM-R] epoch 2 step 1950/6750 loss=0.0822
08/11/2026 14:19:26 - INFO - __main__ - [XLM-R] epoch 2 step 2000/6750 loss=0.0959
08/11/2026 14:19:33 - INFO - __main__ - [XLM-R] epoch 2 step 2050/6750 loss=0.0895
08/11/2026 14:19:39 - INFO - __main__ - [XLM-R] epoch 2 step 2100/6750 loss=0.0695
08/11/2026 14:19:45 - INFO - __main__ - [XLM-R] epoch 2 step 2150/6750 loss=0.0809
08/11/2026 14:19:51 - INFO - __main__ - [XLM-R] epoch 2 step 2200/6750 loss=0.0978
08/11/2026 14:19:57 - INFO - __main__ - [XLM-R] epoch 2 step 2250/6750 loss=0.0624
08/11/2026 14:20:03 - INFO - __main__ - [XLM-R] epoch 2 step 2300/6750 loss=0.0698
08/11/2026 14:20:09 - INFO - __main__ - [XLM-R] epoch 2 step 2350/6750 loss=0.0886
08/11/2026 14:20:15 - INFO - __main__ - [XLM-R] epoch 2 step 2400/6750 loss=0.0766
08/11/2026 14:20:22 - INFO - __main__ - [XLM-R] epoch 2 step 2450/6750 loss=0.0610
08/11/2026 14:20:28 - INFO - __main__ - [XLM-R] epoch 2 step 2500/6750 loss=0.0642
08/11/2026 14:20:34 - INFO - __main__ - [XLM-R] epoch 2 step 2550/6750 loss=0.0681
08/11/2026 14:20:40 - INFO - __main__ - [XLM-R] epoch 2 step 2600/6750 loss=0.0979
08/11/2026 14:20:46 - INFO - __main__ - [XLM-R] epoch 2 step 2650/6750 loss=0.0743
08/11/2026 14:20:52 - INFO - __main__ - [XLM-R] epoch 2 step 2700/6750 loss=0.0799
08/11/2026 14:20:58 - INFO - __main__ - [XLM-R] epoch 2 step 2750/6750 loss=0.0844
08/11/2026 14:21:04 - INFO - __main__ - [XLM-R] epoch 2 step 2800/6750 loss=0.1076
08/11/2026 14:21:11 - INFO - __main__ - [XLM-R] epoch 2 step 2850/6750 loss=0.0750
08/11/2026 14:21:17 - INFO - __main__ - [XLM-R] epoch 2 step 2900/6750 loss=0.0751
08/11/2026 14:21:23 - INFO - __main__ - [XLM-R] epoch 2 step 2950/6750 loss=0.0821
08/11/2026 14:21:29 - INFO - __main__ - [XLM-R] epoch 2 step 3000/6750 loss=0.0661
08/11/2026 14:21:35 - INFO - __main__ - [XLM-R] epoch 2 step 3050/6750 loss=0.0856
08/11/2026 14:21:41 - INFO - __main__ - [XLM-R] epoch 2 step 3100/6750 loss=0.0885
08/11/2026 14:21:47 - INFO - __main__ - [XLM-R] epoch 2 step 3150/6750 loss=0.0862
08/11/2026 14:21:53 - INFO - __main__ - [XLM-R] epoch 2 step 3200/6750 loss=0.0825
08/11/2026 14:22:00 - INFO - __main__ - [XLM-R] epoch 2 step 3250/6750 loss=0.0845
08/11/2026 14:22:06 - INFO - __main__ - [XLM-R] epoch 2 step 3300/6750 loss=0.0713
08/11/2026 14:22:12 - INFO - __main__ - [XLM-R] epoch 2 step 3350/6750 loss=0.0865
08/11/2026 14:22:18 - INFO - __main__ - [XLM-R] epoch 2 step 3400/6750 loss=0.0748
08/11/2026 14:22:24 - INFO - __main__ - [XLM-R] epoch 2 step 3450/6750 loss=0.0585
08/11/2026 14:22:30 - INFO - __main__ - [XLM-R] epoch 2 step 3500/6750 loss=0.0824
08/11/2026 14:22:36 - INFO - __main__ - [XLM-R] epoch 2 step 3550/6750 loss=0.0930
08/11/2026 14:22:42 - INFO - __main__ - [XLM-R] epoch 2 step 3600/6750 loss=0.0635
08/11/2026 14:22:49 - INFO - __main__ - [XLM-R] epoch 2 step 3650/6750 loss=0.0681
08/11/2026 14:22:55 - INFO - __main__ - [XLM-R] epoch 2 step 3700/6750 loss=0.0709
08/11/2026 14:23:01 - INFO - __main__ - [XLM-R] epoch 2 step 3750/6750 loss=0.0830
08/11/2026 14:23:07 - INFO - __main__ - [XLM-R] epoch 2 step 3800/6750 loss=0.0625
08/11/2026 14:23:13 - INFO - __main__ - [XLM-R] epoch 2 step 3850/6750 loss=0.0889
08/11/2026 14:23:19 - INFO - __main__ - [XLM-R] epoch 2 step 3900/6750 loss=0.0936
08/11/2026 14:23:25 - INFO - __main__ - [XLM-R] epoch 2 step 3950/6750 loss=0.0755
08/11/2026 14:23:31 - INFO - __main__ - [XLM-R] epoch 2 step 4000/6750 loss=0.0912
08/11/2026 14:23:37 - INFO - __main__ - [XLM-R] epoch 2 step 4050/6750 loss=0.0983
08/11/2026 14:23:44 - INFO - __main__ - [XLM-R] epoch 2 step 4100/6750 loss=0.1023
08/11/2026 14:23:50 - INFO - __main__ - [XLM-R] epoch 2 step 4150/6750 loss=0.0612
08/11/2026 14:23:56 - INFO - __main__ - [XLM-R] epoch 2 step 4200/6750 loss=0.0748
08/11/2026 14:24:02 - INFO - __main__ - [XLM-R] epoch 2 step 4250/6750 loss=0.0693
08/11/2026 14:24:08 - INFO - __main__ - [XLM-R] epoch 2 step 4300/6750 loss=0.0774
08/11/2026 14:24:14 - INFO - __main__ - [XLM-R] epoch 2 step 4350/6750 loss=0.0666
08/11/2026 14:24:20 - INFO - __main__ - [XLM-R] epoch 2 step 4400/6750 loss=0.0896
08/11/2026 14:24:26 - INFO - __main__ - [XLM-R] epoch 2 step 4450/6750 loss=0.0760
08/11/2026 14:24:32 - INFO - __main__ - [XLM-R] epoch 2 step 4500/6750 loss=0.0703
08/11/2026 14:24:39 - INFO - __main__ - [XLM-R] epoch 2 step 4550/6750 loss=0.0788
08/11/2026 14:24:45 - INFO - __main__ - [XLM-R] epoch 2 step 4600/6750 loss=0.0745
08/11/2026 14:24:51 - INFO - __main__ - [XLM-R] epoch 2 step 4650/6750 loss=0.0546
08/11/2026 14:24:57 - INFO - __main__ - [XLM-R] epoch 2 step 4700/6750 loss=0.0838
08/11/2026 14:25:03 - INFO - __main__ - [XLM-R] epoch 2 step 4750/6750 loss=0.0686
08/11/2026 14:25:09 - INFO - __main__ - [XLM-R] epoch 2 step 4800/6750 loss=0.0893
08/11/2026 14:25:15 - INFO - __main__ - [XLM-R] epoch 2 step 4850/6750 loss=0.0788
08/11/2026 14:25:22 - INFO - __main__ - [XLM-R] epoch 2 step 4900/6750 loss=0.0700
08/11/2026 14:25:28 - INFO - __main__ - [XLM-R] epoch 2 step 4950/6750 loss=0.0679
08/11/2026 14:25:34 - INFO - __main__ - [XLM-R] epoch 2 step 5000/6750 loss=0.0869
08/11/2026 14:25:40 - INFO - __main__ - [XLM-R] epoch 2 step 5050/6750 loss=0.0645
08/11/2026 14:25:46 - INFO - __main__ - [XLM-R] epoch 2 step 5100/6750 loss=0.0883
08/11/2026 14:25:52 - INFO - __main__ - [XLM-R] epoch 2 step 5150/6750 loss=0.0714
08/11/2026 14:25:58 - INFO - __main__ - [XLM-R] epoch 2 step 5200/6750 loss=0.1000
08/11/2026 14:26:04 - INFO - __main__ - [XLM-R] epoch 2 step 5250/6750 loss=0.0640
08/11/2026 14:26:10 - INFO - __main__ - [XLM-R] epoch 2 step 5300/6750 loss=0.0955
08/11/2026 14:26:16 - INFO - __main__ - [XLM-R] epoch 2 step 5350/6750 loss=0.0815
08/11/2026 14:26:23 - INFO - __main__ - [XLM-R] epoch 2 step 5400/6750 loss=0.0923
08/11/2026 14:26:29 - INFO - __main__ - [XLM-R] epoch 2 step 5450/6750 loss=0.0693
08/11/2026 14:26:35 - INFO - __main__ - [XLM-R] epoch 2 step 5500/6750 loss=0.0869
08/11/2026 14:26:41 - INFO - __main__ - [XLM-R] epoch 2 step 5550/6750 loss=0.0888
08/11/2026 14:26:47 - INFO - __main__ - [XLM-R] epoch 2 step 5600/6750 loss=0.0856
08/11/2026 14:26:53 - INFO - __main__ - [XLM-R] epoch 2 step 5650/6750 loss=0.0651
08/11/2026 14:26:59 - INFO - __main__ - [XLM-R] epoch 2 step 5700/6750 loss=0.0595
08/11/2026 14:27:05 - INFO - __main__ - [XLM-R] epoch 2 step 5750/6750 loss=0.0682
08/11/2026 14:27:11 - INFO - __main__ - [XLM-R] epoch 2 step 5800/6750 loss=0.0679
08/11/2026 14:27:17 - INFO - __main__ - [XLM-R] epoch 2 step 5850/6750 loss=0.0786
08/11/2026 14:27:24 - INFO - __main__ - [XLM-R] epoch 2 step 5900/6750 loss=0.0799
08/11/2026 14:27:30 - INFO - __main__ - [XLM-R] epoch 2 step 5950/6750 loss=0.0734
08/11/2026 14:27:36 - INFO - __main__ - [XLM-R] epoch 2 step 6000/6750 loss=0.0760
08/11/2026 14:27:42 - INFO - __main__ - [XLM-R] epoch 2 step 6050/6750 loss=0.1104
08/11/2026 14:27:48 - INFO - __main__ - [XLM-R] epoch 2 step 6100/6750 loss=0.0614
08/11/2026 14:27:54 - INFO - __main__ - [XLM-R] epoch 2 step 6150/6750 loss=0.0915
08/11/2026 14:28:00 - INFO - __main__ - [XLM-R] epoch 2 step 6200/6750 loss=0.1205
08/11/2026 14:28:06 - INFO - __main__ - [XLM-R] epoch 2 step 6250/6750 loss=0.0799
08/11/2026 14:28:13 - INFO - __main__ - [XLM-R] epoch 2 step 6300/6750 loss=0.0823
08/11/2026 14:28:19 - INFO - __main__ - [XLM-R] epoch 2 step 6350/6750 loss=0.0603
08/11/2026 14:28:25 - INFO - __main__ - [XLM-R] epoch 2 step 6400/6750 loss=0.0764
08/11/2026 14:28:31 - INFO - __main__ - [XLM-R] epoch 2 step 6450/6750 loss=0.0806
08/11/2026 14:28:37 - INFO - __main__ - [XLM-R] epoch 2 step 6500/6750 loss=0.0584
08/11/2026 14:28:43 - INFO - __main__ - [XLM-R] epoch 2 step 6550/6750 loss=0.0800
08/11/2026 14:28:49 - INFO - __main__ - [XLM-R] epoch 2 step 6600/6750 loss=0.0898
08/11/2026 14:28:55 - INFO - __main__ - [XLM-R] epoch 2 step 6650/6750 loss=0.0875
08/11/2026 14:29:01 - INFO - __main__ - [XLM-R] epoch 2 step 6700/6750 loss=0.0955
08/11/2026 14:29:07 - INFO - __main__ - [XLM-R] epoch 2 step 6750/6750 loss=0.0991
08/11/2026 14:29:07 - INFO - __main__ - [XLM-R] Epoch 2 xong sau 824.2s, avg_loss=0.0794
08/11/2026 14:32:48 - INFO - __main__ - [XLM-R] Epoch 2 - Valid macro F1 = 0.5474
              precision    recall  f1-score   support

      PERIOD     0.8494    0.8814    0.8651    140169
       COMMA     0.7547    0.7227    0.7384    162056
       COLON     0.7084    0.4622    0.5594     10825
       QMARK     0.7066    0.7398    0.7228      4884
      EXCLAM     0.5472    0.1338    0.2150      2556
   SEMICOLON     0.4498    0.1152    0.1835      1944

   micro avg     0.7959    0.7748    0.7852    322434
   macro avg     0.6694    0.5092    0.5474    322434
weighted avg     0.7901    0.7748    0.7797    322434

08/11/2026 14:32:54 - INFO - __main__ - -> [XLM-R] best checkpoint mới, macro F1 = 0.5474
/root/phopunct/baseline_plain.py:261: FutureWarning: `torch.cuda.amp.autocast(args...)` is deprecated. Please use `torch.amp.autocast('cuda', args...)` instead.
  with torch.cuda.amp.autocast(enabled=use_amp):
08/11/2026 14:33:00 - INFO - __main__ - [XLM-R] epoch 3 step 50/6750 loss=0.0809
08/11/2026 14:33:06 - INFO - __main__ - [XLM-R] epoch 3 step 100/6750 loss=0.0717
08/11/2026 14:33:12 - INFO - __main__ - [XLM-R] epoch 3 step 150/6750 loss=0.0646
08/11/2026 14:33:18 - INFO - __main__ - [XLM-R] epoch 3 step 200/6750 loss=0.0510
08/11/2026 14:33:24 - INFO - __main__ - [XLM-R] epoch 3 step 250/6750 loss=0.0749
08/11/2026 14:33:30 - INFO - __main__ - [XLM-R] epoch 3 step 300/6750 loss=0.0894
08/11/2026 14:33:36 - INFO - __main__ - [XLM-R] epoch 3 step 350/6750 loss=0.0648
08/11/2026 14:33:42 - INFO - __main__ - [XLM-R] epoch 3 step 400/6750 loss=0.0667
08/11/2026 14:33:48 - INFO - __main__ - [XLM-R] epoch 3 step 450/6750 loss=0.0738
08/11/2026 14:33:54 - INFO - __main__ - [XLM-R] epoch 3 step 500/6750 loss=0.0662
08/11/2026 14:34:00 - INFO - __main__ - [XLM-R] epoch 3 step 550/6750 loss=0.0459
08/11/2026 14:34:06 - INFO - __main__ - [XLM-R] epoch 3 step 600/6750 loss=0.0531
08/11/2026 14:34:12 - INFO - __main__ - [XLM-R] epoch 3 step 650/6750 loss=0.0735
08/11/2026 14:34:18 - INFO - __main__ - [XLM-R] epoch 3 step 700/6750 loss=0.0690
08/11/2026 14:34:24 - INFO - __main__ - [XLM-R] epoch 3 step 750/6750 loss=0.0799
08/11/2026 14:34:30 - INFO - __main__ - [XLM-R] epoch 3 step 800/6750 loss=0.0702
08/11/2026 14:34:36 - INFO - __main__ - [XLM-R] epoch 3 step 850/6750 loss=0.0610
08/11/2026 14:34:42 - INFO - __main__ - [XLM-R] epoch 3 step 900/6750 loss=0.1127
08/11/2026 14:34:48 - INFO - __main__ - [XLM-R] epoch 3 step 950/6750 loss=0.0781
08/11/2026 14:34:54 - INFO - __main__ - [XLM-R] epoch 3 step 1000/6750 loss=0.0733
08/11/2026 14:35:01 - INFO - __main__ - [XLM-R] epoch 3 step 1050/6750 loss=0.0485
08/11/2026 14:35:07 - INFO - __main__ - [XLM-R] epoch 3 step 1100/6750 loss=0.0706
08/11/2026 14:35:13 - INFO - __main__ - [XLM-R] epoch 3 step 1150/6750 loss=0.0694
08/11/2026 14:35:19 - INFO - __main__ - [XLM-R] epoch 3 step 1200/6750 loss=0.1073
08/11/2026 14:35:25 - INFO - __main__ - [XLM-R] epoch 3 step 1250/6750 loss=0.0666
08/11/2026 14:35:31 - INFO - __main__ - [XLM-R] epoch 3 step 1300/6750 loss=0.0762
08/11/2026 14:35:37 - INFO - __main__ - [XLM-R] epoch 3 step 1350/6750 loss=0.0512
08/11/2026 14:35:43 - INFO - __main__ - [XLM-R] epoch 3 step 1400/6750 loss=0.0871
08/11/2026 14:35:49 - INFO - __main__ - [XLM-R] epoch 3 step 1450/6750 loss=0.0694
08/11/2026 14:35:55 - INFO - __main__ - [XLM-R] epoch 3 step 1500/6750 loss=0.0694
08/11/2026 14:36:01 - INFO - __main__ - [XLM-R] epoch 3 step 1550/6750 loss=0.0644
08/11/2026 14:36:08 - INFO - __main__ - [XLM-R] epoch 3 step 1600/6750 loss=0.0506
08/11/2026 14:36:14 - INFO - __main__ - [XLM-R] epoch 3 step 1650/6750 loss=0.0913
08/11/2026 14:36:20 - INFO - __main__ - [XLM-R] epoch 3 step 1700/6750 loss=0.0948
08/11/2026 14:36:26 - INFO - __main__ - [XLM-R] epoch 3 step 1750/6750 loss=0.0873
08/11/2026 14:36:32 - INFO - __main__ - [XLM-R] epoch 3 step 1800/6750 loss=0.0562
08/11/2026 14:36:38 - INFO - __main__ - [XLM-R] epoch 3 step 1850/6750 loss=0.0853
08/11/2026 14:36:45 - INFO - __main__ - [XLM-R] epoch 3 step 1900/6750 loss=0.1063
08/11/2026 14:36:51 - INFO - __main__ - [XLM-R] epoch 3 step 1950/6750 loss=0.0753
08/11/2026 14:36:57 - INFO - __main__ - [XLM-R] epoch 3 step 2000/6750 loss=0.0627
08/11/2026 14:37:03 - INFO - __main__ - [XLM-R] epoch 3 step 2050/6750 loss=0.0535
08/11/2026 14:37:10 - INFO - __main__ - [XLM-R] epoch 3 step 2100/6750 loss=0.0748
08/11/2026 14:37:16 - INFO - __main__ - [XLM-R] epoch 3 step 2150/6750 loss=0.0586
08/11/2026 14:37:23 - INFO - __main__ - [XLM-R] epoch 3 step 2200/6750 loss=0.0787
08/11/2026 14:37:29 - INFO - __main__ - [XLM-R] epoch 3 step 2250/6750 loss=0.0495
08/11/2026 14:37:35 - INFO - __main__ - [XLM-R] epoch 3 step 2300/6750 loss=0.0811
08/11/2026 14:37:42 - INFO - __main__ - [XLM-R] epoch 3 step 2350/6750 loss=0.0504
08/11/2026 14:37:48 - INFO - __main__ - [XLM-R] epoch 3 step 2400/6750 loss=0.0630
08/11/2026 14:37:54 - INFO - __main__ - [XLM-R] epoch 3 step 2450/6750 loss=0.0613
08/11/2026 14:38:00 - INFO - __main__ - [XLM-R] epoch 3 step 2500/6750 loss=0.0871
08/11/2026 14:38:07 - INFO - __main__ - [XLM-R] epoch 3 step 2550/6750 loss=0.0832
08/11/2026 14:38:13 - INFO - __main__ - [XLM-R] epoch 3 step 2600/6750 loss=0.0822
08/11/2026 14:38:20 - INFO - __main__ - [XLM-R] epoch 3 step 2650/6750 loss=0.0738
08/11/2026 14:38:26 - INFO - __main__ - [XLM-R] epoch 3 step 2700/6750 loss=0.0642
08/11/2026 14:38:32 - INFO - __main__ - [XLM-R] epoch 3 step 2750/6750 loss=0.0764
08/11/2026 14:38:39 - INFO - __main__ - [XLM-R] epoch 3 step 2800/6750 loss=0.0697
08/11/2026 14:38:45 - INFO - __main__ - [XLM-R] epoch 3 step 2850/6750 loss=0.0779
08/11/2026 14:38:51 - INFO - __main__ - [XLM-R] epoch 3 step 2900/6750 loss=0.0780
08/11/2026 14:38:58 - INFO - __main__ - [XLM-R] epoch 3 step 2950/6750 loss=0.0641
08/11/2026 14:39:04 - INFO - __main__ - [XLM-R] epoch 3 step 3000/6750 loss=0.0550
08/11/2026 14:39:10 - INFO - __main__ - [XLM-R] epoch 3 step 3050/6750 loss=0.0584
08/11/2026 14:39:16 - INFO - __main__ - [XLM-R] epoch 3 step 3100/6750 loss=0.0434
08/11/2026 14:39:23 - INFO - __main__ - [XLM-R] epoch 3 step 3150/6750 loss=0.0538
08/11/2026 14:39:29 - INFO - __main__ - [XLM-R] epoch 3 step 3200/6750 loss=0.0661
08/11/2026 14:39:35 - INFO - __main__ - [XLM-R] epoch 3 step 3250/6750 loss=0.0471
08/11/2026 14:39:42 - INFO - __main__ - [XLM-R] epoch 3 step 3300/6750 loss=0.0557
08/11/2026 14:39:48 - INFO - __main__ - [XLM-R] epoch 3 step 3350/6750 loss=0.0560
08/11/2026 14:39:54 - INFO - __main__ - [XLM-R] epoch 3 step 3400/6750 loss=0.0533
08/11/2026 14:40:00 - INFO - __main__ - [XLM-R] epoch 3 step 3450/6750 loss=0.0660
08/11/2026 14:40:07 - INFO - __main__ - [XLM-R] epoch 3 step 3500/6750 loss=0.0803
08/11/2026 14:40:13 - INFO - __main__ - [XLM-R] epoch 3 step 3550/6750 loss=0.0808
08/11/2026 14:40:19 - INFO - __main__ - [XLM-R] epoch 3 step 3600/6750 loss=0.0752
08/11/2026 14:40:26 - INFO - __main__ - [XLM-R] epoch 3 step 3650/6750 loss=0.0745
08/11/2026 14:40:32 - INFO - __main__ - [XLM-R] epoch 3 step 3700/6750 loss=0.0708
08/11/2026 14:40:38 - INFO - __main__ - [XLM-R] epoch 3 step 3750/6750 loss=0.0610
08/11/2026 14:40:44 - INFO - __main__ - [XLM-R] epoch 3 step 3800/6750 loss=0.0734
08/11/2026 14:40:51 - INFO - __main__ - [XLM-R] epoch 3 step 3850/6750 loss=0.0689
08/11/2026 14:40:57 - INFO - __main__ - [XLM-R] epoch 3 step 3900/6750 loss=0.0755
08/11/2026 14:41:04 - INFO - __main__ - [XLM-R] epoch 3 step 3950/6750 loss=0.0844
08/11/2026 14:41:10 - INFO - __main__ - [XLM-R] epoch 3 step 4000/6750 loss=0.0643
08/11/2026 14:41:16 - INFO - __main__ - [XLM-R] epoch 3 step 4050/6750 loss=0.0637
08/11/2026 14:41:23 - INFO - __main__ - [XLM-R] epoch 3 step 4100/6750 loss=0.0848
08/11/2026 14:41:29 - INFO - __main__ - [XLM-R] epoch 3 step 4150/6750 loss=0.0662
08/11/2026 14:41:35 - INFO - __main__ - [XLM-R] epoch 3 step 4200/6750 loss=0.0611
08/11/2026 14:41:42 - INFO - __main__ - [XLM-R] epoch 3 step 4250/6750 loss=0.0618
08/11/2026 14:41:48 - INFO - __main__ - [XLM-R] epoch 3 step 4300/6750 loss=0.0591
08/11/2026 14:41:54 - INFO - __main__ - [XLM-R] epoch 3 step 4350/6750 loss=0.0649
08/11/2026 14:42:01 - INFO - __main__ - [XLM-R] epoch 3 step 4400/6750 loss=0.0672
08/11/2026 14:42:07 - INFO - __main__ - [XLM-R] epoch 3 step 4450/6750 loss=0.0593
08/11/2026 14:42:13 - INFO - __main__ - [XLM-R] epoch 3 step 4500/6750 loss=0.0672
08/11/2026 14:42:20 - INFO - __main__ - [XLM-R] epoch 3 step 4550/6750 loss=0.0545
08/11/2026 14:42:26 - INFO - __main__ - [XLM-R] epoch 3 step 4600/6750 loss=0.0851
08/11/2026 14:42:32 - INFO - __main__ - [XLM-R] epoch 3 step 4650/6750 loss=0.0893
08/11/2026 14:42:39 - INFO - __main__ - [XLM-R] epoch 3 step 4700/6750 loss=0.0555
08/11/2026 14:42:45 - INFO - __main__ - [XLM-R] epoch 3 step 4750/6750 loss=0.0841
08/11/2026 14:42:52 - INFO - __main__ - [XLM-R] epoch 3 step 4800/6750 loss=0.0548
08/11/2026 14:42:58 - INFO - __main__ - [XLM-R] epoch 3 step 4850/6750 loss=0.0561
08/11/2026 14:43:04 - INFO - __main__ - [XLM-R] epoch 3 step 4900/6750 loss=0.0679
08/11/2026 14:43:11 - INFO - __main__ - [XLM-R] epoch 3 step 4950/6750 loss=0.0720
08/11/2026 14:43:17 - INFO - __main__ - [XLM-R] epoch 3 step 5000/6750 loss=0.0880
08/11/2026 14:43:23 - INFO - __main__ - [XLM-R] epoch 3 step 5050/6750 loss=0.0832
08/11/2026 14:43:29 - INFO - __main__ - [XLM-R] epoch 3 step 5100/6750 loss=0.0526
08/11/2026 14:43:36 - INFO - __main__ - [XLM-R] epoch 3 step 5150/6750 loss=0.0540
08/11/2026 14:43:42 - INFO - __main__ - [XLM-R] epoch 3 step 5200/6750 loss=0.0698
08/11/2026 14:43:48 - INFO - __main__ - [XLM-R] epoch 3 step 5250/6750 loss=0.0647
08/11/2026 14:43:55 - INFO - __main__ - [XLM-R] epoch 3 step 5300/6750 loss=0.0665
08/11/2026 14:44:01 - INFO - __main__ - [XLM-R] epoch 3 step 5350/6750 loss=0.0695
08/11/2026 14:44:07 - INFO - __main__ - [XLM-R] epoch 3 step 5400/6750 loss=0.0681
08/11/2026 14:44:14 - INFO - __main__ - [XLM-R] epoch 3 step 5450/6750 loss=0.0561
08/11/2026 14:44:20 - INFO - __main__ - [XLM-R] epoch 3 step 5500/6750 loss=0.0629
08/11/2026 14:44:26 - INFO - __main__ - [XLM-R] epoch 3 step 5550/6750 loss=0.0899
08/11/2026 14:44:32 - INFO - __main__ - [XLM-R] epoch 3 step 5600/6750 loss=0.0779
08/11/2026 14:44:39 - INFO - __main__ - [XLM-R] epoch 3 step 5650/6750 loss=0.0540
08/11/2026 14:44:45 - INFO - __main__ - [XLM-R] epoch 3 step 5700/6750 loss=0.0659
08/11/2026 14:44:51 - INFO - __main__ - [XLM-R] epoch 3 step 5750/6750 loss=0.0632
08/11/2026 14:44:57 - INFO - __main__ - [XLM-R] epoch 3 step 5800/6750 loss=0.0694
08/11/2026 14:45:04 - INFO - __main__ - [XLM-R] epoch 3 step 5850/6750 loss=0.0889
08/11/2026 14:45:10 - INFO - __main__ - [XLM-R] epoch 3 step 5900/6750 loss=0.0513
08/11/2026 14:45:16 - INFO - __main__ - [XLM-R] epoch 3 step 5950/6750 loss=0.0795
08/11/2026 14:45:23 - INFO - __main__ - [XLM-R] epoch 3 step 6000/6750 loss=0.0679
08/11/2026 14:45:29 - INFO - __main__ - [XLM-R] epoch 3 step 6050/6750 loss=0.0609
08/11/2026 14:45:36 - INFO - __main__ - [XLM-R] epoch 3 step 6100/6750 loss=0.0774
08/11/2026 14:45:42 - INFO - __main__ - [XLM-R] epoch 3 step 6150/6750 loss=0.0603
08/11/2026 14:45:48 - INFO - __main__ - [XLM-R] epoch 3 step 6200/6750 loss=0.0799
08/11/2026 14:45:55 - INFO - __main__ - [XLM-R] epoch 3 step 6250/6750 loss=0.0861
08/11/2026 14:46:01 - INFO - __main__ - [XLM-R] epoch 3 step 6300/6750 loss=0.0629
08/11/2026 14:46:07 - INFO - __main__ - [XLM-R] epoch 3 step 6350/6750 loss=0.0790
08/11/2026 14:46:13 - INFO - __main__ - [XLM-R] epoch 3 step 6400/6750 loss=0.0495
08/11/2026 14:46:20 - INFO - __main__ - [XLM-R] epoch 3 step 6450/6750 loss=0.0536
08/11/2026 14:46:26 - INFO - __main__ - [XLM-R] epoch 3 step 6500/6750 loss=0.0772
08/11/2026 14:46:32 - INFO - __main__ - [XLM-R] epoch 3 step 6550/6750 loss=0.0592
08/11/2026 14:46:39 - INFO - __main__ - [XLM-R] epoch 3 step 6600/6750 loss=0.0733
08/11/2026 14:46:45 - INFO - __main__ - [XLM-R] epoch 3 step 6650/6750 loss=0.0813
08/11/2026 14:46:51 - INFO - __main__ - [XLM-R] epoch 3 step 6700/6750 loss=0.0590
08/11/2026 14:46:58 - INFO - __main__ - [XLM-R] epoch 3 step 6750/6750 loss=0.0584
08/11/2026 14:46:58 - INFO - __main__ - [XLM-R] Epoch 3 xong sau 843.9s, avg_loss=0.0694
08/11/2026 14:50:44 - INFO - __main__ - [XLM-R] Epoch 3 - Valid macro F1 = 0.5572
              precision    recall  f1-score   support

      PERIOD     0.8556    0.8804    0.8678    140169
       COMMA     0.7575    0.7341    0.7456    162056
       COLON     0.6571    0.5400    0.5929     10825
       QMARK     0.7581    0.7013    0.7286      4884
      EXCLAM     0.4883    0.1471    0.2261      2556
   SEMICOLON     0.4730    0.1127    0.1820      1944

   micro avg     0.7984    0.7823    0.7903    322434
   macro avg     0.6649    0.5193    0.5572    322434
weighted avg     0.7929    0.7823    0.7858    322434

08/11/2026 14:50:51 - INFO - __main__ - -> [XLM-R] best checkpoint mới, macro F1 = 0.5572
/root/phopunct/baseline_plain.py:261: FutureWarning: `torch.cuda.amp.autocast(args...)` is deprecated. Please use `torch.amp.autocast('cuda', args...)` instead.
  with torch.cuda.amp.autocast(enabled=use_amp):
08/11/2026 14:50:57 - INFO - __main__ - [XLM-R] epoch 4 step 50/6750 loss=0.0717
08/11/2026 14:51:03 - INFO - __main__ - [XLM-R] epoch 4 step 100/6750 loss=0.0740
08/11/2026 14:51:09 - INFO - __main__ - [XLM-R] epoch 4 step 150/6750 loss=0.0662
08/11/2026 14:51:15 - INFO - __main__ - [XLM-R] epoch 4 step 200/6750 loss=0.0664
08/11/2026 14:51:21 - INFO - __main__ - [XLM-R] epoch 4 step 250/6750 loss=0.0627
08/11/2026 14:51:27 - INFO - __main__ - [XLM-R] epoch 4 step 300/6750 loss=0.0612
08/11/2026 14:51:33 - INFO - __main__ - [XLM-R] epoch 4 step 350/6750 loss=0.0336
08/11/2026 14:51:39 - INFO - __main__ - [XLM-R] epoch 4 step 400/6750 loss=0.0538
08/11/2026 14:51:45 - INFO - __main__ - [XLM-R] epoch 4 step 450/6750 loss=0.0570
08/11/2026 14:51:51 - INFO - __main__ - [XLM-R] epoch 4 step 500/6750 loss=0.0697
08/11/2026 14:51:58 - INFO - __main__ - [XLM-R] epoch 4 step 550/6750 loss=0.0472
08/11/2026 14:52:04 - INFO - __main__ - [XLM-R] epoch 4 step 600/6750 loss=0.0695
08/11/2026 14:52:10 - INFO - __main__ - [XLM-R] epoch 4 step 650/6750 loss=0.0823
08/11/2026 14:52:16 - INFO - __main__ - [XLM-R] epoch 4 step 700/6750 loss=0.0573
08/11/2026 14:52:22 - INFO - __main__ - [XLM-R] epoch 4 step 750/6750 loss=0.0635
08/11/2026 14:52:28 - INFO - __main__ - [XLM-R] epoch 4 step 800/6750 loss=0.0509
08/11/2026 14:52:34 - INFO - __main__ - [XLM-R] epoch 4 step 850/6750 loss=0.0703
08/11/2026 14:52:40 - INFO - __main__ - [XLM-R] epoch 4 step 900/6750 loss=0.0454
08/11/2026 14:52:47 - INFO - __main__ - [XLM-R] epoch 4 step 950/6750 loss=0.0522
08/11/2026 14:52:53 - INFO - __main__ - [XLM-R] epoch 4 step 1000/6750 loss=0.0636
08/11/2026 14:52:59 - INFO - __main__ - [XLM-R] epoch 4 step 1050/6750 loss=0.0630
08/11/2026 14:53:05 - INFO - __main__ - [XLM-R] epoch 4 step 1100/6750 loss=0.0948
08/11/2026 14:53:11 - INFO - __main__ - [XLM-R] epoch 4 step 1150/6750 loss=0.0584
08/11/2026 14:53:17 - INFO - __main__ - [XLM-R] epoch 4 step 1200/6750 loss=0.0491
08/11/2026 14:53:24 - INFO - __main__ - [XLM-R] epoch 4 step 1250/6750 loss=0.0665
08/11/2026 14:53:30 - INFO - __main__ - [XLM-R] epoch 4 step 1300/6750 loss=0.0520
08/11/2026 14:53:36 - INFO - __main__ - [XLM-R] epoch 4 step 1350/6750 loss=0.0533
08/11/2026 14:53:42 - INFO - __main__ - [XLM-R] epoch 4 step 1400/6750 loss=0.0681
08/11/2026 14:53:48 - INFO - __main__ - [XLM-R] epoch 4 step 1450/6750 loss=0.0815
08/11/2026 14:53:55 - INFO - __main__ - [XLM-R] epoch 4 step 1500/6750 loss=0.0510
08/11/2026 14:54:01 - INFO - __main__ - [XLM-R] epoch 4 step 1550/6750 loss=0.0666
08/11/2026 14:54:07 - INFO - __main__ - [XLM-R] epoch 4 step 1600/6750 loss=0.0798
08/11/2026 14:54:13 - INFO - __main__ - [XLM-R] epoch 4 step 1650/6750 loss=0.0818
08/11/2026 14:54:20 - INFO - __main__ - [XLM-R] epoch 4 step 1700/6750 loss=0.0550
08/11/2026 14:54:26 - INFO - __main__ - [XLM-R] epoch 4 step 1750/6750 loss=0.0824
08/11/2026 14:54:32 - INFO - __main__ - [XLM-R] epoch 4 step 1800/6750 loss=0.0730
08/11/2026 14:54:38 - INFO - __main__ - [XLM-R] epoch 4 step 1850/6750 loss=0.0552
08/11/2026 14:54:45 - INFO - __main__ - [XLM-R] epoch 4 step 1900/6750 loss=0.0587
08/11/2026 14:54:51 - INFO - __main__ - [XLM-R] epoch 4 step 1950/6750 loss=0.0774
08/11/2026 14:54:57 - INFO - __main__ - [XLM-R] epoch 4 step 2000/6750 loss=0.0653
08/11/2026 14:55:03 - INFO - __main__ - [XLM-R] epoch 4 step 2050/6750 loss=0.0482
08/11/2026 14:55:09 - INFO - __main__ - [XLM-R] epoch 4 step 2100/6750 loss=0.0672
08/11/2026 14:55:15 - INFO - __main__ - [XLM-R] epoch 4 step 2150/6750 loss=0.0854
08/11/2026 14:55:22 - INFO - __main__ - [XLM-R] epoch 4 step 2200/6750 loss=0.0739
08/11/2026 14:55:28 - INFO - __main__ - [XLM-R] epoch 4 step 2250/6750 loss=0.0606
08/11/2026 14:55:34 - INFO - __main__ - [XLM-R] epoch 4 step 2300/6750 loss=0.0333
08/11/2026 14:55:40 - INFO - __main__ - [XLM-R] epoch 4 step 2350/6750 loss=0.0595
08/11/2026 14:55:46 - INFO - __main__ - [XLM-R] epoch 4 step 2400/6750 loss=0.0489
08/11/2026 14:55:52 - INFO - __main__ - [XLM-R] epoch 4 step 2450/6750 loss=0.0839
08/11/2026 14:55:59 - INFO - __main__ - [XLM-R] epoch 4 step 2500/6750 loss=0.0480
08/11/2026 14:56:05 - INFO - __main__ - [XLM-R] epoch 4 step 2550/6750 loss=0.0572
08/11/2026 14:56:11 - INFO - __main__ - [XLM-R] epoch 4 step 2600/6750 loss=0.0618
08/11/2026 14:56:17 - INFO - __main__ - [XLM-R] epoch 4 step 2650/6750 loss=0.0683
08/11/2026 14:56:23 - INFO - __main__ - [XLM-R] epoch 4 step 2700/6750 loss=0.0606
08/11/2026 14:56:29 - INFO - __main__ - [XLM-R] epoch 4 step 2750/6750 loss=0.0466
08/11/2026 14:56:35 - INFO - __main__ - [XLM-R] epoch 4 step 2800/6750 loss=0.0572
08/11/2026 14:56:42 - INFO - __main__ - [XLM-R] epoch 4 step 2850/6750 loss=0.0661
08/11/2026 14:56:48 - INFO - __main__ - [XLM-R] epoch 4 step 2900/6750 loss=0.0936
08/11/2026 14:56:54 - INFO - __main__ - [XLM-R] epoch 4 step 2950/6750 loss=0.0778
08/11/2026 14:57:00 - INFO - __main__ - [XLM-R] epoch 4 step 3000/6750 loss=0.0730
08/11/2026 14:57:06 - INFO - __main__ - [XLM-R] epoch 4 step 3050/6750 loss=0.0662
08/11/2026 14:57:13 - INFO - __main__ - [XLM-R] epoch 4 step 3100/6750 loss=0.0717
08/11/2026 14:57:19 - INFO - __main__ - [XLM-R] epoch 4 step 3150/6750 loss=0.0514
08/11/2026 14:57:26 - INFO - __main__ - [XLM-R] epoch 4 step 3200/6750 loss=0.0458
08/11/2026 14:57:32 - INFO - __main__ - [XLM-R] epoch 4 step 3250/6750 loss=0.0626
08/11/2026 14:57:38 - INFO - __main__ - [XLM-R] epoch 4 step 3300/6750 loss=0.0768
08/11/2026 14:57:45 - INFO - __main__ - [XLM-R] epoch 4 step 3350/6750 loss=0.0703
08/11/2026 14:57:51 - INFO - __main__ - [XLM-R] epoch 4 step 3400/6750 loss=0.0526
08/11/2026 14:57:57 - INFO - __main__ - [XLM-R] epoch 4 step 3450/6750 loss=0.0569
08/11/2026 14:58:04 - INFO - __main__ - [XLM-R] epoch 4 step 3500/6750 loss=0.0473
08/11/2026 14:58:10 - INFO - __main__ - [XLM-R] epoch 4 step 3550/6750 loss=0.0737
08/11/2026 14:58:16 - INFO - __main__ - [XLM-R] epoch 4 step 3600/6750 loss=0.0478
08/11/2026 14:58:22 - INFO - __main__ - [XLM-R] epoch 4 step 3650/6750 loss=0.0481
08/11/2026 14:58:29 - INFO - __main__ - [XLM-R] epoch 4 step 3700/6750 loss=0.0811
08/11/2026 14:58:35 - INFO - __main__ - [XLM-R] epoch 4 step 3750/6750 loss=0.0807
08/11/2026 14:58:41 - INFO - __main__ - [XLM-R] epoch 4 step 3800/6750 loss=0.0890
08/11/2026 14:58:47 - INFO - __main__ - [XLM-R] epoch 4 step 3850/6750 loss=0.0487
08/11/2026 14:58:54 - INFO - __main__ - [XLM-R] epoch 4 step 3900/6750 loss=0.0494
08/11/2026 14:59:00 - INFO - __main__ - [XLM-R] epoch 4 step 3950/6750 loss=0.0797
08/11/2026 14:59:06 - INFO - __main__ - [XLM-R] epoch 4 step 4000/6750 loss=0.0578
08/11/2026 14:59:13 - INFO - __main__ - [XLM-R] epoch 4 step 4050/6750 loss=0.0755
08/11/2026 14:59:19 - INFO - __main__ - [XLM-R] epoch 4 step 4100/6750 loss=0.0671
08/11/2026 14:59:25 - INFO - __main__ - [XLM-R] epoch 4 step 4150/6750 loss=0.0521
08/11/2026 14:59:32 - INFO - __main__ - [XLM-R] epoch 4 step 4200/6750 loss=0.0573
08/11/2026 14:59:38 - INFO - __main__ - [XLM-R] epoch 4 step 4250/6750 loss=0.0446
08/11/2026 14:59:44 - INFO - __main__ - [XLM-R] epoch 4 step 4300/6750 loss=0.0700
08/11/2026 14:59:51 - INFO - __main__ - [XLM-R] epoch 4 step 4350/6750 loss=0.0670
08/11/2026 14:59:57 - INFO - __main__ - [XLM-R] epoch 4 step 4400/6750 loss=0.0504
08/11/2026 15:00:03 - INFO - __main__ - [XLM-R] epoch 4 step 4450/6750 loss=0.0599
08/11/2026 15:00:10 - INFO - __main__ - [XLM-R] epoch 4 step 4500/6750 loss=0.0554
08/11/2026 15:00:16 - INFO - __main__ - [XLM-R] epoch 4 step 4550/6750 loss=0.0583
08/11/2026 15:00:22 - INFO - __main__ - [XLM-R] epoch 4 step 4600/6750 loss=0.0637
08/11/2026 15:00:29 - INFO - __main__ - [XLM-R] epoch 4 step 4650/6750 loss=0.0522
08/11/2026 15:00:35 - INFO - __main__ - [XLM-R] epoch 4 step 4700/6750 loss=0.0845
08/11/2026 15:00:42 - INFO - __main__ - [XLM-R] epoch 4 step 4750/6750 loss=0.0609
08/11/2026 15:00:48 - INFO - __main__ - [XLM-R] epoch 4 step 4800/6750 loss=0.0566
08/11/2026 15:00:54 - INFO - __main__ - [XLM-R] epoch 4 step 4850/6750 loss=0.0678
08/11/2026 15:01:01 - INFO - __main__ - [XLM-R] epoch 4 step 4900/6750 loss=0.0524
08/11/2026 15:01:07 - INFO - __main__ - [XLM-R] epoch 4 step 4950/6750 loss=0.0619
08/11/2026 15:01:13 - INFO - __main__ - [XLM-R] epoch 4 step 5000/6750 loss=0.0638
08/11/2026 15:01:20 - INFO - __main__ - [XLM-R] epoch 4 step 5050/6750 loss=0.0578
08/11/2026 15:01:26 - INFO - __main__ - [XLM-R] epoch 4 step 5100/6750 loss=0.0653
08/11/2026 15:01:32 - INFO - __main__ - [XLM-R] epoch 4 step 5150/6750 loss=0.0889
08/11/2026 15:01:39 - INFO - __main__ - [XLM-R] epoch 4 step 5200/6750 loss=0.0517
08/11/2026 15:01:45 - INFO - __main__ - [XLM-R] epoch 4 step 5250/6750 loss=0.0603
08/11/2026 15:01:51 - INFO - __main__ - [XLM-R] epoch 4 step 5300/6750 loss=0.0591
08/11/2026 15:01:58 - INFO - __main__ - [XLM-R] epoch 4 step 5350/6750 loss=0.0749
08/11/2026 15:02:04 - INFO - __main__ - [XLM-R] epoch 4 step 5400/6750 loss=0.0479
08/11/2026 15:02:10 - INFO - __main__ - [XLM-R] epoch 4 step 5450/6750 loss=0.0534
08/11/2026 15:02:17 - INFO - __main__ - [XLM-R] epoch 4 step 5500/6750 loss=0.0723
08/11/2026 15:02:23 - INFO - __main__ - [XLM-R] epoch 4 step 5550/6750 loss=0.0569
08/11/2026 15:02:29 - INFO - __main__ - [XLM-R] epoch 4 step 5600/6750 loss=0.0519
08/11/2026 15:02:36 - INFO - __main__ - [XLM-R] epoch 4 step 5650/6750 loss=0.0613
08/11/2026 15:02:42 - INFO - __main__ - [XLM-R] epoch 4 step 5700/6750 loss=0.0563
08/11/2026 15:02:48 - INFO - __main__ - [XLM-R] epoch 4 step 5750/6750 loss=0.0502
08/11/2026 15:02:55 - INFO - __main__ - [XLM-R] epoch 4 step 5800/6750 loss=0.0679
08/11/2026 15:03:01 - INFO - __main__ - [XLM-R] epoch 4 step 5850/6750 loss=0.0710
08/11/2026 15:03:08 - INFO - __main__ - [XLM-R] epoch 4 step 5900/6750 loss=0.0420
08/11/2026 15:03:14 - INFO - __main__ - [XLM-R] epoch 4 step 5950/6750 loss=0.0719
08/11/2026 15:03:20 - INFO - __main__ - [XLM-R] epoch 4 step 6000/6750 loss=0.0651
08/11/2026 15:03:27 - INFO - __main__ - [XLM-R] epoch 4 step 6050/6750 loss=0.0763
08/11/2026 15:03:33 - INFO - __main__ - [XLM-R] epoch 4 step 6100/6750 loss=0.0528
08/11/2026 15:03:40 - INFO - __main__ - [XLM-R] epoch 4 step 6150/6750 loss=0.0609
08/11/2026 15:03:46 - INFO - __main__ - [XLM-R] epoch 4 step 6200/6750 loss=0.0445
08/11/2026 15:03:52 - INFO - __main__ - [XLM-R] epoch 4 step 6250/6750 loss=0.0435
08/11/2026 15:03:59 - INFO - __main__ - [XLM-R] epoch 4 step 6300/6750 loss=0.0427
08/11/2026 15:04:05 - INFO - __main__ - [XLM-R] epoch 4 step 6350/6750 loss=0.0555
08/11/2026 15:04:11 - INFO - __main__ - [XLM-R] epoch 4 step 6400/6750 loss=0.0818
08/11/2026 15:04:17 - INFO - __main__ - [XLM-R] epoch 4 step 6450/6750 loss=0.0713
08/11/2026 15:04:24 - INFO - __main__ - [XLM-R] epoch 4 step 6500/6750 loss=0.0896
08/11/2026 15:04:30 - INFO - __main__ - [XLM-R] epoch 4 step 6550/6750 loss=0.0913
08/11/2026 15:04:36 - INFO - __main__ - [XLM-R] epoch 4 step 6600/6750 loss=0.0543
08/11/2026 15:04:43 - INFO - __main__ - [XLM-R] epoch 4 step 6650/6750 loss=0.0640
08/11/2026 15:04:49 - INFO - __main__ - [XLM-R] epoch 4 step 6700/6750 loss=0.0518
08/11/2026 15:04:56 - INFO - __main__ - [XLM-R] epoch 4 step 6750/6750 loss=0.0780
08/11/2026 15:04:56 - INFO - __main__ - [XLM-R] Epoch 4 xong sau 844.3s, avg_loss=0.0623
08/11/2026 15:08:37 - INFO - __main__ - [XLM-R] Epoch 4 - Valid macro F1 = 0.5615
              precision    recall  f1-score   support

      PERIOD     0.8678    0.8752    0.8715    140169
       COMMA     0.7792    0.7131    0.7447    162056
       COLON     0.7180    0.4989    0.5888     10825
       QMARK     0.7875    0.6919    0.7366      4884
      EXCLAM     0.5541    0.1322    0.2135      2556
   SEMICOLON     0.4593    0.1394    0.2139      1944

   micro avg     0.8181    0.7680    0.7923    322434
   macro avg     0.6943    0.5085    0.5615    322434
weighted avg     0.8121    0.7680    0.7871    322434

08/11/2026 15:08:44 - INFO - __main__ - -> [XLM-R] best checkpoint mới, macro F1 = 0.5615
/root/phopunct/baseline_plain.py:261: FutureWarning: `torch.cuda.amp.autocast(args...)` is deprecated. Please use `torch.amp.autocast('cuda', args...)` instead.
  with torch.cuda.amp.autocast(enabled=use_amp):
08/11/2026 15:08:50 - INFO - __main__ - [XLM-R] epoch 5 step 50/6750 loss=0.0557
08/11/2026 15:08:56 - INFO - __main__ - [XLM-R] epoch 5 step 100/6750 loss=0.0435
08/11/2026 15:09:02 - INFO - __main__ - [XLM-R] epoch 5 step 150/6750 loss=0.0491
08/11/2026 15:09:09 - INFO - __main__ - [XLM-R] epoch 5 step 200/6750 loss=0.0566
08/11/2026 15:09:15 - INFO - __main__ - [XLM-R] epoch 5 step 250/6750 loss=0.0693
08/11/2026 15:09:21 - INFO - __main__ - [XLM-R] epoch 5 step 300/6750 loss=0.0595
08/11/2026 15:09:27 - INFO - __main__ - [XLM-R] epoch 5 step 350/6750 loss=0.0544
08/11/2026 15:09:33 - INFO - __main__ - [XLM-R] epoch 5 step 400/6750 loss=0.0434
08/11/2026 15:09:39 - INFO - __main__ - [XLM-R] epoch 5 step 450/6750 loss=0.0585
08/11/2026 15:09:45 - INFO - __main__ - [XLM-R] epoch 5 step 500/6750 loss=0.0593
08/11/2026 15:09:51 - INFO - __main__ - [XLM-R] epoch 5 step 550/6750 loss=0.0522
08/11/2026 15:09:57 - INFO - __main__ - [XLM-R] epoch 5 step 600/6750 loss=0.0465
08/11/2026 15:10:03 - INFO - __main__ - [XLM-R] epoch 5 step 650/6750 loss=0.0454
08/11/2026 15:10:09 - INFO - __main__ - [XLM-R] epoch 5 step 700/6750 loss=0.0475
08/11/2026 15:10:15 - INFO - __main__ - [XLM-R] epoch 5 step 750/6750 loss=0.0438
08/11/2026 15:10:21 - INFO - __main__ - [XLM-R] epoch 5 step 800/6750 loss=0.0548
08/11/2026 15:10:27 - INFO - __main__ - [XLM-R] epoch 5 step 850/6750 loss=0.0571
08/11/2026 15:10:34 - INFO - __main__ - [XLM-R] epoch 5 step 900/6750 loss=0.0554
08/11/2026 15:10:40 - INFO - __main__ - [XLM-R] epoch 5 step 950/6750 loss=0.0569
08/11/2026 15:10:46 - INFO - __main__ - [XLM-R] epoch 5 step 1000/6750 loss=0.0908
08/11/2026 15:10:52 - INFO - __main__ - [XLM-R] epoch 5 step 1050/6750 loss=0.0432
08/11/2026 15:10:58 - INFO - __main__ - [XLM-R] epoch 5 step 1100/6750 loss=0.0431
08/11/2026 15:11:04 - INFO - __main__ - [XLM-R] epoch 5 step 1150/6750 loss=0.0598
08/11/2026 15:11:11 - INFO - __main__ - [XLM-R] epoch 5 step 1200/6750 loss=0.0496
08/11/2026 15:11:17 - INFO - __main__ - [XLM-R] epoch 5 step 1250/6750 loss=0.0515
08/11/2026 15:11:23 - INFO - __main__ - [XLM-R] epoch 5 step 1300/6750 loss=0.0493
08/11/2026 15:11:29 - INFO - __main__ - [XLM-R] epoch 5 step 1350/6750 loss=0.0571
08/11/2026 15:11:36 - INFO - __main__ - [XLM-R] epoch 5 step 1400/6750 loss=0.0483
08/11/2026 15:11:42 - INFO - __main__ - [XLM-R] epoch 5 step 1450/6750 loss=0.0494
08/11/2026 15:11:48 - INFO - __main__ - [XLM-R] epoch 5 step 1500/6750 loss=0.0440
08/11/2026 15:11:54 - INFO - __main__ - [XLM-R] epoch 5 step 1550/6750 loss=0.0384
08/11/2026 15:12:00 - INFO - __main__ - [XLM-R] epoch 5 step 1600/6750 loss=0.0534
08/11/2026 15:12:07 - INFO - __main__ - [XLM-R] epoch 5 step 1650/6750 loss=0.0375
08/11/2026 15:12:13 - INFO - __main__ - [XLM-R] epoch 5 step 1700/6750 loss=0.0517
08/11/2026 15:12:19 - INFO - __main__ - [XLM-R] epoch 5 step 1750/6750 loss=0.0485
08/11/2026 15:12:25 - INFO - __main__ - [XLM-R] epoch 5 step 1800/6750 loss=0.0558
08/11/2026 15:12:31 - INFO - __main__ - [XLM-R] epoch 5 step 1850/6750 loss=0.0549
08/11/2026 15:12:38 - INFO - __main__ - [XLM-R] epoch 5 step 1900/6750 loss=0.0475
08/11/2026 15:12:44 - INFO - __main__ - [XLM-R] epoch 5 step 1950/6750 loss=0.0503
08/11/2026 15:12:50 - INFO - __main__ - [XLM-R] epoch 5 step 2000/6750 loss=0.0525
08/11/2026 15:12:56 - INFO - __main__ - [XLM-R] epoch 5 step 2050/6750 loss=0.0580
08/11/2026 15:13:02 - INFO - __main__ - [XLM-R] epoch 5 step 2100/6750 loss=0.0704
08/11/2026 15:13:08 - INFO - __main__ - [XLM-R] epoch 5 step 2150/6750 loss=0.0724
08/11/2026 15:13:15 - INFO - __main__ - [XLM-R] epoch 5 step 2200/6750 loss=0.0477
08/11/2026 15:13:21 - INFO - __main__ - [XLM-R] epoch 5 step 2250/6750 loss=0.0654
08/11/2026 15:13:27 - INFO - __main__ - [XLM-R] epoch 5 step 2300/6750 loss=0.0558
08/11/2026 15:13:33 - INFO - __main__ - [XLM-R] epoch 5 step 2350/6750 loss=0.0555
08/11/2026 15:13:39 - INFO - __main__ - [XLM-R] epoch 5 step 2400/6750 loss=0.0331
08/11/2026 15:13:46 - INFO - __main__ - [XLM-R] epoch 5 step 2450/6750 loss=0.0474
08/11/2026 15:13:52 - INFO - __main__ - [XLM-R] epoch 5 step 2500/6750 loss=0.0456
08/11/2026 15:13:58 - INFO - __main__ - [XLM-R] epoch 5 step 2550/6750 loss=0.0613
08/11/2026 15:14:04 - INFO - __main__ - [XLM-R] epoch 5 step 2600/6750 loss=0.0724
08/11/2026 15:14:10 - INFO - __main__ - [XLM-R] epoch 5 step 2650/6750 loss=0.0642
08/11/2026 15:14:17 - INFO - __main__ - [XLM-R] epoch 5 step 2700/6750 loss=0.0538
08/11/2026 15:14:23 - INFO - __main__ - [XLM-R] epoch 5 step 2750/6750 loss=0.0541
08/11/2026 15:14:29 - INFO - __main__ - [XLM-R] epoch 5 step 2800/6750 loss=0.0667
08/11/2026 15:14:35 - INFO - __main__ - [XLM-R] epoch 5 step 2850/6750 loss=0.0690
08/11/2026 15:14:41 - INFO - __main__ - [XLM-R] epoch 5 step 2900/6750 loss=0.0434
08/11/2026 15:14:47 - INFO - __main__ - [XLM-R] epoch 5 step 2950/6750 loss=0.0754
08/11/2026 15:14:54 - INFO - __main__ - [XLM-R] epoch 5 step 3000/6750 loss=0.0402
08/11/2026 15:15:00 - INFO - __main__ - [XLM-R] epoch 5 step 3050/6750 loss=0.0528
08/11/2026 15:15:06 - INFO - __main__ - [XLM-R] epoch 5 step 3100/6750 loss=0.0627
08/11/2026 15:15:12 - INFO - __main__ - [XLM-R] epoch 5 step 3150/6750 loss=0.0361
08/11/2026 15:15:18 - INFO - __main__ - [XLM-R] epoch 5 step 3200/6750 loss=0.0589
08/11/2026 15:15:24 - INFO - __main__ - [XLM-R] epoch 5 step 3250/6750 loss=0.0757
08/11/2026 15:15:30 - INFO - __main__ - [XLM-R] epoch 5 step 3300/6750 loss=0.0601
08/11/2026 15:15:37 - INFO - __main__ - [XLM-R] epoch 5 step 3350/6750 loss=0.0493
08/11/2026 15:15:43 - INFO - __main__ - [XLM-R] epoch 5 step 3400/6750 loss=0.0400
08/11/2026 15:15:49 - INFO - __main__ - [XLM-R] epoch 5 step 3450/6750 loss=0.0392
08/11/2026 15:15:55 - INFO - __main__ - [XLM-R] epoch 5 step 3500/6750 loss=0.0494
08/11/2026 15:16:01 - INFO - __main__ - [XLM-R] epoch 5 step 3550/6750 loss=0.0541
08/11/2026 15:16:07 - INFO - __main__ - [XLM-R] epoch 5 step 3600/6750 loss=0.0369
08/11/2026 15:16:13 - INFO - __main__ - [XLM-R] epoch 5 step 3650/6750 loss=0.0545
08/11/2026 15:16:20 - INFO - __main__ - [XLM-R] epoch 5 step 3700/6750 loss=0.0457
08/11/2026 15:16:26 - INFO - __main__ - [XLM-R] epoch 5 step 3750/6750 loss=0.0449
08/11/2026 15:16:32 - INFO - __main__ - [XLM-R] epoch 5 step 3800/6750 loss=0.0516
08/11/2026 15:16:38 - INFO - __main__ - [XLM-R] epoch 5 step 3850/6750 loss=0.0465
08/11/2026 15:16:44 - INFO - __main__ - [XLM-R] epoch 5 step 3900/6750 loss=0.0475
08/11/2026 15:16:50 - INFO - __main__ - [XLM-R] epoch 5 step 3950/6750 loss=0.0548
08/11/2026 15:16:57 - INFO - __main__ - [XLM-R] epoch 5 step 4000/6750 loss=0.0615
08/11/2026 15:17:03 - INFO - __main__ - [XLM-R] epoch 5 step 4050/6750 loss=0.0517
08/11/2026 15:17:09 - INFO - __main__ - [XLM-R] epoch 5 step 4100/6750 loss=0.0488
08/11/2026 15:17:15 - INFO - __main__ - [XLM-R] epoch 5 step 4150/6750 loss=0.0504
08/11/2026 15:17:21 - INFO - __main__ - [XLM-R] epoch 5 step 4200/6750 loss=0.0542
08/11/2026 15:17:27 - INFO - __main__ - [XLM-R] epoch 5 step 4250/6750 loss=0.0516
08/11/2026 15:17:33 - INFO - __main__ - [XLM-R] epoch 5 step 4300/6750 loss=0.0581
08/11/2026 15:17:39 - INFO - __main__ - [XLM-R] epoch 5 step 4350/6750 loss=0.0581
08/11/2026 15:17:46 - INFO - __main__ - [XLM-R] epoch 5 step 4400/6750 loss=0.0428
08/11/2026 15:17:52 - INFO - __main__ - [XLM-R] epoch 5 step 4450/6750 loss=0.0451
08/11/2026 15:17:58 - INFO - __main__ - [XLM-R] epoch 5 step 4500/6750 loss=0.0546
08/11/2026 15:18:04 - INFO - __main__ - [XLM-R] epoch 5 step 4550/6750 loss=0.0579
08/11/2026 15:18:10 - INFO - __main__ - [XLM-R] epoch 5 step 4600/6750 loss=0.0727
08/11/2026 15:18:16 - INFO - __main__ - [XLM-R] epoch 5 step 4650/6750 loss=0.0581
08/11/2026 15:18:23 - INFO - __main__ - [XLM-R] epoch 5 step 4700/6750 loss=0.0820
08/11/2026 15:18:29 - INFO - __main__ - [XLM-R] epoch 5 step 4750/6750 loss=0.0681
08/11/2026 15:18:35 - INFO - __main__ - [XLM-R] epoch 5 step 4800/6750 loss=0.0685
08/11/2026 15:18:41 - INFO - __main__ - [XLM-R] epoch 5 step 4850/6750 loss=0.0414
08/11/2026 15:18:47 - INFO - __main__ - [XLM-R] epoch 5 step 4900/6750 loss=0.0557
08/11/2026 15:18:53 - INFO - __main__ - [XLM-R] epoch 5 step 4950/6750 loss=0.0487
08/11/2026 15:19:00 - INFO - __main__ - [XLM-R] epoch 5 step 5000/6750 loss=0.0641
08/11/2026 15:19:06 - INFO - __main__ - [XLM-R] epoch 5 step 5050/6750 loss=0.0595
08/11/2026 15:19:12 - INFO - __main__ - [XLM-R] epoch 5 step 5100/6750 loss=0.0605
08/11/2026 15:19:18 - INFO - __main__ - [XLM-R] epoch 5 step 5150/6750 loss=0.0496
08/11/2026 15:19:25 - INFO - __main__ - [XLM-R] epoch 5 step 5200/6750 loss=0.0626
08/11/2026 15:19:31 - INFO - __main__ - [XLM-R] epoch 5 step 5250/6750 loss=0.0708
08/11/2026 15:19:37 - INFO - __main__ - [XLM-R] epoch 5 step 5300/6750 loss=0.0524
08/11/2026 15:19:43 - INFO - __main__ - [XLM-R] epoch 5 step 5350/6750 loss=0.0723
08/11/2026 15:19:50 - INFO - __main__ - [XLM-R] epoch 5 step 5400/6750 loss=0.0518
08/11/2026 15:19:56 - INFO - __main__ - [XLM-R] epoch 5 step 5450/6750 loss=0.0637
08/11/2026 15:20:02 - INFO - __main__ - [XLM-R] epoch 5 step 5500/6750 loss=0.0795
08/11/2026 15:20:08 - INFO - __main__ - [XLM-R] epoch 5 step 5550/6750 loss=0.0610
08/11/2026 15:20:14 - INFO - __main__ - [XLM-R] epoch 5 step 5600/6750 loss=0.0538
08/11/2026 15:20:21 - INFO - __main__ - [XLM-R] epoch 5 step 5650/6750 loss=0.0456
08/11/2026 15:20:27 - INFO - __main__ - [XLM-R] epoch 5 step 5700/6750 loss=0.0466
08/11/2026 15:20:33 - INFO - __main__ - [XLM-R] epoch 5 step 5750/6750 loss=0.0561
08/11/2026 15:20:39 - INFO - __main__ - [XLM-R] epoch 5 step 5800/6750 loss=0.0344
08/11/2026 15:20:46 - INFO - __main__ - [XLM-R] epoch 5 step 5850/6750 loss=0.0652
08/11/2026 15:20:52 - INFO - __main__ - [XLM-R] epoch 5 step 5900/6750 loss=0.0521
08/11/2026 15:20:58 - INFO - __main__ - [XLM-R] epoch 5 step 5950/6750 loss=0.0732
08/11/2026 15:21:04 - INFO - __main__ - [XLM-R] epoch 5 step 6000/6750 loss=0.0653
08/11/2026 15:21:10 - INFO - __main__ - [XLM-R] epoch 5 step 6050/6750 loss=0.0511
08/11/2026 15:21:17 - INFO - __main__ - [XLM-R] epoch 5 step 6100/6750 loss=0.0435
08/11/2026 15:21:23 - INFO - __main__ - [XLM-R] epoch 5 step 6150/6750 loss=0.0534
08/11/2026 15:21:29 - INFO - __main__ - [XLM-R] epoch 5 step 6200/6750 loss=0.0510
08/11/2026 15:21:35 - INFO - __main__ - [XLM-R] epoch 5 step 6250/6750 loss=0.0614
08/11/2026 15:21:41 - INFO - __main__ - [XLM-R] epoch 5 step 6300/6750 loss=0.0455
08/11/2026 15:21:48 - INFO - __main__ - [XLM-R] epoch 5 step 6350/6750 loss=0.0475
08/11/2026 15:21:54 - INFO - __main__ - [XLM-R] epoch 5 step 6400/6750 loss=0.0617
08/11/2026 15:22:00 - INFO - __main__ - [XLM-R] epoch 5 step 6450/6750 loss=0.0555
08/11/2026 15:22:06 - INFO - __main__ - [XLM-R] epoch 5 step 6500/6750 loss=0.0602
08/11/2026 15:22:13 - INFO - __main__ - [XLM-R] epoch 5 step 6550/6750 loss=0.0557
08/11/2026 15:22:19 - INFO - __main__ - [XLM-R] epoch 5 step 6600/6750 loss=0.0608
08/11/2026 15:22:25 - INFO - __main__ - [XLM-R] epoch 5 step 6650/6750 loss=0.0619
08/11/2026 15:22:32 - INFO - __main__ - [XLM-R] epoch 5 step 6700/6750 loss=0.0625
08/11/2026 15:22:38 - INFO - __main__ - [XLM-R] epoch 5 step 6750/6750 loss=0.0579
08/11/2026 15:22:38 - INFO - __main__ - [XLM-R] Epoch 5 xong sau 834.2s, avg_loss=0.0568
08/11/2026 15:26:23 - INFO - __main__ - [XLM-R] Epoch 5 - Valid macro F1 = 0.5590
              precision    recall  f1-score   support

      PERIOD     0.8552    0.8899    0.8722    140169
       COMMA     0.7736    0.7244    0.7482    162056
       COLON     0.6821    0.5498    0.6089     10825
       QMARK     0.7478    0.7293    0.7385      4884
      EXCLAM     0.5811    0.1205    0.1996      2556
   SEMICOLON     0.4578    0.1173    0.1867      1944

   micro avg     0.8080    0.7821    0.7948    322434
   macro avg     0.6830    0.5219    0.5590    322434
weighted avg     0.8022    0.7821    0.7896    322434

/root/phopunct/baseline_plain.py:261: FutureWarning: `torch.cuda.amp.autocast(args...)` is deprecated. Please use `torch.amp.autocast('cuda', args...)` instead.
  with torch.cuda.amp.autocast(enabled=use_amp):
08/11/2026 15:26:33 - INFO - __main__ - [XLM-R] epoch 6 step 50/6750 loss=0.0469
08/11/2026 15:26:39 - INFO - __main__ - [XLM-R] epoch 6 step 100/6750 loss=0.0503
08/11/2026 15:26:45 - INFO - __main__ - [XLM-R] epoch 6 step 150/6750 loss=0.0396
08/11/2026 15:26:51 - INFO - __main__ - [XLM-R] epoch 6 step 200/6750 loss=0.0464
08/11/2026 15:26:57 - INFO - __main__ - [XLM-R] epoch 6 step 250/6750 loss=0.0482
08/11/2026 15:27:04 - INFO - __main__ - [XLM-R] epoch 6 step 300/6750 loss=0.0598
08/11/2026 15:27:10 - INFO - __main__ - [XLM-R] epoch 6 step 350/6750 loss=0.0710
08/11/2026 15:27:16 - INFO - __main__ - [XLM-R] epoch 6 step 400/6750 loss=0.0401
08/11/2026 15:27:22 - INFO - __main__ - [XLM-R] epoch 6 step 450/6750 loss=0.0581
08/11/2026 15:27:28 - INFO - __main__ - [XLM-R] epoch 6 step 500/6750 loss=0.0497
08/11/2026 15:27:34 - INFO - __main__ - [XLM-R] epoch 6 step 550/6750 loss=0.0582
08/11/2026 15:27:40 - INFO - __main__ - [XLM-R] epoch 6 step 600/6750 loss=0.0666
08/11/2026 15:27:46 - INFO - __main__ - [XLM-R] epoch 6 step 650/6750 loss=0.0484
08/11/2026 15:27:53 - INFO - __main__ - [XLM-R] epoch 6 step 700/6750 loss=0.0719
08/11/2026 15:27:59 - INFO - __main__ - [XLM-R] epoch 6 step 750/6750 loss=0.0673
08/11/2026 15:28:05 - INFO - __main__ - [XLM-R] epoch 6 step 800/6750 loss=0.0498
08/11/2026 15:28:11 - INFO - __main__ - [XLM-R] epoch 6 step 850/6750 loss=0.0589
08/11/2026 15:28:17 - INFO - __main__ - [XLM-R] epoch 6 step 900/6750 loss=0.0669
08/11/2026 15:28:24 - INFO - __main__ - [XLM-R] epoch 6 step 950/6750 loss=0.0346
08/11/2026 15:28:30 - INFO - __main__ - [XLM-R] epoch 6 step 1000/6750 loss=0.0464
08/11/2026 15:28:36 - INFO - __main__ - [XLM-R] epoch 6 step 1050/6750 loss=0.0457
08/11/2026 15:28:42 - INFO - __main__ - [XLM-R] epoch 6 step 1100/6750 loss=0.0491
08/11/2026 15:28:48 - INFO - __main__ - [XLM-R] epoch 6 step 1150/6750 loss=0.0669
08/11/2026 15:28:55 - INFO - __main__ - [XLM-R] epoch 6 step 1200/6750 loss=0.0514
08/11/2026 15:29:01 - INFO - __main__ - [XLM-R] epoch 6 step 1250/6750 loss=0.0512
08/11/2026 15:29:07 - INFO - __main__ - [XLM-R] epoch 6 step 1300/6750 loss=0.0602
08/11/2026 15:29:14 - INFO - __main__ - [XLM-R] epoch 6 step 1350/6750 loss=0.0633
08/11/2026 15:29:20 - INFO - __main__ - [XLM-R] epoch 6 step 1400/6750 loss=0.0382
08/11/2026 15:29:26 - INFO - __main__ - [XLM-R] epoch 6 step 1450/6750 loss=0.0587
08/11/2026 15:29:32 - INFO - __main__ - [XLM-R] epoch 6 step 1500/6750 loss=0.0562
08/11/2026 15:29:39 - INFO - __main__ - [XLM-R] epoch 6 step 1550/6750 loss=0.0515
08/11/2026 15:29:45 - INFO - __main__ - [XLM-R] epoch 6 step 1600/6750 loss=0.0475
08/11/2026 15:29:51 - INFO - __main__ - [XLM-R] epoch 6 step 1650/6750 loss=0.0544
08/11/2026 15:29:58 - INFO - __main__ - [XLM-R] epoch 6 step 1700/6750 loss=0.0702
08/11/2026 15:30:04 - INFO - __main__ - [XLM-R] epoch 6 step 1750/6750 loss=0.0641
08/11/2026 15:30:10 - INFO - __main__ - [XLM-R] epoch 6 step 1800/6750 loss=0.0465
08/11/2026 15:30:16 - INFO - __main__ - [XLM-R] epoch 6 step 1850/6750 loss=0.0588
08/11/2026 15:30:23 - INFO - __main__ - [XLM-R] epoch 6 step 1900/6750 loss=0.0441
08/11/2026 15:30:29 - INFO - __main__ - [XLM-R] epoch 6 step 1950/6750 loss=0.0556
08/11/2026 15:30:35 - INFO - __main__ - [XLM-R] epoch 6 step 2000/6750 loss=0.0406
08/11/2026 15:30:41 - INFO - __main__ - [XLM-R] epoch 6 step 2050/6750 loss=0.0580
08/11/2026 15:30:48 - INFO - __main__ - [XLM-R] epoch 6 step 2100/6750 loss=0.0528
08/11/2026 15:30:54 - INFO - __main__ - [XLM-R] epoch 6 step 2150/6750 loss=0.0388
08/11/2026 15:31:00 - INFO - __main__ - [XLM-R] epoch 6 step 2200/6750 loss=0.0509
08/11/2026 15:31:06 - INFO - __main__ - [XLM-R] epoch 6 step 2250/6750 loss=0.0650
08/11/2026 15:31:13 - INFO - __main__ - [XLM-R] epoch 6 step 2300/6750 loss=0.0586
08/11/2026 15:31:19 - INFO - __main__ - [XLM-R] epoch 6 step 2350/6750 loss=0.0530
08/11/2026 15:31:25 - INFO - __main__ - [XLM-R] epoch 6 step 2400/6750 loss=0.0744
08/11/2026 15:31:31 - INFO - __main__ - [XLM-R] epoch 6 step 2450/6750 loss=0.0512
08/11/2026 15:31:38 - INFO - __main__ - [XLM-R] epoch 6 step 2500/6750 loss=0.0395
08/11/2026 15:31:44 - INFO - __main__ - [XLM-R] epoch 6 step 2550/6750 loss=0.0466
08/11/2026 15:31:50 - INFO - __main__ - [XLM-R] epoch 6 step 2600/6750 loss=0.0478
08/11/2026 15:31:56 - INFO - __main__ - [XLM-R] epoch 6 step 2650/6750 loss=0.0461
08/11/2026 15:32:03 - INFO - __main__ - [XLM-R] epoch 6 step 2700/6750 loss=0.0529
08/11/2026 15:32:09 - INFO - __main__ - [XLM-R] epoch 6 step 2750/6750 loss=0.0400
08/11/2026 15:32:15 - INFO - __main__ - [XLM-R] epoch 6 step 2800/6750 loss=0.0464
08/11/2026 15:32:21 - INFO - __main__ - [XLM-R] epoch 6 step 2850/6750 loss=0.0777
08/11/2026 15:32:28 - INFO - __main__ - [XLM-R] epoch 6 step 2900/6750 loss=0.0490
08/11/2026 15:32:34 - INFO - __main__ - [XLM-R] epoch 6 step 2950/6750 loss=0.0579
08/11/2026 15:32:40 - INFO - __main__ - [XLM-R] epoch 6 step 3000/6750 loss=0.0440
08/11/2026 15:32:47 - INFO - __main__ - [XLM-R] epoch 6 step 3050/6750 loss=0.0722
08/11/2026 15:32:53 - INFO - __main__ - [XLM-R] epoch 6 step 3100/6750 loss=0.0459
08/11/2026 15:32:59 - INFO - __main__ - [XLM-R] epoch 6 step 3150/6750 loss=0.0545
08/11/2026 15:33:05 - INFO - __main__ - [XLM-R] epoch 6 step 3200/6750 loss=0.0531
08/11/2026 15:33:12 - INFO - __main__ - [XLM-R] epoch 6 step 3250/6750 loss=0.0466
08/11/2026 15:33:18 - INFO - __main__ - [XLM-R] epoch 6 step 3300/6750 loss=0.0496
08/11/2026 15:33:24 - INFO - __main__ - [XLM-R] epoch 6 step 3350/6750 loss=0.0476
08/11/2026 15:33:30 - INFO - __main__ - [XLM-R] epoch 6 step 3400/6750 loss=0.0586
08/11/2026 15:33:37 - INFO - __main__ - [XLM-R] epoch 6 step 3450/6750 loss=0.0454
08/11/2026 15:33:43 - INFO - __main__ - [XLM-R] epoch 6 step 3500/6750 loss=0.0674
08/11/2026 15:33:49 - INFO - __main__ - [XLM-R] epoch 6 step 3550/6750 loss=0.0473
08/11/2026 15:33:55 - INFO - __main__ - [XLM-R] epoch 6 step 3600/6750 loss=0.0483
08/11/2026 15:34:02 - INFO - __main__ - [XLM-R] epoch 6 step 3650/6750 loss=0.0405
08/11/2026 15:34:08 - INFO - __main__ - [XLM-R] epoch 6 step 3700/6750 loss=0.0473
08/11/2026 15:34:14 - INFO - __main__ - [XLM-R] epoch 6 step 3750/6750 loss=0.0431
08/11/2026 15:34:20 - INFO - __main__ - [XLM-R] epoch 6 step 3800/6750 loss=0.0458
08/11/2026 15:34:26 - INFO - __main__ - [XLM-R] epoch 6 step 3850/6750 loss=0.0480
08/11/2026 15:34:33 - INFO - __main__ - [XLM-R] epoch 6 step 3900/6750 loss=0.0628
08/11/2026 15:34:39 - INFO - __main__ - [XLM-R] epoch 6 step 3950/6750 loss=0.0553
08/11/2026 15:34:45 - INFO - __main__ - [XLM-R] epoch 6 step 4000/6750 loss=0.0520
08/11/2026 15:34:51 - INFO - __main__ - [XLM-R] epoch 6 step 4050/6750 loss=0.0493
08/11/2026 15:34:57 - INFO - __main__ - [XLM-R] epoch 6 step 4100/6750 loss=0.0502
08/11/2026 15:35:03 - INFO - __main__ - [XLM-R] epoch 6 step 4150/6750 loss=0.0506
08/11/2026 15:35:10 - INFO - __main__ - [XLM-R] epoch 6 step 4200/6750 loss=0.0379
08/11/2026 15:35:16 - INFO - __main__ - [XLM-R] epoch 6 step 4250/6750 loss=0.0574
08/11/2026 15:35:22 - INFO - __main__ - [XLM-R] epoch 6 step 4300/6750 loss=0.0659
08/11/2026 15:35:28 - INFO - __main__ - [XLM-R] epoch 6 step 4350/6750 loss=0.0539
08/11/2026 15:35:34 - INFO - __main__ - [XLM-R] epoch 6 step 4400/6750 loss=0.0503
08/11/2026 15:35:41 - INFO - __main__ - [XLM-R] epoch 6 step 4450/6750 loss=0.0583
08/11/2026 15:35:47 - INFO - __main__ - [XLM-R] epoch 6 step 4500/6750 loss=0.0450
08/11/2026 15:35:53 - INFO - __main__ - [XLM-R] epoch 6 step 4550/6750 loss=0.0356
08/11/2026 15:35:59 - INFO - __main__ - [XLM-R] epoch 6 step 4600/6750 loss=0.0458
08/11/2026 15:36:05 - INFO - __main__ - [XLM-R] epoch 6 step 4650/6750 loss=0.0537
08/11/2026 15:36:12 - INFO - __main__ - [XLM-R] epoch 6 step 4700/6750 loss=0.0430
08/11/2026 15:36:18 - INFO - __main__ - [XLM-R] epoch 6 step 4750/6750 loss=0.0352
08/11/2026 15:36:24 - INFO - __main__ - [XLM-R] epoch 6 step 4800/6750 loss=0.0615
08/11/2026 15:36:30 - INFO - __main__ - [XLM-R] epoch 6 step 4850/6750 loss=0.0469
08/11/2026 15:36:36 - INFO - __main__ - [XLM-R] epoch 6 step 4900/6750 loss=0.0653
08/11/2026 15:36:43 - INFO - __main__ - [XLM-R] epoch 6 step 4950/6750 loss=0.0425
08/11/2026 15:36:49 - INFO - __main__ - [XLM-R] epoch 6 step 5000/6750 loss=0.0506
08/11/2026 15:36:55 - INFO - __main__ - [XLM-R] epoch 6 step 5050/6750 loss=0.0541
08/11/2026 15:37:01 - INFO - __main__ - [XLM-R] epoch 6 step 5100/6750 loss=0.0452
08/11/2026 15:37:07 - INFO - __main__ - [XLM-R] epoch 6 step 5150/6750 loss=0.0628
08/11/2026 15:37:13 - INFO - __main__ - [XLM-R] epoch 6 step 5200/6750 loss=0.0459
08/11/2026 15:37:20 - INFO - __main__ - [XLM-R] epoch 6 step 5250/6750 loss=0.0543
08/11/2026 15:37:26 - INFO - __main__ - [XLM-R] epoch 6 step 5300/6750 loss=0.0479
08/11/2026 15:37:32 - INFO - __main__ - [XLM-R] epoch 6 step 5350/6750 loss=0.0488
08/11/2026 15:37:38 - INFO - __main__ - [XLM-R] epoch 6 step 5400/6750 loss=0.0577
08/11/2026 15:37:44 - INFO - __main__ - [XLM-R] epoch 6 step 5450/6750 loss=0.0432
08/11/2026 15:37:50 - INFO - __main__ - [XLM-R] epoch 6 step 5500/6750 loss=0.0342
08/11/2026 15:37:57 - INFO - __main__ - [XLM-R] epoch 6 step 5550/6750 loss=0.0607
08/11/2026 15:38:03 - INFO - __main__ - [XLM-R] epoch 6 step 5600/6750 loss=0.0402
08/11/2026 15:38:09 - INFO - __main__ - [XLM-R] epoch 6 step 5650/6750 loss=0.0500
08/11/2026 15:38:15 - INFO - __main__ - [XLM-R] epoch 6 step 5700/6750 loss=0.0839
08/11/2026 15:38:21 - INFO - __main__ - [XLM-R] epoch 6 step 5750/6750 loss=0.0575
08/11/2026 15:38:27 - INFO - __main__ - [XLM-R] epoch 6 step 5800/6750 loss=0.0567
08/11/2026 15:38:34 - INFO - __main__ - [XLM-R] epoch 6 step 5850/6750 loss=0.0574
08/11/2026 15:38:40 - INFO - __main__ - [XLM-R] epoch 6 step 5900/6750 loss=0.0484
08/11/2026 15:38:46 - INFO - __main__ - [XLM-R] epoch 6 step 5950/6750 loss=0.0477
08/11/2026 15:38:52 - INFO - __main__ - [XLM-R] epoch 6 step 6000/6750 loss=0.0536
08/11/2026 15:38:58 - INFO - __main__ - [XLM-R] epoch 6 step 6050/6750 loss=0.0657
08/11/2026 15:39:05 - INFO - __main__ - [XLM-R] epoch 6 step 6100/6750 loss=0.0496
08/11/2026 15:39:11 - INFO - __main__ - [XLM-R] epoch 6 step 6150/6750 loss=0.0502
08/11/2026 15:39:17 - INFO - __main__ - [XLM-R] epoch 6 step 6200/6750 loss=0.0394
08/11/2026 15:39:23 - INFO - __main__ - [XLM-R] epoch 6 step 6250/6750 loss=0.0741
08/11/2026 15:39:29 - INFO - __main__ - [XLM-R] epoch 6 step 6300/6750 loss=0.0794
08/11/2026 15:39:36 - INFO - __main__ - [XLM-R] epoch 6 step 6350/6750 loss=0.0579
08/11/2026 15:39:42 - INFO - __main__ - [XLM-R] epoch 6 step 6400/6750 loss=0.0645
08/11/2026 15:39:48 - INFO - __main__ - [XLM-R] epoch 6 step 6450/6750 loss=0.0501
08/11/2026 15:39:54 - INFO - __main__ - [XLM-R] epoch 6 step 6500/6750 loss=0.0664
08/11/2026 15:40:00 - INFO - __main__ - [XLM-R] epoch 6 step 6550/6750 loss=0.0638
08/11/2026 15:40:07 - INFO - __main__ - [XLM-R] epoch 6 step 6600/6750 loss=0.0637
08/11/2026 15:40:13 - INFO - __main__ - [XLM-R] epoch 6 step 6650/6750 loss=0.0496
08/11/2026 15:40:19 - INFO - __main__ - [XLM-R] epoch 6 step 6700/6750 loss=0.0605
08/11/2026 15:40:25 - INFO - __main__ - [XLM-R] epoch 6 step 6750/6750 loss=0.0592
08/11/2026 15:40:25 - INFO - __main__ - [XLM-R] Epoch 6 xong sau 838.8s, avg_loss=0.0523
08/11/2026 15:44:12 - INFO - __main__ - [XLM-R] Epoch 6 - Valid macro F1 = 0.5760
              precision    recall  f1-score   support

      PERIOD     0.8559    0.8905    0.8728    140169
       COMMA     0.7679    0.7313    0.7491    162056
       COLON     0.6941    0.5367    0.6053     10825
       QMARK     0.7615    0.7262    0.7435      4884
      EXCLAM     0.4885    0.1667    0.2485      2556
   SEMICOLON     0.4196    0.1651    0.2370      1944

   micro avg     0.8050    0.7860    0.7954    322434
   macro avg     0.6646    0.5361    0.5760    322434
weighted avg     0.7992    0.7860    0.7909    322434

08/11/2026 15:44:19 - INFO - __main__ - -> [XLM-R] best checkpoint mới, macro F1 = 0.5760
/root/phopunct/baseline_plain.py:261: FutureWarning: `torch.cuda.amp.autocast(args...)` is deprecated. Please use `torch.amp.autocast('cuda', args...)` instead.
  with torch.cuda.amp.autocast(enabled=use_amp):
08/11/2026 15:44:25 - INFO - __main__ - [XLM-R] epoch 7 step 50/6750 loss=0.0609
08/11/2026 15:44:31 - INFO - __main__ - [XLM-R] epoch 7 step 100/6750 loss=0.0437
08/11/2026 15:44:37 - INFO - __main__ - [XLM-R] epoch 7 step 150/6750 loss=0.0447
08/11/2026 15:44:43 - INFO - __main__ - [XLM-R] epoch 7 step 200/6750 loss=0.0607
08/11/2026 15:44:49 - INFO - __main__ - [XLM-R] epoch 7 step 250/6750 loss=0.0545
08/11/2026 15:44:55 - INFO - __main__ - [XLM-R] epoch 7 step 300/6750 loss=0.0389
08/11/2026 15:45:01 - INFO - __main__ - [XLM-R] epoch 7 step 350/6750 loss=0.0519
08/11/2026 15:45:07 - INFO - __main__ - [XLM-R] epoch 7 step 400/6750 loss=0.0518
08/11/2026 15:45:13 - INFO - __main__ - [XLM-R] epoch 7 step 450/6750 loss=0.0449
08/11/2026 15:45:19 - INFO - __main__ - [XLM-R] epoch 7 step 500/6750 loss=0.0363
08/11/2026 15:45:26 - INFO - __main__ - [XLM-R] epoch 7 step 550/6750 loss=0.0272
08/11/2026 15:45:32 - INFO - __main__ - [XLM-R] epoch 7 step 600/6750 loss=0.0428
08/11/2026 15:45:38 - INFO - __main__ - [XLM-R] epoch 7 step 650/6750 loss=0.0360
08/11/2026 15:45:44 - INFO - __main__ - [XLM-R] epoch 7 step 700/6750 loss=0.0529
08/11/2026 15:45:50 - INFO - __main__ - [XLM-R] epoch 7 step 750/6750 loss=0.0368
08/11/2026 15:45:56 - INFO - __main__ - [XLM-R] epoch 7 step 800/6750 loss=0.0617
08/11/2026 15:46:02 - INFO - __main__ - [XLM-R] epoch 7 step 850/6750 loss=0.0499
08/11/2026 15:46:09 - INFO - __main__ - [XLM-R] epoch 7 step 900/6750 loss=0.0587
08/11/2026 15:46:15 - INFO - __main__ - [XLM-R] epoch 7 step 950/6750 loss=0.0577
08/11/2026 15:46:21 - INFO - __main__ - [XLM-R] epoch 7 step 1000/6750 loss=0.0470
08/11/2026 15:46:27 - INFO - __main__ - [XLM-R] epoch 7 step 1050/6750 loss=0.0415
08/11/2026 15:46:33 - INFO - __main__ - [XLM-R] epoch 7 step 1100/6750 loss=0.0449
08/11/2026 15:46:40 - INFO - __main__ - [XLM-R] epoch 7 step 1150/6750 loss=0.0543
08/11/2026 15:46:46 - INFO - __main__ - [XLM-R] epoch 7 step 1200/6750 loss=0.0507
08/11/2026 15:46:52 - INFO - __main__ - [XLM-R] epoch 7 step 1250/6750 loss=0.0642
08/11/2026 15:46:58 - INFO - __main__ - [XLM-R] epoch 7 step 1300/6750 loss=0.0515
08/11/2026 15:47:04 - INFO - __main__ - [XLM-R] epoch 7 step 1350/6750 loss=0.0432
08/11/2026 15:47:11 - INFO - __main__ - [XLM-R] epoch 7 step 1400/6750 loss=0.0464
08/11/2026 15:47:17 - INFO - __main__ - [XLM-R] epoch 7 step 1450/6750 loss=0.0517
08/11/2026 15:47:23 - INFO - __main__ - [XLM-R] epoch 7 step 1500/6750 loss=0.0623
08/11/2026 15:47:29 - INFO - __main__ - [XLM-R] epoch 7 step 1550/6750 loss=0.0753
08/11/2026 15:47:36 - INFO - __main__ - [XLM-R] epoch 7 step 1600/6750 loss=0.0436
08/11/2026 15:47:42 - INFO - __main__ - [XLM-R] epoch 7 step 1650/6750 loss=0.0486
08/11/2026 15:47:48 - INFO - __main__ - [XLM-R] epoch 7 step 1700/6750 loss=0.0426
08/11/2026 15:47:55 - INFO - __main__ - [XLM-R] epoch 7 step 1750/6750 loss=0.0539
08/11/2026 15:48:01 - INFO - __main__ - [XLM-R] epoch 7 step 1800/6750 loss=0.0405
08/11/2026 15:48:07 - INFO - __main__ - [XLM-R] epoch 7 step 1850/6750 loss=0.0452
08/11/2026 15:48:13 - INFO - __main__ - [XLM-R] epoch 7 step 1900/6750 loss=0.0582
08/11/2026 15:48:20 - INFO - __main__ - [XLM-R] epoch 7 step 1950/6750 loss=0.0466
08/11/2026 15:48:26 - INFO - __main__ - [XLM-R] epoch 7 step 2000/6750 loss=0.0672
08/11/2026 15:48:32 - INFO - __main__ - [XLM-R] epoch 7 step 2050/6750 loss=0.0423
08/11/2026 15:48:38 - INFO - __main__ - [XLM-R] epoch 7 step 2100/6750 loss=0.0411
08/11/2026 15:48:45 - INFO - __main__ - [XLM-R] epoch 7 step 2150/6750 loss=0.0524
08/11/2026 15:48:51 - INFO - __main__ - [XLM-R] epoch 7 step 2200/6750 loss=0.0553
08/11/2026 15:48:57 - INFO - __main__ - [XLM-R] epoch 7 step 2250/6750 loss=0.0510
08/11/2026 15:49:03 - INFO - __main__ - [XLM-R] epoch 7 step 2300/6750 loss=0.0544
08/11/2026 15:49:10 - INFO - __main__ - [XLM-R] epoch 7 step 2350/6750 loss=0.0495
08/11/2026 15:49:16 - INFO - __main__ - [XLM-R] epoch 7 step 2400/6750 loss=0.0433
08/11/2026 15:49:22 - INFO - __main__ - [XLM-R] epoch 7 step 2450/6750 loss=0.0447
08/11/2026 15:49:28 - INFO - __main__ - [XLM-R] epoch 7 step 2500/6750 loss=0.0515
08/11/2026 15:49:35 - INFO - __main__ - [XLM-R] epoch 7 step 2550/6750 loss=0.0593
08/11/2026 15:49:41 - INFO - __main__ - [XLM-R] epoch 7 step 2600/6750 loss=0.0438
08/11/2026 15:49:47 - INFO - __main__ - [XLM-R] epoch 7 step 2650/6750 loss=0.0472
08/11/2026 15:49:53 - INFO - __main__ - [XLM-R] epoch 7 step 2700/6750 loss=0.0651
08/11/2026 15:50:00 - INFO - __main__ - [XLM-R] epoch 7 step 2750/6750 loss=0.0497
08/11/2026 15:50:06 - INFO - __main__ - [XLM-R] epoch 7 step 2800/6750 loss=0.0502
08/11/2026 15:50:12 - INFO - __main__ - [XLM-R] epoch 7 step 2850/6750 loss=0.0404
08/11/2026 15:50:18 - INFO - __main__ - [XLM-R] epoch 7 step 2900/6750 loss=0.0727
08/11/2026 15:50:25 - INFO - __main__ - [XLM-R] epoch 7 step 2950/6750 loss=0.0427
08/11/2026 15:50:31 - INFO - __main__ - [XLM-R] epoch 7 step 3000/6750 loss=0.0498
08/11/2026 15:50:37 - INFO - __main__ - [XLM-R] epoch 7 step 3050/6750 loss=0.0375
08/11/2026 15:50:44 - INFO - __main__ - [XLM-R] epoch 7 step 3100/6750 loss=0.0689
08/11/2026 15:50:50 - INFO - __main__ - [XLM-R] epoch 7 step 3150/6750 loss=0.0385
08/11/2026 15:50:56 - INFO - __main__ - [XLM-R] epoch 7 step 3200/6750 loss=0.0429
08/11/2026 15:51:02 - INFO - __main__ - [XLM-R] epoch 7 step 3250/6750 loss=0.0571
08/11/2026 15:51:09 - INFO - __main__ - [XLM-R] epoch 7 step 3300/6750 loss=0.0582
08/11/2026 15:51:15 - INFO - __main__ - [XLM-R] epoch 7 step 3350/6750 loss=0.0450
08/11/2026 15:51:21 - INFO - __main__ - [XLM-R] epoch 7 step 3400/6750 loss=0.0583
08/11/2026 15:51:27 - INFO - __main__ - [XLM-R] epoch 7 step 3450/6750 loss=0.0433
08/11/2026 15:51:34 - INFO - __main__ - [XLM-R] epoch 7 step 3500/6750 loss=0.0486
08/11/2026 15:51:40 - INFO - __main__ - [XLM-R] epoch 7 step 3550/6750 loss=0.0358
08/11/2026 15:51:46 - INFO - __main__ - [XLM-R] epoch 7 step 3600/6750 loss=0.0526
08/11/2026 15:51:52 - INFO - __main__ - [XLM-R] epoch 7 step 3650/6750 loss=0.0664
08/11/2026 15:51:59 - INFO - __main__ - [XLM-R] epoch 7 step 3700/6750 loss=0.0434
08/11/2026 15:52:05 - INFO - __main__ - [XLM-R] epoch 7 step 3750/6750 loss=0.0472
08/11/2026 15:52:11 - INFO - __main__ - [XLM-R] epoch 7 step 3800/6750 loss=0.0717
08/11/2026 15:52:17 - INFO - __main__ - [XLM-R] epoch 7 step 3850/6750 loss=0.0563
08/11/2026 15:52:23 - INFO - __main__ - [XLM-R] epoch 7 step 3900/6750 loss=0.0439
08/11/2026 15:52:30 - INFO - __main__ - [XLM-R] epoch 7 step 3950/6750 loss=0.0447
08/11/2026 15:52:36 - INFO - __main__ - [XLM-R] epoch 7 step 4000/6750 loss=0.0619
08/11/2026 15:52:42 - INFO - __main__ - [XLM-R] epoch 7 step 4050/6750 loss=0.0565
08/11/2026 15:52:48 - INFO - __main__ - [XLM-R] epoch 7 step 4100/6750 loss=0.0450
08/11/2026 15:52:55 - INFO - __main__ - [XLM-R] epoch 7 step 4150/6750 loss=0.0665
08/11/2026 15:53:01 - INFO - __main__ - [XLM-R] epoch 7 step 4200/6750 loss=0.0448
08/11/2026 15:53:07 - INFO - __main__ - [XLM-R] epoch 7 step 4250/6750 loss=0.0632
08/11/2026 15:53:13 - INFO - __main__ - [XLM-R] epoch 7 step 4300/6750 loss=0.0521
08/11/2026 15:53:20 - INFO - __main__ - [XLM-R] epoch 7 step 4350/6750 loss=0.0484
08/11/2026 15:53:26 - INFO - __main__ - [XLM-R] epoch 7 step 4400/6750 loss=0.0674
08/11/2026 15:53:32 - INFO - __main__ - [XLM-R] epoch 7 step 4450/6750 loss=0.0644
08/11/2026 15:53:38 - INFO - __main__ - [XLM-R] epoch 7 step 4500/6750 loss=0.0603
08/11/2026 15:53:44 - INFO - __main__ - [XLM-R] epoch 7 step 4550/6750 loss=0.0562
08/11/2026 15:53:51 - INFO - __main__ - [XLM-R] epoch 7 step 4600/6750 loss=0.0369
08/11/2026 15:53:57 - INFO - __main__ - [XLM-R] epoch 7 step 4650/6750 loss=0.0399
08/11/2026 15:54:03 - INFO - __main__ - [XLM-R] epoch 7 step 4700/6750 loss=0.0540
08/11/2026 15:54:09 - INFO - __main__ - [XLM-R] epoch 7 step 4750/6750 loss=0.0475
08/11/2026 15:54:16 - INFO - __main__ - [XLM-R] epoch 7 step 4800/6750 loss=0.0552
08/11/2026 15:54:22 - INFO - __main__ - [XLM-R] epoch 7 step 4850/6750 loss=0.0462
08/11/2026 15:54:28 - INFO - __main__ - [XLM-R] epoch 7 step 4900/6750 loss=0.0392
08/11/2026 15:54:34 - INFO - __main__ - [XLM-R] epoch 7 step 4950/6750 loss=0.0399
08/11/2026 15:54:40 - INFO - __main__ - [XLM-R] epoch 7 step 5000/6750 loss=0.0328
08/11/2026 15:54:47 - INFO - __main__ - [XLM-R] epoch 7 step 5050/6750 loss=0.0553
08/11/2026 15:54:53 - INFO - __main__ - [XLM-R] epoch 7 step 5100/6750 loss=0.0567
08/11/2026 15:55:00 - INFO - __main__ - [XLM-R] epoch 7 step 5150/6750 loss=0.0472
08/11/2026 15:55:06 - INFO - __main__ - [XLM-R] epoch 7 step 5200/6750 loss=0.0348
08/11/2026 15:55:12 - INFO - __main__ - [XLM-R] epoch 7 step 5250/6750 loss=0.0308
08/11/2026 15:55:19 - INFO - __main__ - [XLM-R] epoch 7 step 5300/6750 loss=0.0475
08/11/2026 15:55:25 - INFO - __main__ - [XLM-R] epoch 7 step 5350/6750 loss=0.0520
08/11/2026 15:55:32 - INFO - __main__ - [XLM-R] epoch 7 step 5400/6750 loss=0.0430
08/11/2026 15:55:38 - INFO - __main__ - [XLM-R] epoch 7 step 5450/6750 loss=0.0543
08/11/2026 15:55:44 - INFO - __main__ - [XLM-R] epoch 7 step 5500/6750 loss=0.0439
08/11/2026 15:55:51 - INFO - __main__ - [XLM-R] epoch 7 step 5550/6750 loss=0.0465
08/11/2026 15:55:57 - INFO - __main__ - [XLM-R] epoch 7 step 5600/6750 loss=0.0621
08/11/2026 15:56:03 - INFO - __main__ - [XLM-R] epoch 7 step 5650/6750 loss=0.0784
08/11/2026 15:56:10 - INFO - __main__ - [XLM-R] epoch 7 step 5700/6750 loss=0.0443
08/11/2026 15:56:16 - INFO - __main__ - [XLM-R] epoch 7 step 5750/6750 loss=0.0706
08/11/2026 15:56:23 - INFO - __main__ - [XLM-R] epoch 7 step 5800/6750 loss=0.0575
08/11/2026 15:56:29 - INFO - __main__ - [XLM-R] epoch 7 step 5850/6750 loss=0.0530
08/11/2026 15:56:35 - INFO - __main__ - [XLM-R] epoch 7 step 5900/6750 loss=0.0477
08/11/2026 15:56:42 - INFO - __main__ - [XLM-R] epoch 7 step 5950/6750 loss=0.0689
08/11/2026 15:56:48 - INFO - __main__ - [XLM-R] epoch 7 step 6000/6750 loss=0.0430
08/11/2026 15:56:54 - INFO - __main__ - [XLM-R] epoch 7 step 6050/6750 loss=0.0389
08/11/2026 15:57:01 - INFO - __main__ - [XLM-R] epoch 7 step 6100/6750 loss=0.0458
08/11/2026 15:57:07 - INFO - __main__ - [XLM-R] epoch 7 step 6150/6750 loss=0.0380
08/11/2026 15:57:13 - INFO - __main__ - [XLM-R] epoch 7 step 6200/6750 loss=0.0677
08/11/2026 15:57:20 - INFO - __main__ - [XLM-R] epoch 7 step 6250/6750 loss=0.0585
08/11/2026 15:57:26 - INFO - __main__ - [XLM-R] epoch 7 step 6300/6750 loss=0.0639
08/11/2026 15:57:32 - INFO - __main__ - [XLM-R] epoch 7 step 6350/6750 loss=0.0579
08/11/2026 15:57:39 - INFO - __main__ - [XLM-R] epoch 7 step 6400/6750 loss=0.0445
08/11/2026 15:57:45 - INFO - __main__ - [XLM-R] epoch 7 step 6450/6750 loss=0.0573
08/11/2026 15:57:51 - INFO - __main__ - [XLM-R] epoch 7 step 6500/6750 loss=0.0414
08/11/2026 15:57:58 - INFO - __main__ - [XLM-R] epoch 7 step 6550/6750 loss=0.0578
08/11/2026 15:58:04 - INFO - __main__ - [XLM-R] epoch 7 step 6600/6750 loss=0.0420
08/11/2026 15:58:10 - INFO - __main__ - [XLM-R] epoch 7 step 6650/6750 loss=0.0452
08/11/2026 15:58:17 - INFO - __main__ - [XLM-R] epoch 7 step 6700/6750 loss=0.0478
08/11/2026 15:58:23 - INFO - __main__ - [XLM-R] epoch 7 step 6750/6750 loss=0.0622
08/11/2026 15:58:23 - INFO - __main__ - [XLM-R] Epoch 7 xong sau 844.6s, avg_loss=0.0488
08/11/2026 16:02:10 - INFO - __main__ - [XLM-R] Epoch 7 - Valid macro F1 = 0.5761
              precision    recall  f1-score   support

      PERIOD     0.8642    0.8848    0.8744    140169
       COMMA     0.7606    0.7438    0.7521    162056
       COLON     0.7037    0.5398    0.6109     10825
       QMARK     0.7720    0.7273    0.7490      4884
      EXCLAM     0.5106    0.1514    0.2336      2556
   SEMICOLON     0.4139    0.1656    0.2366      1944

   micro avg     0.8048    0.7898    0.7972    322434
   macro avg     0.6708    0.5354    0.5761    322434
weighted avg     0.7998    0.7898    0.7933    322434

08/11/2026 16:02:17 - INFO - __main__ - -> [XLM-R] best checkpoint mới, macro F1 = 0.5761
/root/phopunct/baseline_plain.py:261: FutureWarning: `torch.cuda.amp.autocast(args...)` is deprecated. Please use `torch.amp.autocast('cuda', args...)` instead.
  with torch.cuda.amp.autocast(enabled=use_amp):
08/11/2026 16:02:23 - INFO - __main__ - [XLM-R] epoch 8 step 50/6750 loss=0.0686
08/11/2026 16:02:30 - INFO - __main__ - [XLM-R] epoch 8 step 100/6750 loss=0.0512
08/11/2026 16:02:36 - INFO - __main__ - [XLM-R] epoch 8 step 150/6750 loss=0.0423
08/11/2026 16:02:42 - INFO - __main__ - [XLM-R] epoch 8 step 200/6750 loss=0.0527
08/11/2026 16:02:48 - INFO - __main__ - [XLM-R] epoch 8 step 250/6750 loss=0.0339
08/11/2026 16:02:55 - INFO - __main__ - [XLM-R] epoch 8 step 300/6750 loss=0.0746
08/11/2026 16:03:01 - INFO - __main__ - [XLM-R] epoch 8 step 350/6750 loss=0.0417
08/11/2026 16:03:07 - INFO - __main__ - [XLM-R] epoch 8 step 400/6750 loss=0.0392
08/11/2026 16:03:13 - INFO - __main__ - [XLM-R] epoch 8 step 450/6750 loss=0.0453
08/11/2026 16:03:20 - INFO - __main__ - [XLM-R] epoch 8 step 500/6750 loss=0.0435
08/11/2026 16:03:26 - INFO - __main__ - [XLM-R] epoch 8 step 550/6750 loss=0.0471
08/11/2026 16:03:32 - INFO - __main__ - [XLM-R] epoch 8 step 600/6750 loss=0.0413
08/11/2026 16:03:38 - INFO - __main__ - [XLM-R] epoch 8 step 650/6750 loss=0.0361
08/11/2026 16:03:45 - INFO - __main__ - [XLM-R] epoch 8 step 700/6750 loss=0.0445
08/11/2026 16:03:51 - INFO - __main__ - [XLM-R] epoch 8 step 750/6750 loss=0.0446
08/11/2026 16:03:57 - INFO - __main__ - [XLM-R] epoch 8 step 800/6750 loss=0.0579
08/11/2026 16:04:04 - INFO - __main__ - [XLM-R] epoch 8 step 850/6750 loss=0.0461
08/11/2026 16:04:10 - INFO - __main__ - [XLM-R] epoch 8 step 900/6750 loss=0.0525
08/11/2026 16:04:16 - INFO - __main__ - [XLM-R] epoch 8 step 950/6750 loss=0.0530
08/11/2026 16:04:23 - INFO - __main__ - [XLM-R] epoch 8 step 1000/6750 loss=0.0502
08/11/2026 16:04:29 - INFO - __main__ - [XLM-R] epoch 8 step 1050/6750 loss=0.0431
08/11/2026 16:04:35 - INFO - __main__ - [XLM-R] epoch 8 step 1100/6750 loss=0.0388
08/11/2026 16:04:42 - INFO - __main__ - [XLM-R] epoch 8 step 1150/6750 loss=0.0449
08/11/2026 16:04:48 - INFO - __main__ - [XLM-R] epoch 8 step 1200/6750 loss=0.0435
08/11/2026 16:04:54 - INFO - __main__ - [XLM-R] epoch 8 step 1250/6750 loss=0.0440
08/11/2026 16:05:01 - INFO - __main__ - [XLM-R] epoch 8 step 1300/6750 loss=0.0433
08/11/2026 16:05:07 - INFO - __main__ - [XLM-R] epoch 8 step 1350/6750 loss=0.0460
08/11/2026 16:05:13 - INFO - __main__ - [XLM-R] epoch 8 step 1400/6750 loss=0.0405
08/11/2026 16:05:19 - INFO - __main__ - [XLM-R] epoch 8 step 1450/6750 loss=0.0381
08/11/2026 16:05:25 - INFO - __main__ - [XLM-R] epoch 8 step 1500/6750 loss=0.0359
08/11/2026 16:05:31 - INFO - __main__ - [XLM-R] epoch 8 step 1550/6750 loss=0.0453
08/11/2026 16:05:38 - INFO - __main__ - [XLM-R] epoch 8 step 1600/6750 loss=0.0481
08/11/2026 16:05:44 - INFO - __main__ - [XLM-R] epoch 8 step 1650/6750 loss=0.0451
08/11/2026 16:05:50 - INFO - __main__ - [XLM-R] epoch 8 step 1700/6750 loss=0.0339
08/11/2026 16:05:56 - INFO - __main__ - [XLM-R] epoch 8 step 1750/6750 loss=0.0478
08/11/2026 16:06:02 - INFO - __main__ - [XLM-R] epoch 8 step 1800/6750 loss=0.0294
08/11/2026 16:06:09 - INFO - __main__ - [XLM-R] epoch 8 step 1850/6750 loss=0.0460
08/11/2026 16:06:15 - INFO - __main__ - [XLM-R] epoch 8 step 1900/6750 loss=0.0402
08/11/2026 16:06:21 - INFO - __main__ - [XLM-R] epoch 8 step 1950/6750 loss=0.0472
08/11/2026 16:06:28 - INFO - __main__ - [XLM-R] epoch 8 step 2000/6750 loss=0.0440
08/11/2026 16:06:34 - INFO - __main__ - [XLM-R] epoch 8 step 2050/6750 loss=0.0452
08/11/2026 16:06:40 - INFO - __main__ - [XLM-R] epoch 8 step 2100/6750 loss=0.0637
08/11/2026 16:06:46 - INFO - __main__ - [XLM-R] epoch 8 step 2150/6750 loss=0.0316
08/11/2026 16:06:52 - INFO - __main__ - [XLM-R] epoch 8 step 2200/6750 loss=0.0395
08/11/2026 16:06:58 - INFO - __main__ - [XLM-R] epoch 8 step 2250/6750 loss=0.0296
08/11/2026 16:07:05 - INFO - __main__ - [XLM-R] epoch 8 step 2300/6750 loss=0.0612
08/11/2026 16:07:11 - INFO - __main__ - [XLM-R] epoch 8 step 2350/6750 loss=0.0529
08/11/2026 16:07:17 - INFO - __main__ - [XLM-R] epoch 8 step 2400/6750 loss=0.0432
08/11/2026 16:07:23 - INFO - __main__ - [XLM-R] epoch 8 step 2450/6750 loss=0.0294
08/11/2026 16:07:29 - INFO - __main__ - [XLM-R] epoch 8 step 2500/6750 loss=0.0581
08/11/2026 16:07:35 - INFO - __main__ - [XLM-R] epoch 8 step 2550/6750 loss=0.0526
08/11/2026 16:07:42 - INFO - __main__ - [XLM-R] epoch 8 step 2600/6750 loss=0.0572
08/11/2026 16:07:48 - INFO - __main__ - [XLM-R] epoch 8 step 2650/6750 loss=0.0418
08/11/2026 16:07:54 - INFO - __main__ - [XLM-R] epoch 8 step 2700/6750 loss=0.0598
08/11/2026 16:08:00 - INFO - __main__ - [XLM-R] epoch 8 step 2750/6750 loss=0.0470
08/11/2026 16:08:06 - INFO - __main__ - [XLM-R] epoch 8 step 2800/6750 loss=0.0445
08/11/2026 16:08:13 - INFO - __main__ - [XLM-R] epoch 8 step 2850/6750 loss=0.0482
08/11/2026 16:08:19 - INFO - __main__ - [XLM-R] epoch 8 step 2900/6750 loss=0.0435
08/11/2026 16:08:25 - INFO - __main__ - [XLM-R] epoch 8 step 2950/6750 loss=0.0337
08/11/2026 16:08:31 - INFO - __main__ - [XLM-R] epoch 8 step 3000/6750 loss=0.0504
08/11/2026 16:08:37 - INFO - __main__ - [XLM-R] epoch 8 step 3050/6750 loss=0.0517
08/11/2026 16:08:43 - INFO - __main__ - [XLM-R] epoch 8 step 3100/6750 loss=0.0407
08/11/2026 16:08:50 - INFO - __main__ - [XLM-R] epoch 8 step 3150/6750 loss=0.0509
08/11/2026 16:08:56 - INFO - __main__ - [XLM-R] epoch 8 step 3200/6750 loss=0.0435
08/11/2026 16:09:02 - INFO - __main__ - [XLM-R] epoch 8 step 3250/6750 loss=0.0489
08/11/2026 16:09:08 - INFO - __main__ - [XLM-R] epoch 8 step 3300/6750 loss=0.0483
08/11/2026 16:09:14 - INFO - __main__ - [XLM-R] epoch 8 step 3350/6750 loss=0.0418
08/11/2026 16:09:20 - INFO - __main__ - [XLM-R] epoch 8 step 3400/6750 loss=0.0574
08/11/2026 16:09:27 - INFO - __main__ - [XLM-R] epoch 8 step 3450/6750 loss=0.0487
08/11/2026 16:09:33 - INFO - __main__ - [XLM-R] epoch 8 step 3500/6750 loss=0.0354
08/11/2026 16:09:39 - INFO - __main__ - [XLM-R] epoch 8 step 3550/6750 loss=0.0472
08/11/2026 16:09:45 - INFO - __main__ - [XLM-R] epoch 8 step 3600/6750 loss=0.0513
08/11/2026 16:09:51 - INFO - __main__ - [XLM-R] epoch 8 step 3650/6750 loss=0.0343
08/11/2026 16:09:58 - INFO - __main__ - [XLM-R] epoch 8 step 3700/6750 loss=0.0370
08/11/2026 16:10:04 - INFO - __main__ - [XLM-R] epoch 8 step 3750/6750 loss=0.0443
08/11/2026 16:10:10 - INFO - __main__ - [XLM-R] epoch 8 step 3800/6750 loss=0.0548
08/11/2026 16:10:16 - INFO - __main__ - [XLM-R] epoch 8 step 3850/6750 loss=0.0311
08/11/2026 16:10:22 - INFO - __main__ - [XLM-R] epoch 8 step 3900/6750 loss=0.0378
08/11/2026 16:10:28 - INFO - __main__ - [XLM-R] epoch 8 step 3950/6750 loss=0.0380
08/11/2026 16:10:35 - INFO - __main__ - [XLM-R] epoch 8 step 4000/6750 loss=0.0622
08/11/2026 16:10:41 - INFO - __main__ - [XLM-R] epoch 8 step 4050/6750 loss=0.0554
08/11/2026 16:10:47 - INFO - __main__ - [XLM-R] epoch 8 step 4100/6750 loss=0.0752
08/11/2026 16:10:53 - INFO - __main__ - [XLM-R] epoch 8 step 4150/6750 loss=0.0287
08/11/2026 16:10:59 - INFO - __main__ - [XLM-R] epoch 8 step 4200/6750 loss=0.0384
08/11/2026 16:11:05 - INFO - __main__ - [XLM-R] epoch 8 step 4250/6750 loss=0.0504
08/11/2026 16:11:12 - INFO - __main__ - [XLM-R] epoch 8 step 4300/6750 loss=0.0257
08/11/2026 16:11:18 - INFO - __main__ - [XLM-R] epoch 8 step 4350/6750 loss=0.0378
08/11/2026 16:11:24 - INFO - __main__ - [XLM-R] epoch 8 step 4400/6750 loss=0.0530
08/11/2026 16:11:30 - INFO - __main__ - [XLM-R] epoch 8 step 4450/6750 loss=0.0385
08/11/2026 16:11:36 - INFO - __main__ - [XLM-R] epoch 8 step 4500/6750 loss=0.0573
08/11/2026 16:11:42 - INFO - __main__ - [XLM-R] epoch 8 step 4550/6750 loss=0.0419
08/11/2026 16:11:49 - INFO - __main__ - [XLM-R] epoch 8 step 4600/6750 loss=0.0357
08/11/2026 16:11:55 - INFO - __main__ - [XLM-R] epoch 8 step 4650/6750 loss=0.0621
08/11/2026 16:12:01 - INFO - __main__ - [XLM-R] epoch 8 step 4700/6750 loss=0.0340
08/11/2026 16:12:07 - INFO - __main__ - [XLM-R] epoch 8 step 4750/6750 loss=0.0433
08/11/2026 16:12:13 - INFO - __main__ - [XLM-R] epoch 8 step 4800/6750 loss=0.0569
08/11/2026 16:12:19 - INFO - __main__ - [XLM-R] epoch 8 step 4850/6750 loss=0.0442
08/11/2026 16:12:26 - INFO - __main__ - [XLM-R] epoch 8 step 4900/6750 loss=0.0377
08/11/2026 16:12:32 - INFO - __main__ - [XLM-R] epoch 8 step 4950/6750 loss=0.0484
08/11/2026 16:12:38 - INFO - __main__ - [XLM-R] epoch 8 step 5000/6750 loss=0.0495
08/11/2026 16:12:44 - INFO - __main__ - [XLM-R] epoch 8 step 5050/6750 loss=0.0652
08/11/2026 16:12:50 - INFO - __main__ - [XLM-R] epoch 8 step 5100/6750 loss=0.0419
08/11/2026 16:12:57 - INFO - __main__ - [XLM-R] epoch 8 step 5150/6750 loss=0.0385
08/11/2026 16:13:03 - INFO - __main__ - [XLM-R] epoch 8 step 5200/6750 loss=0.0475
08/11/2026 16:13:09 - INFO - __main__ - [XLM-R] epoch 8 step 5250/6750 loss=0.0546
08/11/2026 16:13:15 - INFO - __main__ - [XLM-R] epoch 8 step 5300/6750 loss=0.0571
08/11/2026 16:13:21 - INFO - __main__ - [XLM-R] epoch 8 step 5350/6750 loss=0.0580
08/11/2026 16:13:28 - INFO - __main__ - [XLM-R] epoch 8 step 5400/6750 loss=0.0440
08/11/2026 16:13:34 - INFO - __main__ - [XLM-R] epoch 8 step 5450/6750 loss=0.0467
08/11/2026 16:13:40 - INFO - __main__ - [XLM-R] epoch 8 step 5500/6750 loss=0.0542
08/11/2026 16:13:46 - INFO - __main__ - [XLM-R] epoch 8 step 5550/6750 loss=0.0477
08/11/2026 16:13:53 - INFO - __main__ - [XLM-R] epoch 8 step 5600/6750 loss=0.0342
08/11/2026 16:13:59 - INFO - __main__ - [XLM-R] epoch 8 step 5650/6750 loss=0.0549
08/11/2026 16:14:05 - INFO - __main__ - [XLM-R] epoch 8 step 5700/6750 loss=0.0377
08/11/2026 16:14:11 - INFO - __main__ - [XLM-R] epoch 8 step 5750/6750 loss=0.0502
08/11/2026 16:14:17 - INFO - __main__ - [XLM-R] epoch 8 step 5800/6750 loss=0.0406
08/11/2026 16:14:24 - INFO - __main__ - [XLM-R] epoch 8 step 5850/6750 loss=0.0384
08/11/2026 16:14:30 - INFO - __main__ - [XLM-R] epoch 8 step 5900/6750 loss=0.0530
08/11/2026 16:14:36 - INFO - __main__ - [XLM-R] epoch 8 step 5950/6750 loss=0.0523
08/11/2026 16:14:42 - INFO - __main__ - [XLM-R] epoch 8 step 6000/6750 loss=0.0454
08/11/2026 16:14:48 - INFO - __main__ - [XLM-R] epoch 8 step 6050/6750 loss=0.0458
08/11/2026 16:14:55 - INFO - __main__ - [XLM-R] epoch 8 step 6100/6750 loss=0.0477
08/11/2026 16:15:01 - INFO - __main__ - [XLM-R] epoch 8 step 6150/6750 loss=0.0533
08/11/2026 16:15:07 - INFO - __main__ - [XLM-R] epoch 8 step 6200/6750 loss=0.0370
08/11/2026 16:15:13 - INFO - __main__ - [XLM-R] epoch 8 step 6250/6750 loss=0.0512
08/11/2026 16:15:19 - INFO - __main__ - [XLM-R] epoch 8 step 6300/6750 loss=0.0536
08/11/2026 16:15:26 - INFO - __main__ - [XLM-R] epoch 8 step 6350/6750 loss=0.0463
08/11/2026 16:15:32 - INFO - __main__ - [XLM-R] epoch 8 step 6400/6750 loss=0.0465
08/11/2026 16:15:38 - INFO - __main__ - [XLM-R] epoch 8 step 6450/6750 loss=0.0365
08/11/2026 16:15:44 - INFO - __main__ - [XLM-R] epoch 8 step 6500/6750 loss=0.0457
08/11/2026 16:15:50 - INFO - __main__ - [XLM-R] epoch 8 step 6550/6750 loss=0.0313
08/11/2026 16:15:56 - INFO - __main__ - [XLM-R] epoch 8 step 6600/6750 loss=0.0471
08/11/2026 16:16:03 - INFO - __main__ - [XLM-R] epoch 8 step 6650/6750 loss=0.0431
08/11/2026 16:16:09 - INFO - __main__ - [XLM-R] epoch 8 step 6700/6750 loss=0.0548
08/11/2026 16:16:15 - INFO - __main__ - [XLM-R] epoch 8 step 6750/6750 loss=0.0432
08/11/2026 16:16:15 - INFO - __main__ - [XLM-R] Epoch 8 xong sau 837.8s, avg_loss=0.0462
08/11/2026 16:19:56 - INFO - __main__ - [XLM-R] Epoch 8 - Valid macro F1 = 0.5825
              precision    recall  f1-score   support

      PERIOD     0.8637    0.8851    0.8743    140169
       COMMA     0.7630    0.7408    0.7517    162056
       COLON     0.6755    0.5605    0.6126     10825
       QMARK     0.7555    0.7391    0.7473      4884
      EXCLAM     0.4767    0.1718    0.2525      2556
   SEMICOLON     0.3827    0.1929    0.2565      1944

   micro avg     0.8041    0.7896    0.7968    322434
   macro avg     0.6529    0.5484    0.5825    322434
weighted avg     0.7992    0.7896    0.7933    322434

08/11/2026 16:20:02 - INFO - __main__ - -> [XLM-R] best checkpoint mới, macro F1 = 0.5825
08/11/2026 16:20:02 - INFO - __main__ - [XLM-R] Train xong. Best macro F1 = 0.5825. Checkpoint tại /root/phopunct/outputs/xlmr_plain_news
