08/12/2026 01:31:23 - INFO - __main__ - === XLM-R + Bi-LSTM | backbone=xlm-roberta-base ===
08/12/2026 01:31:23 - INFO - __main__ - {
  "model_key": "xlmr",
  "use_bilstm": true,
  "data_dir": "data/punctuation/News",
  "output_dir": "outputs/xlmr_bilstm_plain_news",
  "max_seq_length": 256,
  "lstm_hidden_size": 128,
  "train_batch_size": 16,
  "eval_batch_size": 32,
  "num_train_epochs": 8.0,
  "learning_rate": 2e-05,
  "warmup_ratio": 0.06,
  "max_grad_norm": 1.0,
  "seed": 42,
  "device": "cuda",
  "fp16": true,
  "max_train_examples": null,
  "max_eval_examples": null,
  "logging_steps": 50
}
08/12/2026 01:31:24 - INFO - httpx - HTTP Request: HEAD https://huggingface.co/xlm-roberta-base/resolve/main/config.json "HTTP/1.1 200 OK"
Warning: You are sending unauthenticated requests to the HF Hub. Please set a HF_TOKEN to enable higher rate limits and faster downloads.
08/12/2026 01:31:24 - WARNING - huggingface_hub.utils._http - Warning: You are sending unauthenticated requests to the HF Hub. Please set a HF_TOKEN to enable higher rate limits and faster downloads.
08/12/2026 01:31:24 - INFO - httpx - HTTP Request: HEAD https://huggingface.co/xlm-roberta-base/resolve/main/tokenizer_config.json "HTTP/1.1 200 OK"
08/12/2026 01:31:24 - INFO - httpx - HTTP Request: GET https://huggingface.co/api/models/xlm-roberta-base/tree/main/additional_chat_templates?recursive=false&expand=false "HTTP/1.1 307 Temporary Redirect"
08/12/2026 01:31:24 - INFO - httpx - HTTP Request: GET https://huggingface.co/api/models/FacebookAI/xlm-roberta-base/tree/main/additional_chat_templates?recursive=false&expand=false "HTTP/1.1 404 Not Found"
08/12/2026 01:31:24 - INFO - httpx - HTTP Request: GET https://huggingface.co/api/models/xlm-roberta-base/tree/main?recursive=true&expand=false "HTTP/1.1 307 Temporary Redirect"
08/12/2026 01:31:24 - INFO - httpx - HTTP Request: GET https://huggingface.co/api/models/FacebookAI/xlm-roberta-base/tree/main?recursive=true&expand=false "HTTP/1.1 200 OK"
08/12/2026 01:31:25 - INFO - httpx - HTTP Request: GET https://huggingface.co/api/models/xlm-roberta-base "HTTP/1.1 307 Temporary Redirect"
08/12/2026 01:31:25 - INFO - httpx - HTTP Request: GET https://huggingface.co/api/models/FacebookAI/xlm-roberta-base "HTTP/1.1 200 OK"
08/12/2026 01:31:25 - INFO - __main__ - Đang nạp dữ liệu train...
08/12/2026 01:32:22 - INFO - punc_dataset_word - convert_examples_to_features: 108000 examples -> 108000 features (0 rỗng bị bỏ, 7 bị truncate)
08/12/2026 01:32:28 - INFO - __main__ - Đang nạp dữ liệu valid...
08/12/2026 01:32:47 - INFO - punc_dataset_word - convert_examples_to_features: 36191 examples -> 36191 features (0 rỗng bị bỏ, 1 bị truncate)
08/12/2026 01:32:49 - INFO - __main__ - Train: 108000 features | Valid: 36191 features
08/12/2026 01:32:49 - INFO - httpx - HTTP Request: HEAD https://huggingface.co/xlm-roberta-base/resolve/main/config.json "HTTP/1.1 200 OK"
Loading weights:   0%|          | 0/199 [00:00<?, ?it/s]Loading weights: 100%|██████████| 199/199 [00:00<00:00, 6807.49it/s]
[transformers] [1mXLMRobertaModel LOAD REPORT[0m from: xlm-roberta-base
Key                       | Status     |  | 
--------------------------+------------+--+-
lm_head.layer_norm.bias   | UNEXPECTED |  | 
lm_head.layer_norm.weight | UNEXPECTED |  | 
lm_head.dense.weight      | UNEXPECTED |  | 
lm_head.dense.bias        | UNEXPECTED |  | 
lm_head.bias              | UNEXPECTED |  | 

Notes:
- UNEXPECTED:	can be ignored when loading from different task/architecture; not ok if you expect identical arch.
/root/phopunct/baseline_plain.py:247: FutureWarning: `torch.cuda.amp.GradScaler(args...)` is deprecated. Please use `torch.amp.GradScaler('cuda', args...)` instead.
  scaler = torch.cuda.amp.GradScaler(enabled=use_amp)
/root/phopunct/baseline_plain.py:261: FutureWarning: `torch.cuda.amp.autocast(args...)` is deprecated. Please use `torch.amp.autocast('cuda', args...)` instead.
  with torch.cuda.amp.autocast(enabled=use_amp):
/root/phopunct/baseline_plain.py:274: UserWarning: Detected call of `lr_scheduler.step()` before `optimizer.step()`. In PyTorch 1.1.0 and later, you should call them in the opposite order: `optimizer.step()` before `lr_scheduler.step()`.  Failure to do this will result in PyTorch skipping the first value of the learning rate schedule. See more details at https://pytorch.org/docs/stable/optim.html#how-to-adjust-learning-rate
  scheduler.step()
08/12/2026 01:32:56 - INFO - __main__ - [XLM-R + Bi-LSTM] epoch 1 step 50/6750 loss=1.8560
08/12/2026 01:33:02 - INFO - __main__ - [XLM-R + Bi-LSTM] epoch 1 step 100/6750 loss=1.7445
08/12/2026 01:33:08 - INFO - __main__ - [XLM-R + Bi-LSTM] epoch 1 step 150/6750 loss=1.2281
08/12/2026 01:33:14 - INFO - __main__ - [XLM-R + Bi-LSTM] epoch 1 step 200/6750 loss=0.5390
08/12/2026 01:33:20 - INFO - __main__ - [XLM-R + Bi-LSTM] epoch 1 step 250/6750 loss=0.3750
08/12/2026 01:33:26 - INFO - __main__ - [XLM-R + Bi-LSTM] epoch 1 step 300/6750 loss=0.3588
08/12/2026 01:33:32 - INFO - __main__ - [XLM-R + Bi-LSTM] epoch 1 step 350/6750 loss=0.3918
08/12/2026 01:33:39 - INFO - __main__ - [XLM-R + Bi-LSTM] epoch 1 step 400/6750 loss=0.3649
08/12/2026 01:33:45 - INFO - __main__ - [XLM-R + Bi-LSTM] epoch 1 step 450/6750 loss=0.3631
08/12/2026 01:33:51 - INFO - __main__ - [XLM-R + Bi-LSTM] epoch 1 step 500/6750 loss=0.3372
08/12/2026 01:33:57 - INFO - __main__ - [XLM-R + Bi-LSTM] epoch 1 step 550/6750 loss=0.3559
08/12/2026 01:34:03 - INFO - __main__ - [XLM-R + Bi-LSTM] epoch 1 step 600/6750 loss=0.3176
08/12/2026 01:34:10 - INFO - __main__ - [XLM-R + Bi-LSTM] epoch 1 step 650/6750 loss=0.3232
08/12/2026 01:34:16 - INFO - __main__ - [XLM-R + Bi-LSTM] epoch 1 step 700/6750 loss=0.2718
08/12/2026 01:34:22 - INFO - __main__ - [XLM-R + Bi-LSTM] epoch 1 step 750/6750 loss=0.2542
08/12/2026 01:34:28 - INFO - __main__ - [XLM-R + Bi-LSTM] epoch 1 step 800/6750 loss=0.2030
08/12/2026 01:34:34 - INFO - __main__ - [XLM-R + Bi-LSTM] epoch 1 step 850/6750 loss=0.2123
08/12/2026 01:34:41 - INFO - __main__ - [XLM-R + Bi-LSTM] epoch 1 step 900/6750 loss=0.2059
08/12/2026 01:34:47 - INFO - __main__ - [XLM-R + Bi-LSTM] epoch 1 step 950/6750 loss=0.1840
08/12/2026 01:34:53 - INFO - __main__ - [XLM-R + Bi-LSTM] epoch 1 step 1000/6750 loss=0.2258
08/12/2026 01:34:59 - INFO - __main__ - [XLM-R + Bi-LSTM] epoch 1 step 1050/6750 loss=0.2278
08/12/2026 01:35:06 - INFO - __main__ - [XLM-R + Bi-LSTM] epoch 1 step 1100/6750 loss=0.1955
08/12/2026 01:35:12 - INFO - __main__ - [XLM-R + Bi-LSTM] epoch 1 step 1150/6750 loss=0.1628
08/12/2026 01:35:18 - INFO - __main__ - [XLM-R + Bi-LSTM] epoch 1 step 1200/6750 loss=0.1934
08/12/2026 01:35:25 - INFO - __main__ - [XLM-R + Bi-LSTM] epoch 1 step 1250/6750 loss=0.1959
08/12/2026 01:35:31 - INFO - __main__ - [XLM-R + Bi-LSTM] epoch 1 step 1300/6750 loss=0.1551
08/12/2026 01:35:37 - INFO - __main__ - [XLM-R + Bi-LSTM] epoch 1 step 1350/6750 loss=0.1600
08/12/2026 01:35:44 - INFO - __main__ - [XLM-R + Bi-LSTM] epoch 1 step 1400/6750 loss=0.1358
08/12/2026 01:35:50 - INFO - __main__ - [XLM-R + Bi-LSTM] epoch 1 step 1450/6750 loss=0.1709
08/12/2026 01:35:56 - INFO - __main__ - [XLM-R + Bi-LSTM] epoch 1 step 1500/6750 loss=0.1536
08/12/2026 01:36:03 - INFO - __main__ - [XLM-R + Bi-LSTM] epoch 1 step 1550/6750 loss=0.1332
08/12/2026 01:36:09 - INFO - __main__ - [XLM-R + Bi-LSTM] epoch 1 step 1600/6750 loss=0.1368
08/12/2026 01:36:15 - INFO - __main__ - [XLM-R + Bi-LSTM] epoch 1 step 1650/6750 loss=0.1171
08/12/2026 01:36:22 - INFO - __main__ - [XLM-R + Bi-LSTM] epoch 1 step 1700/6750 loss=0.1233
08/12/2026 01:36:28 - INFO - __main__ - [XLM-R + Bi-LSTM] epoch 1 step 1750/6750 loss=0.1301
08/12/2026 01:36:34 - INFO - __main__ - [XLM-R + Bi-LSTM] epoch 1 step 1800/6750 loss=0.1304
08/12/2026 01:36:41 - INFO - __main__ - [XLM-R + Bi-LSTM] epoch 1 step 1850/6750 loss=0.1299
08/12/2026 01:36:47 - INFO - __main__ - [XLM-R + Bi-LSTM] epoch 1 step 1900/6750 loss=0.1259
08/12/2026 01:36:53 - INFO - __main__ - [XLM-R + Bi-LSTM] epoch 1 step 1950/6750 loss=0.1220
08/12/2026 01:37:00 - INFO - __main__ - [XLM-R + Bi-LSTM] epoch 1 step 2000/6750 loss=0.1256
08/12/2026 01:37:06 - INFO - __main__ - [XLM-R + Bi-LSTM] epoch 1 step 2050/6750 loss=0.0723
08/12/2026 01:37:13 - INFO - __main__ - [XLM-R + Bi-LSTM] epoch 1 step 2100/6750 loss=0.1137
08/12/2026 01:37:19 - INFO - __main__ - [XLM-R + Bi-LSTM] epoch 1 step 2150/6750 loss=0.1108
08/12/2026 01:37:25 - INFO - __main__ - [XLM-R + Bi-LSTM] epoch 1 step 2200/6750 loss=0.1234
08/12/2026 01:37:32 - INFO - __main__ - [XLM-R + Bi-LSTM] epoch 1 step 2250/6750 loss=0.1527
08/12/2026 01:37:38 - INFO - __main__ - [XLM-R + Bi-LSTM] epoch 1 step 2300/6750 loss=0.1242
08/12/2026 01:37:44 - INFO - __main__ - [XLM-R + Bi-LSTM] epoch 1 step 2350/6750 loss=0.1548
08/12/2026 01:37:51 - INFO - __main__ - [XLM-R + Bi-LSTM] epoch 1 step 2400/6750 loss=0.1492
08/12/2026 01:37:57 - INFO - __main__ - [XLM-R + Bi-LSTM] epoch 1 step 2450/6750 loss=0.1530
08/12/2026 01:38:04 - INFO - __main__ - [XLM-R + Bi-LSTM] epoch 1 step 2500/6750 loss=0.1328
08/12/2026 01:38:10 - INFO - __main__ - [XLM-R + Bi-LSTM] epoch 1 step 2550/6750 loss=0.1116
08/12/2026 01:38:16 - INFO - __main__ - [XLM-R + Bi-LSTM] epoch 1 step 2600/6750 loss=0.1167
08/12/2026 01:38:23 - INFO - __main__ - [XLM-R + Bi-LSTM] epoch 1 step 2650/6750 loss=0.1142
08/12/2026 01:38:29 - INFO - __main__ - [XLM-R + Bi-LSTM] epoch 1 step 2700/6750 loss=0.1084
08/12/2026 01:38:35 - INFO - __main__ - [XLM-R + Bi-LSTM] epoch 1 step 2750/6750 loss=0.0933
08/12/2026 01:38:42 - INFO - __main__ - [XLM-R + Bi-LSTM] epoch 1 step 2800/6750 loss=0.0833
08/12/2026 01:38:48 - INFO - __main__ - [XLM-R + Bi-LSTM] epoch 1 step 2850/6750 loss=0.0799
08/12/2026 01:38:54 - INFO - __main__ - [XLM-R + Bi-LSTM] epoch 1 step 2900/6750 loss=0.1038
08/12/2026 01:39:01 - INFO - __main__ - [XLM-R + Bi-LSTM] epoch 1 step 2950/6750 loss=0.1024
08/12/2026 01:39:07 - INFO - __main__ - [XLM-R + Bi-LSTM] epoch 1 step 3000/6750 loss=0.0837
08/12/2026 01:39:14 - INFO - __main__ - [XLM-R + Bi-LSTM] epoch 1 step 3050/6750 loss=0.1098
08/12/2026 01:39:20 - INFO - __main__ - [XLM-R + Bi-LSTM] epoch 1 step 3100/6750 loss=0.0689
08/12/2026 01:39:26 - INFO - __main__ - [XLM-R + Bi-LSTM] epoch 1 step 3150/6750 loss=0.1255
08/12/2026 01:39:33 - INFO - __main__ - [XLM-R + Bi-LSTM] epoch 1 step 3200/6750 loss=0.0923
08/12/2026 01:39:39 - INFO - __main__ - [XLM-R + Bi-LSTM] epoch 1 step 3250/6750 loss=0.1144
08/12/2026 01:39:45 - INFO - __main__ - [XLM-R + Bi-LSTM] epoch 1 step 3300/6750 loss=0.0894
08/12/2026 01:39:52 - INFO - __main__ - [XLM-R + Bi-LSTM] epoch 1 step 3350/6750 loss=0.1302
08/12/2026 01:39:58 - INFO - __main__ - [XLM-R + Bi-LSTM] epoch 1 step 3400/6750 loss=0.1246
08/12/2026 01:40:04 - INFO - __main__ - [XLM-R + Bi-LSTM] epoch 1 step 3450/6750 loss=0.1139
08/12/2026 01:40:11 - INFO - __main__ - [XLM-R + Bi-LSTM] epoch 1 step 3500/6750 loss=0.1026
08/12/2026 01:40:17 - INFO - __main__ - [XLM-R + Bi-LSTM] epoch 1 step 3550/6750 loss=0.1119
08/12/2026 01:40:23 - INFO - __main__ - [XLM-R + Bi-LSTM] epoch 1 step 3600/6750 loss=0.0965
08/12/2026 01:40:30 - INFO - __main__ - [XLM-R + Bi-LSTM] epoch 1 step 3650/6750 loss=0.0967
08/12/2026 01:40:36 - INFO - __main__ - [XLM-R + Bi-LSTM] epoch 1 step 3700/6750 loss=0.1153
08/12/2026 01:40:42 - INFO - __main__ - [XLM-R + Bi-LSTM] epoch 1 step 3750/6750 loss=0.1075
08/12/2026 01:40:49 - INFO - __main__ - [XLM-R + Bi-LSTM] epoch 1 step 3800/6750 loss=0.0953
08/12/2026 01:40:55 - INFO - __main__ - [XLM-R + Bi-LSTM] epoch 1 step 3850/6750 loss=0.0779
08/12/2026 01:41:01 - INFO - __main__ - [XLM-R + Bi-LSTM] epoch 1 step 3900/6750 loss=0.0838
08/12/2026 01:41:08 - INFO - __main__ - [XLM-R + Bi-LSTM] epoch 1 step 3950/6750 loss=0.0927
08/12/2026 01:41:14 - INFO - __main__ - [XLM-R + Bi-LSTM] epoch 1 step 4000/6750 loss=0.0817
08/12/2026 01:41:20 - INFO - __main__ - [XLM-R + Bi-LSTM] epoch 1 step 4050/6750 loss=0.1267
08/12/2026 01:41:27 - INFO - __main__ - [XLM-R + Bi-LSTM] epoch 1 step 4100/6750 loss=0.0849
08/12/2026 01:41:33 - INFO - __main__ - [XLM-R + Bi-LSTM] epoch 1 step 4150/6750 loss=0.1087
08/12/2026 01:41:39 - INFO - __main__ - [XLM-R + Bi-LSTM] epoch 1 step 4200/6750 loss=0.1223
08/12/2026 01:41:46 - INFO - __main__ - [XLM-R + Bi-LSTM] epoch 1 step 4250/6750 loss=0.0933
08/12/2026 01:41:52 - INFO - __main__ - [XLM-R + Bi-LSTM] epoch 1 step 4300/6750 loss=0.1133
08/12/2026 01:41:59 - INFO - __main__ - [XLM-R + Bi-LSTM] epoch 1 step 4350/6750 loss=0.0941
08/12/2026 01:42:05 - INFO - __main__ - [XLM-R + Bi-LSTM] epoch 1 step 4400/6750 loss=0.0950
08/12/2026 01:42:11 - INFO - __main__ - [XLM-R + Bi-LSTM] epoch 1 step 4450/6750 loss=0.0891
08/12/2026 01:42:17 - INFO - __main__ - [XLM-R + Bi-LSTM] epoch 1 step 4500/6750 loss=0.0762
08/12/2026 01:42:24 - INFO - __main__ - [XLM-R + Bi-LSTM] epoch 1 step 4550/6750 loss=0.0865
08/12/2026 01:42:30 - INFO - __main__ - [XLM-R + Bi-LSTM] epoch 1 step 4600/6750 loss=0.0772
08/12/2026 01:42:36 - INFO - __main__ - [XLM-R + Bi-LSTM] epoch 1 step 4650/6750 loss=0.1012
08/12/2026 01:42:43 - INFO - __main__ - [XLM-R + Bi-LSTM] epoch 1 step 4700/6750 loss=0.0997
08/12/2026 01:42:49 - INFO - __main__ - [XLM-R + Bi-LSTM] epoch 1 step 4750/6750 loss=0.0976
08/12/2026 01:42:55 - INFO - __main__ - [XLM-R + Bi-LSTM] epoch 1 step 4800/6750 loss=0.1076
08/12/2026 01:43:02 - INFO - __main__ - [XLM-R + Bi-LSTM] epoch 1 step 4850/6750 loss=0.0886
08/12/2026 01:43:08 - INFO - __main__ - [XLM-R + Bi-LSTM] epoch 1 step 4900/6750 loss=0.0870
08/12/2026 01:43:14 - INFO - __main__ - [XLM-R + Bi-LSTM] epoch 1 step 4950/6750 loss=0.0987
08/12/2026 01:43:21 - INFO - __main__ - [XLM-R + Bi-LSTM] epoch 1 step 5000/6750 loss=0.1053
08/12/2026 01:43:27 - INFO - __main__ - [XLM-R + Bi-LSTM] epoch 1 step 5050/6750 loss=0.0926
08/12/2026 01:43:33 - INFO - __main__ - [XLM-R + Bi-LSTM] epoch 1 step 5100/6750 loss=0.1295
08/12/2026 01:43:40 - INFO - __main__ - [XLM-R + Bi-LSTM] epoch 1 step 5150/6750 loss=0.1027
08/12/2026 01:43:46 - INFO - __main__ - [XLM-R + Bi-LSTM] epoch 1 step 5200/6750 loss=0.0923
08/12/2026 01:43:52 - INFO - __main__ - [XLM-R + Bi-LSTM] epoch 1 step 5250/6750 loss=0.1059
08/12/2026 01:43:59 - INFO - __main__ - [XLM-R + Bi-LSTM] epoch 1 step 5300/6750 loss=0.0955
08/12/2026 01:44:05 - INFO - __main__ - [XLM-R + Bi-LSTM] epoch 1 step 5350/6750 loss=0.1337
08/12/2026 01:44:11 - INFO - __main__ - [XLM-R + Bi-LSTM] epoch 1 step 5400/6750 loss=0.1019
08/12/2026 01:44:18 - INFO - __main__ - [XLM-R + Bi-LSTM] epoch 1 step 5450/6750 loss=0.1085
08/12/2026 01:44:24 - INFO - __main__ - [XLM-R + Bi-LSTM] epoch 1 step 5500/6750 loss=0.0919
08/12/2026 01:44:30 - INFO - __main__ - [XLM-R + Bi-LSTM] epoch 1 step 5550/6750 loss=0.0779
08/12/2026 01:44:37 - INFO - __main__ - [XLM-R + Bi-LSTM] epoch 1 step 5600/6750 loss=0.0988
08/12/2026 01:44:43 - INFO - __main__ - [XLM-R + Bi-LSTM] epoch 1 step 5650/6750 loss=0.1030
08/12/2026 01:44:49 - INFO - __main__ - [XLM-R + Bi-LSTM] epoch 1 step 5700/6750 loss=0.0983
08/12/2026 01:44:55 - INFO - __main__ - [XLM-R + Bi-LSTM] epoch 1 step 5750/6750 loss=0.0935
08/12/2026 01:45:02 - INFO - __main__ - [XLM-R + Bi-LSTM] epoch 1 step 5800/6750 loss=0.0900
08/12/2026 01:45:08 - INFO - __main__ - [XLM-R + Bi-LSTM] epoch 1 step 5850/6750 loss=0.0944
08/12/2026 01:45:14 - INFO - __main__ - [XLM-R + Bi-LSTM] epoch 1 step 5900/6750 loss=0.0902
08/12/2026 01:45:21 - INFO - __main__ - [XLM-R + Bi-LSTM] epoch 1 step 5950/6750 loss=0.0856
08/12/2026 01:45:27 - INFO - __main__ - [XLM-R + Bi-LSTM] epoch 1 step 6000/6750 loss=0.1062
08/12/2026 01:45:33 - INFO - __main__ - [XLM-R + Bi-LSTM] epoch 1 step 6050/6750 loss=0.1030
08/12/2026 01:45:40 - INFO - __main__ - [XLM-R + Bi-LSTM] epoch 1 step 6100/6750 loss=0.0893
08/12/2026 01:45:46 - INFO - __main__ - [XLM-R + Bi-LSTM] epoch 1 step 6150/6750 loss=0.0797
08/12/2026 01:45:52 - INFO - __main__ - [XLM-R + Bi-LSTM] epoch 1 step 6200/6750 loss=0.0865
08/12/2026 01:45:59 - INFO - __main__ - [XLM-R + Bi-LSTM] epoch 1 step 6250/6750 loss=0.0940
08/12/2026 01:46:05 - INFO - __main__ - [XLM-R + Bi-LSTM] epoch 1 step 6300/6750 loss=0.0871
08/12/2026 01:46:11 - INFO - __main__ - [XLM-R + Bi-LSTM] epoch 1 step 6350/6750 loss=0.0833
08/12/2026 01:46:18 - INFO - __main__ - [XLM-R + Bi-LSTM] epoch 1 step 6400/6750 loss=0.0955
08/12/2026 01:46:24 - INFO - __main__ - [XLM-R + Bi-LSTM] epoch 1 step 6450/6750 loss=0.1148
08/12/2026 01:46:30 - INFO - __main__ - [XLM-R + Bi-LSTM] epoch 1 step 6500/6750 loss=0.0738
08/12/2026 01:46:37 - INFO - __main__ - [XLM-R + Bi-LSTM] epoch 1 step 6550/6750 loss=0.1078
08/12/2026 01:46:43 - INFO - __main__ - [XLM-R + Bi-LSTM] epoch 1 step 6600/6750 loss=0.0814
08/12/2026 01:46:49 - INFO - __main__ - [XLM-R + Bi-LSTM] epoch 1 step 6650/6750 loss=0.0839
08/12/2026 01:46:55 - INFO - __main__ - [XLM-R + Bi-LSTM] epoch 1 step 6700/6750 loss=0.1073
08/12/2026 01:47:02 - INFO - __main__ - [XLM-R + Bi-LSTM] epoch 1 step 6750/6750 loss=0.0905
08/12/2026 01:47:02 - INFO - __main__ - [XLM-R + Bi-LSTM] Epoch 1 xong sau 852.2s, avg_loss=0.1738
08/12/2026 01:50:40 - INFO - __main__ - [XLM-R + Bi-LSTM] Epoch 1 - Valid macro F1 = 0.4647
              precision    recall  f1-score   support

      PERIOD     0.8362    0.8674    0.8515    140169
       COMMA     0.7193    0.7321    0.7257    162056
       COLON     0.6648    0.4394    0.5291     10825
       QMARK     0.6362    0.7193    0.6752      4884
      EXCLAM     0.5000    0.0035    0.0070      2556
   SEMICOLON     0.0000    0.0000    0.0000      1944

   micro avg     0.7693    0.7707    0.7700    322434
   macro avg     0.5594    0.4603    0.4647    322434
weighted avg     0.7610    0.7707    0.7629    322434

08/12/2026 01:50:45 - INFO - __main__ - -> [XLM-R + Bi-LSTM] best checkpoint mới, macro F1 = 0.4647
/root/phopunct/baseline_plain.py:261: FutureWarning: `torch.cuda.amp.autocast(args...)` is deprecated. Please use `torch.amp.autocast('cuda', args...)` instead.
  with torch.cuda.amp.autocast(enabled=use_amp):
08/12/2026 01:50:51 - INFO - __main__ - [XLM-R + Bi-LSTM] epoch 2 step 50/6750 loss=0.0662
08/12/2026 01:50:57 - INFO - __main__ - [XLM-R + Bi-LSTM] epoch 2 step 100/6750 loss=0.0790
08/12/2026 01:51:04 - INFO - __main__ - [XLM-R + Bi-LSTM] epoch 2 step 150/6750 loss=0.0837
08/12/2026 01:51:10 - INFO - __main__ - [XLM-R + Bi-LSTM] epoch 2 step 200/6750 loss=0.0664
08/12/2026 01:51:16 - INFO - __main__ - [XLM-R + Bi-LSTM] epoch 2 step 250/6750 loss=0.1035
08/12/2026 01:51:22 - INFO - __main__ - [XLM-R + Bi-LSTM] epoch 2 step 300/6750 loss=0.0658
08/12/2026 01:51:29 - INFO - __main__ - [XLM-R + Bi-LSTM] epoch 2 step 350/6750 loss=0.0723
08/12/2026 01:51:35 - INFO - __main__ - [XLM-R + Bi-LSTM] epoch 2 step 400/6750 loss=0.0957
08/12/2026 01:51:41 - INFO - __main__ - [XLM-R + Bi-LSTM] epoch 2 step 450/6750 loss=0.0805
08/12/2026 01:51:48 - INFO - __main__ - [XLM-R + Bi-LSTM] epoch 2 step 500/6750 loss=0.0901
08/12/2026 01:51:54 - INFO - __main__ - [XLM-R + Bi-LSTM] epoch 2 step 550/6750 loss=0.0998
08/12/2026 01:52:01 - INFO - __main__ - [XLM-R + Bi-LSTM] epoch 2 step 600/6750 loss=0.0761
08/12/2026 01:52:07 - INFO - __main__ - [XLM-R + Bi-LSTM] epoch 2 step 650/6750 loss=0.1113
08/12/2026 01:52:13 - INFO - __main__ - [XLM-R + Bi-LSTM] epoch 2 step 700/6750 loss=0.0771
08/12/2026 01:52:20 - INFO - __main__ - [XLM-R + Bi-LSTM] epoch 2 step 750/6750 loss=0.0844
08/12/2026 01:52:26 - INFO - __main__ - [XLM-R + Bi-LSTM] epoch 2 step 800/6750 loss=0.0795
08/12/2026 01:52:32 - INFO - __main__ - [XLM-R + Bi-LSTM] epoch 2 step 850/6750 loss=0.0883
08/12/2026 01:52:39 - INFO - __main__ - [XLM-R + Bi-LSTM] epoch 2 step 900/6750 loss=0.1049
08/12/2026 01:52:45 - INFO - __main__ - [XLM-R + Bi-LSTM] epoch 2 step 950/6750 loss=0.0644
08/12/2026 01:52:51 - INFO - __main__ - [XLM-R + Bi-LSTM] epoch 2 step 1000/6750 loss=0.0884
08/12/2026 01:52:57 - INFO - __main__ - [XLM-R + Bi-LSTM] epoch 2 step 1050/6750 loss=0.0858
08/12/2026 01:53:04 - INFO - __main__ - [XLM-R + Bi-LSTM] epoch 2 step 1100/6750 loss=0.0760
08/12/2026 01:53:10 - INFO - __main__ - [XLM-R + Bi-LSTM] epoch 2 step 1150/6750 loss=0.0982
08/12/2026 01:53:16 - INFO - __main__ - [XLM-R + Bi-LSTM] epoch 2 step 1200/6750 loss=0.0560
08/12/2026 01:53:23 - INFO - __main__ - [XLM-R + Bi-LSTM] epoch 2 step 1250/6750 loss=0.0738
08/12/2026 01:53:29 - INFO - __main__ - [XLM-R + Bi-LSTM] epoch 2 step 1300/6750 loss=0.1044
08/12/2026 01:53:35 - INFO - __main__ - [XLM-R + Bi-LSTM] epoch 2 step 1350/6750 loss=0.0829
08/12/2026 01:53:42 - INFO - __main__ - [XLM-R + Bi-LSTM] epoch 2 step 1400/6750 loss=0.0967
08/12/2026 01:53:48 - INFO - __main__ - [XLM-R + Bi-LSTM] epoch 2 step 1450/6750 loss=0.0727
08/12/2026 01:53:54 - INFO - __main__ - [XLM-R + Bi-LSTM] epoch 2 step 1500/6750 loss=0.0702
08/12/2026 01:54:01 - INFO - __main__ - [XLM-R + Bi-LSTM] epoch 2 step 1550/6750 loss=0.0678
08/12/2026 01:54:07 - INFO - __main__ - [XLM-R + Bi-LSTM] epoch 2 step 1600/6750 loss=0.1002
08/12/2026 01:54:13 - INFO - __main__ - [XLM-R + Bi-LSTM] epoch 2 step 1650/6750 loss=0.1081
08/12/2026 01:54:19 - INFO - __main__ - [XLM-R + Bi-LSTM] epoch 2 step 1700/6750 loss=0.0789
08/12/2026 01:54:26 - INFO - __main__ - [XLM-R + Bi-LSTM] epoch 2 step 1750/6750 loss=0.0968
08/12/2026 01:54:32 - INFO - __main__ - [XLM-R + Bi-LSTM] epoch 2 step 1800/6750 loss=0.0845
08/12/2026 01:54:38 - INFO - __main__ - [XLM-R + Bi-LSTM] epoch 2 step 1850/6750 loss=0.0724
08/12/2026 01:54:45 - INFO - __main__ - [XLM-R + Bi-LSTM] epoch 2 step 1900/6750 loss=0.1044
08/12/2026 01:54:51 - INFO - __main__ - [XLM-R + Bi-LSTM] epoch 2 step 1950/6750 loss=0.0629
08/12/2026 01:54:57 - INFO - __main__ - [XLM-R + Bi-LSTM] epoch 2 step 2000/6750 loss=0.0710
08/12/2026 01:55:04 - INFO - __main__ - [XLM-R + Bi-LSTM] epoch 2 step 2050/6750 loss=0.0896
08/12/2026 01:55:10 - INFO - __main__ - [XLM-R + Bi-LSTM] epoch 2 step 2100/6750 loss=0.1024
08/12/2026 01:55:16 - INFO - __main__ - [XLM-R + Bi-LSTM] epoch 2 step 2150/6750 loss=0.0805
08/12/2026 01:55:22 - INFO - __main__ - [XLM-R + Bi-LSTM] epoch 2 step 2200/6750 loss=0.0663
08/12/2026 01:55:29 - INFO - __main__ - [XLM-R + Bi-LSTM] epoch 2 step 2250/6750 loss=0.0623
08/12/2026 01:55:35 - INFO - __main__ - [XLM-R + Bi-LSTM] epoch 2 step 2300/6750 loss=0.0718
08/12/2026 01:55:41 - INFO - __main__ - [XLM-R + Bi-LSTM] epoch 2 step 2350/6750 loss=0.0743
08/12/2026 01:55:48 - INFO - __main__ - [XLM-R + Bi-LSTM] epoch 2 step 2400/6750 loss=0.0914
08/12/2026 01:55:54 - INFO - __main__ - [XLM-R + Bi-LSTM] epoch 2 step 2450/6750 loss=0.0750
08/12/2026 01:56:00 - INFO - __main__ - [XLM-R + Bi-LSTM] epoch 2 step 2500/6750 loss=0.0643
08/12/2026 01:56:07 - INFO - __main__ - [XLM-R + Bi-LSTM] epoch 2 step 2550/6750 loss=0.1321
08/12/2026 01:56:13 - INFO - __main__ - [XLM-R + Bi-LSTM] epoch 2 step 2600/6750 loss=0.0533
08/12/2026 01:56:19 - INFO - __main__ - [XLM-R + Bi-LSTM] epoch 2 step 2650/6750 loss=0.1109
08/12/2026 01:56:26 - INFO - __main__ - [XLM-R + Bi-LSTM] epoch 2 step 2700/6750 loss=0.0932
08/12/2026 01:56:32 - INFO - __main__ - [XLM-R + Bi-LSTM] epoch 2 step 2750/6750 loss=0.0828
08/12/2026 01:56:38 - INFO - __main__ - [XLM-R + Bi-LSTM] epoch 2 step 2800/6750 loss=0.0983
08/12/2026 01:56:45 - INFO - __main__ - [XLM-R + Bi-LSTM] epoch 2 step 2850/6750 loss=0.0739
08/12/2026 01:56:51 - INFO - __main__ - [XLM-R + Bi-LSTM] epoch 2 step 2900/6750 loss=0.0726
08/12/2026 01:56:57 - INFO - __main__ - [XLM-R + Bi-LSTM] epoch 2 step 2950/6750 loss=0.0598
08/12/2026 01:57:03 - INFO - __main__ - [XLM-R + Bi-LSTM] epoch 2 step 3000/6750 loss=0.0895
08/12/2026 01:57:10 - INFO - __main__ - [XLM-R + Bi-LSTM] epoch 2 step 3050/6750 loss=0.0945
08/12/2026 01:57:16 - INFO - __main__ - [XLM-R + Bi-LSTM] epoch 2 step 3100/6750 loss=0.0741
08/12/2026 01:57:22 - INFO - __main__ - [XLM-R + Bi-LSTM] epoch 2 step 3150/6750 loss=0.0651
08/12/2026 01:57:29 - INFO - __main__ - [XLM-R + Bi-LSTM] epoch 2 step 3200/6750 loss=0.0861
08/12/2026 01:57:35 - INFO - __main__ - [XLM-R + Bi-LSTM] epoch 2 step 3250/6750 loss=0.0705
08/12/2026 01:57:41 - INFO - __main__ - [XLM-R + Bi-LSTM] epoch 2 step 3300/6750 loss=0.0749
08/12/2026 01:57:48 - INFO - __main__ - [XLM-R + Bi-LSTM] epoch 2 step 3350/6750 loss=0.0805
08/12/2026 01:57:54 - INFO - __main__ - [XLM-R + Bi-LSTM] epoch 2 step 3400/6750 loss=0.0593
08/12/2026 01:58:00 - INFO - __main__ - [XLM-R + Bi-LSTM] epoch 2 step 3450/6750 loss=0.0856
08/12/2026 01:58:07 - INFO - __main__ - [XLM-R + Bi-LSTM] epoch 2 step 3500/6750 loss=0.1012
08/12/2026 01:58:13 - INFO - __main__ - [XLM-R + Bi-LSTM] epoch 2 step 3550/6750 loss=0.0783
08/12/2026 01:58:19 - INFO - __main__ - [XLM-R + Bi-LSTM] epoch 2 step 3600/6750 loss=0.0885
08/12/2026 01:58:26 - INFO - __main__ - [XLM-R + Bi-LSTM] epoch 2 step 3650/6750 loss=0.1070
08/12/2026 01:58:32 - INFO - __main__ - [XLM-R + Bi-LSTM] epoch 2 step 3700/6750 loss=0.0621
08/12/2026 01:58:38 - INFO - __main__ - [XLM-R + Bi-LSTM] epoch 2 step 3750/6750 loss=0.0647
08/12/2026 01:58:45 - INFO - __main__ - [XLM-R + Bi-LSTM] epoch 2 step 3800/6750 loss=0.0767
08/12/2026 01:58:51 - INFO - __main__ - [XLM-R + Bi-LSTM] epoch 2 step 3850/6750 loss=0.0827
08/12/2026 01:58:57 - INFO - __main__ - [XLM-R + Bi-LSTM] epoch 2 step 3900/6750 loss=0.0807
08/12/2026 01:59:04 - INFO - __main__ - [XLM-R + Bi-LSTM] epoch 2 step 3950/6750 loss=0.0828
08/12/2026 01:59:10 - INFO - __main__ - [XLM-R + Bi-LSTM] epoch 2 step 4000/6750 loss=0.0477
08/12/2026 01:59:16 - INFO - __main__ - [XLM-R + Bi-LSTM] epoch 2 step 4050/6750 loss=0.0648
08/12/2026 01:59:23 - INFO - __main__ - [XLM-R + Bi-LSTM] epoch 2 step 4100/6750 loss=0.0903
08/12/2026 01:59:29 - INFO - __main__ - [XLM-R + Bi-LSTM] epoch 2 step 4150/6750 loss=0.0887
08/12/2026 01:59:35 - INFO - __main__ - [XLM-R + Bi-LSTM] epoch 2 step 4200/6750 loss=0.0784
08/12/2026 01:59:42 - INFO - __main__ - [XLM-R + Bi-LSTM] epoch 2 step 4250/6750 loss=0.0916
08/12/2026 01:59:48 - INFO - __main__ - [XLM-R + Bi-LSTM] epoch 2 step 4300/6750 loss=0.0682
08/12/2026 01:59:54 - INFO - __main__ - [XLM-R + Bi-LSTM] epoch 2 step 4350/6750 loss=0.0776
08/12/2026 02:00:01 - INFO - __main__ - [XLM-R + Bi-LSTM] epoch 2 step 4400/6750 loss=0.0630
08/12/2026 02:00:07 - INFO - __main__ - [XLM-R + Bi-LSTM] epoch 2 step 4450/6750 loss=0.0731
08/12/2026 02:00:13 - INFO - __main__ - [XLM-R + Bi-LSTM] epoch 2 step 4500/6750 loss=0.0865
08/12/2026 02:00:20 - INFO - __main__ - [XLM-R + Bi-LSTM] epoch 2 step 4550/6750 loss=0.0629
08/12/2026 02:00:26 - INFO - __main__ - [XLM-R + Bi-LSTM] epoch 2 step 4600/6750 loss=0.0642
08/12/2026 02:00:32 - INFO - __main__ - [XLM-R + Bi-LSTM] epoch 2 step 4650/6750 loss=0.0891
08/12/2026 02:00:39 - INFO - __main__ - [XLM-R + Bi-LSTM] epoch 2 step 4700/6750 loss=0.0943
08/12/2026 02:00:45 - INFO - __main__ - [XLM-R + Bi-LSTM] epoch 2 step 4750/6750 loss=0.0674
08/12/2026 02:00:52 - INFO - __main__ - [XLM-R + Bi-LSTM] epoch 2 step 4800/6750 loss=0.0766
08/12/2026 02:00:58 - INFO - __main__ - [XLM-R + Bi-LSTM] epoch 2 step 4850/6750 loss=0.0832
08/12/2026 02:01:04 - INFO - __main__ - [XLM-R + Bi-LSTM] epoch 2 step 4900/6750 loss=0.0614
08/12/2026 02:01:10 - INFO - __main__ - [XLM-R + Bi-LSTM] epoch 2 step 4950/6750 loss=0.0784
08/12/2026 02:01:17 - INFO - __main__ - [XLM-R + Bi-LSTM] epoch 2 step 5000/6750 loss=0.0913
08/12/2026 02:01:23 - INFO - __main__ - [XLM-R + Bi-LSTM] epoch 2 step 5050/6750 loss=0.0878
08/12/2026 02:01:29 - INFO - __main__ - [XLM-R + Bi-LSTM] epoch 2 step 5100/6750 loss=0.1068
08/12/2026 02:01:36 - INFO - __main__ - [XLM-R + Bi-LSTM] epoch 2 step 5150/6750 loss=0.0852
08/12/2026 02:01:42 - INFO - __main__ - [XLM-R + Bi-LSTM] epoch 2 step 5200/6750 loss=0.0785
08/12/2026 02:01:48 - INFO - __main__ - [XLM-R + Bi-LSTM] epoch 2 step 5250/6750 loss=0.0824
08/12/2026 02:01:55 - INFO - __main__ - [XLM-R + Bi-LSTM] epoch 2 step 5300/6750 loss=0.0870
08/12/2026 02:02:01 - INFO - __main__ - [XLM-R + Bi-LSTM] epoch 2 step 5350/6750 loss=0.0846
08/12/2026 02:02:08 - INFO - __main__ - [XLM-R + Bi-LSTM] epoch 2 step 5400/6750 loss=0.0754
08/12/2026 02:02:14 - INFO - __main__ - [XLM-R + Bi-LSTM] epoch 2 step 5450/6750 loss=0.0783
08/12/2026 02:02:20 - INFO - __main__ - [XLM-R + Bi-LSTM] epoch 2 step 5500/6750 loss=0.0757
08/12/2026 02:02:27 - INFO - __main__ - [XLM-R + Bi-LSTM] epoch 2 step 5550/6750 loss=0.0796
08/12/2026 02:02:33 - INFO - __main__ - [XLM-R + Bi-LSTM] epoch 2 step 5600/6750 loss=0.0748
08/12/2026 02:02:39 - INFO - __main__ - [XLM-R + Bi-LSTM] epoch 2 step 5650/6750 loss=0.0889
08/12/2026 02:02:46 - INFO - __main__ - [XLM-R + Bi-LSTM] epoch 2 step 5700/6750 loss=0.0722
08/12/2026 02:02:52 - INFO - __main__ - [XLM-R + Bi-LSTM] epoch 2 step 5750/6750 loss=0.1091
08/12/2026 02:02:58 - INFO - __main__ - [XLM-R + Bi-LSTM] epoch 2 step 5800/6750 loss=0.0608
08/12/2026 02:03:04 - INFO - __main__ - [XLM-R + Bi-LSTM] epoch 2 step 5850/6750 loss=0.0764
08/12/2026 02:03:11 - INFO - __main__ - [XLM-R + Bi-LSTM] epoch 2 step 5900/6750 loss=0.0827
08/12/2026 02:03:17 - INFO - __main__ - [XLM-R + Bi-LSTM] epoch 2 step 5950/6750 loss=0.0690
08/12/2026 02:03:23 - INFO - __main__ - [XLM-R + Bi-LSTM] epoch 2 step 6000/6750 loss=0.0833
08/12/2026 02:03:30 - INFO - __main__ - [XLM-R + Bi-LSTM] epoch 2 step 6050/6750 loss=0.1053
08/12/2026 02:03:36 - INFO - __main__ - [XLM-R + Bi-LSTM] epoch 2 step 6100/6750 loss=0.0986
08/12/2026 02:03:42 - INFO - __main__ - [XLM-R + Bi-LSTM] epoch 2 step 6150/6750 loss=0.0863
08/12/2026 02:03:49 - INFO - __main__ - [XLM-R + Bi-LSTM] epoch 2 step 6200/6750 loss=0.0706
08/12/2026 02:03:55 - INFO - __main__ - [XLM-R + Bi-LSTM] epoch 2 step 6250/6750 loss=0.0563
08/12/2026 02:04:01 - INFO - __main__ - [XLM-R + Bi-LSTM] epoch 2 step 6300/6750 loss=0.0900
08/12/2026 02:04:08 - INFO - __main__ - [XLM-R + Bi-LSTM] epoch 2 step 6350/6750 loss=0.1108
08/12/2026 02:04:14 - INFO - __main__ - [XLM-R + Bi-LSTM] epoch 2 step 6400/6750 loss=0.0736
08/12/2026 02:04:21 - INFO - __main__ - [XLM-R + Bi-LSTM] epoch 2 step 6450/6750 loss=0.0568
08/12/2026 02:04:27 - INFO - __main__ - [XLM-R + Bi-LSTM] epoch 2 step 6500/6750 loss=0.0842
08/12/2026 02:04:33 - INFO - __main__ - [XLM-R + Bi-LSTM] epoch 2 step 6550/6750 loss=0.0706
08/12/2026 02:04:40 - INFO - __main__ - [XLM-R + Bi-LSTM] epoch 2 step 6600/6750 loss=0.0773
08/12/2026 02:04:46 - INFO - __main__ - [XLM-R + Bi-LSTM] epoch 2 step 6650/6750 loss=0.0795
08/12/2026 02:04:52 - INFO - __main__ - [XLM-R + Bi-LSTM] epoch 2 step 6700/6750 loss=0.0914
08/12/2026 02:04:59 - INFO - __main__ - [XLM-R + Bi-LSTM] epoch 2 step 6750/6750 loss=0.0599
08/12/2026 02:04:59 - INFO - __main__ - [XLM-R + Bi-LSTM] Epoch 2 xong sau 853.6s, avg_loss=0.0811
08/12/2026 02:08:44 - INFO - __main__ - [XLM-R + Bi-LSTM] Epoch 2 - Valid macro F1 = 0.5371
              precision    recall  f1-score   support

      PERIOD     0.8605    0.8687    0.8646    140169
       COMMA     0.7620    0.7132    0.7368    162056
       COLON     0.6557    0.5339    0.5885     10825
       QMARK     0.7768    0.6726    0.7209      4884
      EXCLAM     0.6750    0.0634    0.1159      2556
   SEMICOLON     0.4055    0.1291    0.1959      1944

   micro avg     0.8038    0.7655    0.7842    322434
   macro avg     0.6893    0.4968    0.5371    322434
weighted avg     0.7987    0.7655    0.7790    322434

08/12/2026 02:08:50 - INFO - __main__ - -> [XLM-R + Bi-LSTM] best checkpoint mới, macro F1 = 0.5371
/root/phopunct/baseline_plain.py:261: FutureWarning: `torch.cuda.amp.autocast(args...)` is deprecated. Please use `torch.amp.autocast('cuda', args...)` instead.
  with torch.cuda.amp.autocast(enabled=use_amp):
08/12/2026 02:08:57 - INFO - __main__ - [XLM-R + Bi-LSTM] epoch 3 step 50/6750 loss=0.0811
08/12/2026 02:09:03 - INFO - __main__ - [XLM-R + Bi-LSTM] epoch 3 step 100/6750 loss=0.0918
08/12/2026 02:09:09 - INFO - __main__ - [XLM-R + Bi-LSTM] epoch 3 step 150/6750 loss=0.0873
08/12/2026 02:09:15 - INFO - __main__ - [XLM-R + Bi-LSTM] epoch 3 step 200/6750 loss=0.0612
08/12/2026 02:09:22 - INFO - __main__ - [XLM-R + Bi-LSTM] epoch 3 step 250/6750 loss=0.0670
08/12/2026 02:09:28 - INFO - __main__ - [XLM-R + Bi-LSTM] epoch 3 step 300/6750 loss=0.0540
08/12/2026 02:09:34 - INFO - __main__ - [XLM-R + Bi-LSTM] epoch 3 step 350/6750 loss=0.0604
08/12/2026 02:09:41 - INFO - __main__ - [XLM-R + Bi-LSTM] epoch 3 step 400/6750 loss=0.0576
08/12/2026 02:09:47 - INFO - __main__ - [XLM-R + Bi-LSTM] epoch 3 step 450/6750 loss=0.0680
08/12/2026 02:09:53 - INFO - __main__ - [XLM-R + Bi-LSTM] epoch 3 step 500/6750 loss=0.0747
08/12/2026 02:10:00 - INFO - __main__ - [XLM-R + Bi-LSTM] epoch 3 step 550/6750 loss=0.0412
08/12/2026 02:10:06 - INFO - __main__ - [XLM-R + Bi-LSTM] epoch 3 step 600/6750 loss=0.0643
08/12/2026 02:10:12 - INFO - __main__ - [XLM-R + Bi-LSTM] epoch 3 step 650/6750 loss=0.0584
08/12/2026 02:10:18 - INFO - __main__ - [XLM-R + Bi-LSTM] epoch 3 step 700/6750 loss=0.0591
08/12/2026 02:10:25 - INFO - __main__ - [XLM-R + Bi-LSTM] epoch 3 step 750/6750 loss=0.0680
08/12/2026 02:10:31 - INFO - __main__ - [XLM-R + Bi-LSTM] epoch 3 step 800/6750 loss=0.0741
08/12/2026 02:10:37 - INFO - __main__ - [XLM-R + Bi-LSTM] epoch 3 step 850/6750 loss=0.0838
08/12/2026 02:10:44 - INFO - __main__ - [XLM-R + Bi-LSTM] epoch 3 step 900/6750 loss=0.0717
08/12/2026 02:10:50 - INFO - __main__ - [XLM-R + Bi-LSTM] epoch 3 step 950/6750 loss=0.0591
08/12/2026 02:10:56 - INFO - __main__ - [XLM-R + Bi-LSTM] epoch 3 step 1000/6750 loss=0.0609
08/12/2026 02:11:03 - INFO - __main__ - [XLM-R + Bi-LSTM] epoch 3 step 1050/6750 loss=0.0537
08/12/2026 02:11:09 - INFO - __main__ - [XLM-R + Bi-LSTM] epoch 3 step 1100/6750 loss=0.0766
08/12/2026 02:11:15 - INFO - __main__ - [XLM-R + Bi-LSTM] epoch 3 step 1150/6750 loss=0.0643
08/12/2026 02:11:22 - INFO - __main__ - [XLM-R + Bi-LSTM] epoch 3 step 1200/6750 loss=0.0663
08/12/2026 02:11:28 - INFO - __main__ - [XLM-R + Bi-LSTM] epoch 3 step 1250/6750 loss=0.0629
08/12/2026 02:11:34 - INFO - __main__ - [XLM-R + Bi-LSTM] epoch 3 step 1300/6750 loss=0.0774
08/12/2026 02:11:41 - INFO - __main__ - [XLM-R + Bi-LSTM] epoch 3 step 1350/6750 loss=0.0727
08/12/2026 02:11:47 - INFO - __main__ - [XLM-R + Bi-LSTM] epoch 3 step 1400/6750 loss=0.0617
08/12/2026 02:11:53 - INFO - __main__ - [XLM-R + Bi-LSTM] epoch 3 step 1450/6750 loss=0.0660
08/12/2026 02:12:00 - INFO - __main__ - [XLM-R + Bi-LSTM] epoch 3 step 1500/6750 loss=0.0704
08/12/2026 02:12:06 - INFO - __main__ - [XLM-R + Bi-LSTM] epoch 3 step 1550/6750 loss=0.0737
08/12/2026 02:12:12 - INFO - __main__ - [XLM-R + Bi-LSTM] epoch 3 step 1600/6750 loss=0.0797
08/12/2026 02:12:19 - INFO - __main__ - [XLM-R + Bi-LSTM] epoch 3 step 1650/6750 loss=0.0547
08/12/2026 02:12:25 - INFO - __main__ - [XLM-R + Bi-LSTM] epoch 3 step 1700/6750 loss=0.0660
08/12/2026 02:12:31 - INFO - __main__ - [XLM-R + Bi-LSTM] epoch 3 step 1750/6750 loss=0.0834
08/12/2026 02:12:38 - INFO - __main__ - [XLM-R + Bi-LSTM] epoch 3 step 1800/6750 loss=0.0532
08/12/2026 02:12:44 - INFO - __main__ - [XLM-R + Bi-LSTM] epoch 3 step 1850/6750 loss=0.0749
08/12/2026 02:12:50 - INFO - __main__ - [XLM-R + Bi-LSTM] epoch 3 step 1900/6750 loss=0.0678
08/12/2026 02:12:57 - INFO - __main__ - [XLM-R + Bi-LSTM] epoch 3 step 1950/6750 loss=0.0527
08/12/2026 02:13:03 - INFO - __main__ - [XLM-R + Bi-LSTM] epoch 3 step 2000/6750 loss=0.0802
08/12/2026 02:13:10 - INFO - __main__ - [XLM-R + Bi-LSTM] epoch 3 step 2050/6750 loss=0.0826
08/12/2026 02:13:16 - INFO - __main__ - [XLM-R + Bi-LSTM] epoch 3 step 2100/6750 loss=0.0656
08/12/2026 02:13:22 - INFO - __main__ - [XLM-R + Bi-LSTM] epoch 3 step 2150/6750 loss=0.0849
08/12/2026 02:13:29 - INFO - __main__ - [XLM-R + Bi-LSTM] epoch 3 step 2200/6750 loss=0.0609
08/12/2026 02:13:35 - INFO - __main__ - [XLM-R + Bi-LSTM] epoch 3 step 2250/6750 loss=0.0525
08/12/2026 02:13:41 - INFO - __main__ - [XLM-R + Bi-LSTM] epoch 3 step 2300/6750 loss=0.0923
08/12/2026 02:13:48 - INFO - __main__ - [XLM-R + Bi-LSTM] epoch 3 step 2350/6750 loss=0.0698
08/12/2026 02:13:54 - INFO - __main__ - [XLM-R + Bi-LSTM] epoch 3 step 2400/6750 loss=0.0770
08/12/2026 02:14:00 - INFO - __main__ - [XLM-R + Bi-LSTM] epoch 3 step 2450/6750 loss=0.0862
08/12/2026 02:14:07 - INFO - __main__ - [XLM-R + Bi-LSTM] epoch 3 step 2500/6750 loss=0.1026
08/12/2026 02:14:13 - INFO - __main__ - [XLM-R + Bi-LSTM] epoch 3 step 2550/6750 loss=0.0589
08/12/2026 02:14:19 - INFO - __main__ - [XLM-R + Bi-LSTM] epoch 3 step 2600/6750 loss=0.0740
08/12/2026 02:14:26 - INFO - __main__ - [XLM-R + Bi-LSTM] epoch 3 step 2650/6750 loss=0.0697
08/12/2026 02:14:32 - INFO - __main__ - [XLM-R + Bi-LSTM] epoch 3 step 2700/6750 loss=0.0512
08/12/2026 02:14:38 - INFO - __main__ - [XLM-R + Bi-LSTM] epoch 3 step 2750/6750 loss=0.0732
08/12/2026 02:14:45 - INFO - __main__ - [XLM-R + Bi-LSTM] epoch 3 step 2800/6750 loss=0.0458
08/12/2026 02:14:51 - INFO - __main__ - [XLM-R + Bi-LSTM] epoch 3 step 2850/6750 loss=0.0669
08/12/2026 02:14:57 - INFO - __main__ - [XLM-R + Bi-LSTM] epoch 3 step 2900/6750 loss=0.0756
08/12/2026 02:15:04 - INFO - __main__ - [XLM-R + Bi-LSTM] epoch 3 step 2950/6750 loss=0.0679
08/12/2026 02:15:10 - INFO - __main__ - [XLM-R + Bi-LSTM] epoch 3 step 3000/6750 loss=0.0646
08/12/2026 02:15:16 - INFO - __main__ - [XLM-R + Bi-LSTM] epoch 3 step 3050/6750 loss=0.0767
08/12/2026 02:15:23 - INFO - __main__ - [XLM-R + Bi-LSTM] epoch 3 step 3100/6750 loss=0.0730
08/12/2026 02:15:29 - INFO - __main__ - [XLM-R + Bi-LSTM] epoch 3 step 3150/6750 loss=0.0707
08/12/2026 02:15:35 - INFO - __main__ - [XLM-R + Bi-LSTM] epoch 3 step 3200/6750 loss=0.0784
08/12/2026 02:15:42 - INFO - __main__ - [XLM-R + Bi-LSTM] epoch 3 step 3250/6750 loss=0.0885
08/12/2026 02:15:48 - INFO - __main__ - [XLM-R + Bi-LSTM] epoch 3 step 3300/6750 loss=0.0871
08/12/2026 02:15:54 - INFO - __main__ - [XLM-R + Bi-LSTM] epoch 3 step 3350/6750 loss=0.0737
08/12/2026 02:16:00 - INFO - __main__ - [XLM-R + Bi-LSTM] epoch 3 step 3400/6750 loss=0.0548
08/12/2026 02:16:07 - INFO - __main__ - [XLM-R + Bi-LSTM] epoch 3 step 3450/6750 loss=0.0723
08/12/2026 02:16:13 - INFO - __main__ - [XLM-R + Bi-LSTM] epoch 3 step 3500/6750 loss=0.0721
08/12/2026 02:16:19 - INFO - __main__ - [XLM-R + Bi-LSTM] epoch 3 step 3550/6750 loss=0.0578
08/12/2026 02:16:26 - INFO - __main__ - [XLM-R + Bi-LSTM] epoch 3 step 3600/6750 loss=0.0631
08/12/2026 02:16:32 - INFO - __main__ - [XLM-R + Bi-LSTM] epoch 3 step 3650/6750 loss=0.0736
08/12/2026 02:16:38 - INFO - __main__ - [XLM-R + Bi-LSTM] epoch 3 step 3700/6750 loss=0.0653
08/12/2026 02:16:44 - INFO - __main__ - [XLM-R + Bi-LSTM] epoch 3 step 3750/6750 loss=0.0698
08/12/2026 02:16:51 - INFO - __main__ - [XLM-R + Bi-LSTM] epoch 3 step 3800/6750 loss=0.0782
08/12/2026 02:16:57 - INFO - __main__ - [XLM-R + Bi-LSTM] epoch 3 step 3850/6750 loss=0.0721
08/12/2026 02:17:03 - INFO - __main__ - [XLM-R + Bi-LSTM] epoch 3 step 3900/6750 loss=0.0680
08/12/2026 02:17:10 - INFO - __main__ - [XLM-R + Bi-LSTM] epoch 3 step 3950/6750 loss=0.0696
08/12/2026 02:17:16 - INFO - __main__ - [XLM-R + Bi-LSTM] epoch 3 step 4000/6750 loss=0.0528
08/12/2026 02:17:22 - INFO - __main__ - [XLM-R + Bi-LSTM] epoch 3 step 4050/6750 loss=0.0542
08/12/2026 02:17:29 - INFO - __main__ - [XLM-R + Bi-LSTM] epoch 3 step 4100/6750 loss=0.0690
08/12/2026 02:17:35 - INFO - __main__ - [XLM-R + Bi-LSTM] epoch 3 step 4150/6750 loss=0.0563
08/12/2026 02:17:41 - INFO - __main__ - [XLM-R + Bi-LSTM] epoch 3 step 4200/6750 loss=0.0731
08/12/2026 02:17:48 - INFO - __main__ - [XLM-R + Bi-LSTM] epoch 3 step 4250/6750 loss=0.0680
08/12/2026 02:17:54 - INFO - __main__ - [XLM-R + Bi-LSTM] epoch 3 step 4300/6750 loss=0.0690
08/12/2026 02:18:00 - INFO - __main__ - [XLM-R + Bi-LSTM] epoch 3 step 4350/6750 loss=0.0742
08/12/2026 02:18:06 - INFO - __main__ - [XLM-R + Bi-LSTM] epoch 3 step 4400/6750 loss=0.0445
08/12/2026 02:18:13 - INFO - __main__ - [XLM-R + Bi-LSTM] epoch 3 step 4450/6750 loss=0.0767
08/12/2026 02:18:19 - INFO - __main__ - [XLM-R + Bi-LSTM] epoch 3 step 4500/6750 loss=0.1021
08/12/2026 02:18:25 - INFO - __main__ - [XLM-R + Bi-LSTM] epoch 3 step 4550/6750 loss=0.0765
08/12/2026 02:18:32 - INFO - __main__ - [XLM-R + Bi-LSTM] epoch 3 step 4600/6750 loss=0.1094
08/12/2026 02:18:38 - INFO - __main__ - [XLM-R + Bi-LSTM] epoch 3 step 4650/6750 loss=0.0801
08/12/2026 02:18:44 - INFO - __main__ - [XLM-R + Bi-LSTM] epoch 3 step 4700/6750 loss=0.0496
08/12/2026 02:18:51 - INFO - __main__ - [XLM-R + Bi-LSTM] epoch 3 step 4750/6750 loss=0.0575
08/12/2026 02:18:57 - INFO - __main__ - [XLM-R + Bi-LSTM] epoch 3 step 4800/6750 loss=0.0624
08/12/2026 02:19:03 - INFO - __main__ - [XLM-R + Bi-LSTM] epoch 3 step 4850/6750 loss=0.0745
08/12/2026 02:19:10 - INFO - __main__ - [XLM-R + Bi-LSTM] epoch 3 step 4900/6750 loss=0.0584
08/12/2026 02:19:16 - INFO - __main__ - [XLM-R + Bi-LSTM] epoch 3 step 4950/6750 loss=0.0855
08/12/2026 02:19:22 - INFO - __main__ - [XLM-R + Bi-LSTM] epoch 3 step 5000/6750 loss=0.0723
08/12/2026 02:19:29 - INFO - __main__ - [XLM-R + Bi-LSTM] epoch 3 step 5050/6750 loss=0.0805
08/12/2026 02:19:35 - INFO - __main__ - [XLM-R + Bi-LSTM] epoch 3 step 5100/6750 loss=0.0656
08/12/2026 02:19:41 - INFO - __main__ - [XLM-R + Bi-LSTM] epoch 3 step 5150/6750 loss=0.0660
08/12/2026 02:19:48 - INFO - __main__ - [XLM-R + Bi-LSTM] epoch 3 step 5200/6750 loss=0.0814
08/12/2026 02:19:54 - INFO - __main__ - [XLM-R + Bi-LSTM] epoch 3 step 5250/6750 loss=0.0705
08/12/2026 02:20:00 - INFO - __main__ - [XLM-R + Bi-LSTM] epoch 3 step 5300/6750 loss=0.0685
08/12/2026 02:20:07 - INFO - __main__ - [XLM-R + Bi-LSTM] epoch 3 step 5350/6750 loss=0.0786
08/12/2026 02:20:13 - INFO - __main__ - [XLM-R + Bi-LSTM] epoch 3 step 5400/6750 loss=0.0801
08/12/2026 02:20:19 - INFO - __main__ - [XLM-R + Bi-LSTM] epoch 3 step 5450/6750 loss=0.0710
08/12/2026 02:20:26 - INFO - __main__ - [XLM-R + Bi-LSTM] epoch 3 step 5500/6750 loss=0.0612
08/12/2026 02:20:32 - INFO - __main__ - [XLM-R + Bi-LSTM] epoch 3 step 5550/6750 loss=0.0708
08/12/2026 02:20:38 - INFO - __main__ - [XLM-R + Bi-LSTM] epoch 3 step 5600/6750 loss=0.0790
08/12/2026 02:20:45 - INFO - __main__ - [XLM-R + Bi-LSTM] epoch 3 step 5650/6750 loss=0.0509
08/12/2026 02:20:51 - INFO - __main__ - [XLM-R + Bi-LSTM] epoch 3 step 5700/6750 loss=0.0563
08/12/2026 02:20:57 - INFO - __main__ - [XLM-R + Bi-LSTM] epoch 3 step 5750/6750 loss=0.0658
08/12/2026 02:21:04 - INFO - __main__ - [XLM-R + Bi-LSTM] epoch 3 step 5800/6750 loss=0.0722
08/12/2026 02:21:10 - INFO - __main__ - [XLM-R + Bi-LSTM] epoch 3 step 5850/6750 loss=0.0834
08/12/2026 02:21:16 - INFO - __main__ - [XLM-R + Bi-LSTM] epoch 3 step 5900/6750 loss=0.0752
08/12/2026 02:21:23 - INFO - __main__ - [XLM-R + Bi-LSTM] epoch 3 step 5950/6750 loss=0.0523
08/12/2026 02:21:29 - INFO - __main__ - [XLM-R + Bi-LSTM] epoch 3 step 6000/6750 loss=0.0612
08/12/2026 02:21:35 - INFO - __main__ - [XLM-R + Bi-LSTM] epoch 3 step 6050/6750 loss=0.0882
08/12/2026 02:21:41 - INFO - __main__ - [XLM-R + Bi-LSTM] epoch 3 step 6100/6750 loss=0.0850
08/12/2026 02:21:48 - INFO - __main__ - [XLM-R + Bi-LSTM] epoch 3 step 6150/6750 loss=0.0878
08/12/2026 02:21:54 - INFO - __main__ - [XLM-R + Bi-LSTM] epoch 3 step 6200/6750 loss=0.0575
08/12/2026 02:22:00 - INFO - __main__ - [XLM-R + Bi-LSTM] epoch 3 step 6250/6750 loss=0.0546
08/12/2026 02:22:07 - INFO - __main__ - [XLM-R + Bi-LSTM] epoch 3 step 6300/6750 loss=0.0788
08/12/2026 02:22:13 - INFO - __main__ - [XLM-R + Bi-LSTM] epoch 3 step 6350/6750 loss=0.0626
08/12/2026 02:22:19 - INFO - __main__ - [XLM-R + Bi-LSTM] epoch 3 step 6400/6750 loss=0.0656
08/12/2026 02:22:26 - INFO - __main__ - [XLM-R + Bi-LSTM] epoch 3 step 6450/6750 loss=0.0638
08/12/2026 02:22:32 - INFO - __main__ - [XLM-R + Bi-LSTM] epoch 3 step 6500/6750 loss=0.0731
08/12/2026 02:22:38 - INFO - __main__ - [XLM-R + Bi-LSTM] epoch 3 step 6550/6750 loss=0.0744
08/12/2026 02:22:45 - INFO - __main__ - [XLM-R + Bi-LSTM] epoch 3 step 6600/6750 loss=0.0919
08/12/2026 02:22:51 - INFO - __main__ - [XLM-R + Bi-LSTM] epoch 3 step 6650/6750 loss=0.0684
08/12/2026 02:22:57 - INFO - __main__ - [XLM-R + Bi-LSTM] epoch 3 step 6700/6750 loss=0.0771
08/12/2026 02:23:04 - INFO - __main__ - [XLM-R + Bi-LSTM] epoch 3 step 6750/6750 loss=0.0678
08/12/2026 02:23:04 - INFO - __main__ - [XLM-R + Bi-LSTM] Epoch 3 xong sau 853.1s, avg_loss=0.0706
08/12/2026 02:26:44 - INFO - __main__ - [XLM-R + Bi-LSTM] Epoch 3 - Valid macro F1 = 0.5478
              precision    recall  f1-score   support

      PERIOD     0.8480    0.8889    0.8680    140169
       COMMA     0.7703    0.7168    0.7426    162056
       COLON     0.6696    0.5414    0.5987     10825
       QMARK     0.6893    0.7592    0.7226      4884
      EXCLAM     0.6203    0.0959    0.1660      2556
   SEMICOLON     0.4374    0.1204    0.1888      1944

   micro avg     0.8019    0.7779    0.7897    322434
   macro avg     0.6725    0.5204    0.5478    322434
weighted avg     0.7963    0.7779    0.7841    322434

08/12/2026 02:26:50 - INFO - __main__ - -> [XLM-R + Bi-LSTM] best checkpoint mới, macro F1 = 0.5478
/root/phopunct/baseline_plain.py:261: FutureWarning: `torch.cuda.amp.autocast(args...)` is deprecated. Please use `torch.amp.autocast('cuda', args...)` instead.
  with torch.cuda.amp.autocast(enabled=use_amp):
08/12/2026 02:26:56 - INFO - __main__ - [XLM-R + Bi-LSTM] epoch 4 step 50/6750 loss=0.0726
08/12/2026 02:27:02 - INFO - __main__ - [XLM-R + Bi-LSTM] epoch 4 step 100/6750 loss=0.0809
08/12/2026 02:27:08 - INFO - __main__ - [XLM-R + Bi-LSTM] epoch 4 step 150/6750 loss=0.0538
08/12/2026 02:27:15 - INFO - __main__ - [XLM-R + Bi-LSTM] epoch 4 step 200/6750 loss=0.0535
08/12/2026 02:27:21 - INFO - __main__ - [XLM-R + Bi-LSTM] epoch 4 step 250/6750 loss=0.0784
08/12/2026 02:27:27 - INFO - __main__ - [XLM-R + Bi-LSTM] epoch 4 step 300/6750 loss=0.0564
08/12/2026 02:27:33 - INFO - __main__ - [XLM-R + Bi-LSTM] epoch 4 step 350/6750 loss=0.0620
08/12/2026 02:27:40 - INFO - __main__ - [XLM-R + Bi-LSTM] epoch 4 step 400/6750 loss=0.0792
08/12/2026 02:27:46 - INFO - __main__ - [XLM-R + Bi-LSTM] epoch 4 step 450/6750 loss=0.0719
08/12/2026 02:27:52 - INFO - __main__ - [XLM-R + Bi-LSTM] epoch 4 step 500/6750 loss=0.0787
08/12/2026 02:27:59 - INFO - __main__ - [XLM-R + Bi-LSTM] epoch 4 step 550/6750 loss=0.0561
08/12/2026 02:28:05 - INFO - __main__ - [XLM-R + Bi-LSTM] epoch 4 step 600/6750 loss=0.0819
08/12/2026 02:28:12 - INFO - __main__ - [XLM-R + Bi-LSTM] epoch 4 step 650/6750 loss=0.0633
08/12/2026 02:28:18 - INFO - __main__ - [XLM-R + Bi-LSTM] epoch 4 step 700/6750 loss=0.0549
08/12/2026 02:28:25 - INFO - __main__ - [XLM-R + Bi-LSTM] epoch 4 step 750/6750 loss=0.0851
08/12/2026 02:28:31 - INFO - __main__ - [XLM-R + Bi-LSTM] epoch 4 step 800/6750 loss=0.0703
08/12/2026 02:28:37 - INFO - __main__ - [XLM-R + Bi-LSTM] epoch 4 step 850/6750 loss=0.0550
08/12/2026 02:28:44 - INFO - __main__ - [XLM-R + Bi-LSTM] epoch 4 step 900/6750 loss=0.0595
08/12/2026 02:28:50 - INFO - __main__ - [XLM-R + Bi-LSTM] epoch 4 step 950/6750 loss=0.0373
08/12/2026 02:28:56 - INFO - __main__ - [XLM-R + Bi-LSTM] epoch 4 step 1000/6750 loss=0.0610
08/12/2026 02:29:03 - INFO - __main__ - [XLM-R + Bi-LSTM] epoch 4 step 1050/6750 loss=0.0799
08/12/2026 02:29:09 - INFO - __main__ - [XLM-R + Bi-LSTM] epoch 4 step 1100/6750 loss=0.0717
08/12/2026 02:29:15 - INFO - __main__ - [XLM-R + Bi-LSTM] epoch 4 step 1150/6750 loss=0.0742
08/12/2026 02:29:21 - INFO - __main__ - [XLM-R + Bi-LSTM] epoch 4 step 1200/6750 loss=0.0546
08/12/2026 02:29:28 - INFO - __main__ - [XLM-R + Bi-LSTM] epoch 4 step 1250/6750 loss=0.0802
08/12/2026 02:29:34 - INFO - __main__ - [XLM-R + Bi-LSTM] epoch 4 step 1300/6750 loss=0.0958
08/12/2026 02:29:41 - INFO - __main__ - [XLM-R + Bi-LSTM] epoch 4 step 1350/6750 loss=0.0584
08/12/2026 02:29:47 - INFO - __main__ - [XLM-R + Bi-LSTM] epoch 4 step 1400/6750 loss=0.0721
08/12/2026 02:29:54 - INFO - __main__ - [XLM-R + Bi-LSTM] epoch 4 step 1450/6750 loss=0.0581
08/12/2026 02:30:00 - INFO - __main__ - [XLM-R + Bi-LSTM] epoch 4 step 1500/6750 loss=0.0638
08/12/2026 02:30:07 - INFO - __main__ - [XLM-R + Bi-LSTM] epoch 4 step 1550/6750 loss=0.0703
08/12/2026 02:30:13 - INFO - __main__ - [XLM-R + Bi-LSTM] epoch 4 step 1600/6750 loss=0.0850
08/12/2026 02:30:19 - INFO - __main__ - [XLM-R + Bi-LSTM] epoch 4 step 1650/6750 loss=0.0666
08/12/2026 02:30:26 - INFO - __main__ - [XLM-R + Bi-LSTM] epoch 4 step 1700/6750 loss=0.0635
08/12/2026 02:30:32 - INFO - __main__ - [XLM-R + Bi-LSTM] epoch 4 step 1750/6750 loss=0.0519
08/12/2026 02:30:38 - INFO - __main__ - [XLM-R + Bi-LSTM] epoch 4 step 1800/6750 loss=0.0538
08/12/2026 02:30:45 - INFO - __main__ - [XLM-R + Bi-LSTM] epoch 4 step 1850/6750 loss=0.0741
08/12/2026 02:30:51 - INFO - __main__ - [XLM-R + Bi-LSTM] epoch 4 step 1900/6750 loss=0.0456
08/12/2026 02:30:57 - INFO - __main__ - [XLM-R + Bi-LSTM] epoch 4 step 1950/6750 loss=0.0609
08/12/2026 02:31:04 - INFO - __main__ - [XLM-R + Bi-LSTM] epoch 4 step 2000/6750 loss=0.0735
08/12/2026 02:31:10 - INFO - __main__ - [XLM-R + Bi-LSTM] epoch 4 step 2050/6750 loss=0.0673
08/12/2026 02:31:16 - INFO - __main__ - [XLM-R + Bi-LSTM] epoch 4 step 2100/6750 loss=0.0535
08/12/2026 02:31:23 - INFO - __main__ - [XLM-R + Bi-LSTM] epoch 4 step 2150/6750 loss=0.0518
08/12/2026 02:31:29 - INFO - __main__ - [XLM-R + Bi-LSTM] epoch 4 step 2200/6750 loss=0.0510
08/12/2026 02:31:35 - INFO - __main__ - [XLM-R + Bi-LSTM] epoch 4 step 2250/6750 loss=0.0728
08/12/2026 02:31:42 - INFO - __main__ - [XLM-R + Bi-LSTM] epoch 4 step 2300/6750 loss=0.0621
08/12/2026 02:31:48 - INFO - __main__ - [XLM-R + Bi-LSTM] epoch 4 step 2350/6750 loss=0.0785
08/12/2026 02:31:54 - INFO - __main__ - [XLM-R + Bi-LSTM] epoch 4 step 2400/6750 loss=0.0457
08/12/2026 02:32:01 - INFO - __main__ - [XLM-R + Bi-LSTM] epoch 4 step 2450/6750 loss=0.0654
08/12/2026 02:32:07 - INFO - __main__ - [XLM-R + Bi-LSTM] epoch 4 step 2500/6750 loss=0.0810
08/12/2026 02:32:13 - INFO - __main__ - [XLM-R + Bi-LSTM] epoch 4 step 2550/6750 loss=0.0874
08/12/2026 02:32:20 - INFO - __main__ - [XLM-R + Bi-LSTM] epoch 4 step 2600/6750 loss=0.0632
08/12/2026 02:32:26 - INFO - __main__ - [XLM-R + Bi-LSTM] epoch 4 step 2650/6750 loss=0.0544
08/12/2026 02:32:32 - INFO - __main__ - [XLM-R + Bi-LSTM] epoch 4 step 2700/6750 loss=0.0708
08/12/2026 02:32:39 - INFO - __main__ - [XLM-R + Bi-LSTM] epoch 4 step 2750/6750 loss=0.0425
08/12/2026 02:32:45 - INFO - __main__ - [XLM-R + Bi-LSTM] epoch 4 step 2800/6750 loss=0.0741
08/12/2026 02:32:51 - INFO - __main__ - [XLM-R + Bi-LSTM] epoch 4 step 2850/6750 loss=0.0716
08/12/2026 02:32:58 - INFO - __main__ - [XLM-R + Bi-LSTM] epoch 4 step 2900/6750 loss=0.0451
08/12/2026 02:33:04 - INFO - __main__ - [XLM-R + Bi-LSTM] epoch 4 step 2950/6750 loss=0.0782
08/12/2026 02:33:11 - INFO - __main__ - [XLM-R + Bi-LSTM] epoch 4 step 3000/6750 loss=0.0685
08/12/2026 02:33:17 - INFO - __main__ - [XLM-R + Bi-LSTM] epoch 4 step 3050/6750 loss=0.0628
08/12/2026 02:33:23 - INFO - __main__ - [XLM-R + Bi-LSTM] epoch 4 step 3100/6750 loss=0.0785
08/12/2026 02:33:30 - INFO - __main__ - [XLM-R + Bi-LSTM] epoch 4 step 3150/6750 loss=0.0729
08/12/2026 02:33:36 - INFO - __main__ - [XLM-R + Bi-LSTM] epoch 4 step 3200/6750 loss=0.0607
08/12/2026 02:33:42 - INFO - __main__ - [XLM-R + Bi-LSTM] epoch 4 step 3250/6750 loss=0.0587
08/12/2026 02:33:49 - INFO - __main__ - [XLM-R + Bi-LSTM] epoch 4 step 3300/6750 loss=0.0432
08/12/2026 02:33:55 - INFO - __main__ - [XLM-R + Bi-LSTM] epoch 4 step 3350/6750 loss=0.0553
08/12/2026 02:34:01 - INFO - __main__ - [XLM-R + Bi-LSTM] epoch 4 step 3400/6750 loss=0.0661
08/12/2026 02:34:08 - INFO - __main__ - [XLM-R + Bi-LSTM] epoch 4 step 3450/6750 loss=0.0484
08/12/2026 02:34:14 - INFO - __main__ - [XLM-R + Bi-LSTM] epoch 4 step 3500/6750 loss=0.0522
08/12/2026 02:34:20 - INFO - __main__ - [XLM-R + Bi-LSTM] epoch 4 step 3550/6750 loss=0.0850
08/12/2026 02:34:27 - INFO - __main__ - [XLM-R + Bi-LSTM] epoch 4 step 3600/6750 loss=0.0719
08/12/2026 02:34:33 - INFO - __main__ - [XLM-R + Bi-LSTM] epoch 4 step 3650/6750 loss=0.0857
08/12/2026 02:34:40 - INFO - __main__ - [XLM-R + Bi-LSTM] epoch 4 step 3700/6750 loss=0.0652
08/12/2026 02:34:46 - INFO - __main__ - [XLM-R + Bi-LSTM] epoch 4 step 3750/6750 loss=0.0508
08/12/2026 02:34:52 - INFO - __main__ - [XLM-R + Bi-LSTM] epoch 4 step 3800/6750 loss=0.0743
08/12/2026 02:34:59 - INFO - __main__ - [XLM-R + Bi-LSTM] epoch 4 step 3850/6750 loss=0.0736
08/12/2026 02:35:05 - INFO - __main__ - [XLM-R + Bi-LSTM] epoch 4 step 3900/6750 loss=0.0702
08/12/2026 02:35:11 - INFO - __main__ - [XLM-R + Bi-LSTM] epoch 4 step 3950/6750 loss=0.0614
08/12/2026 02:35:18 - INFO - __main__ - [XLM-R + Bi-LSTM] epoch 4 step 4000/6750 loss=0.0659
08/12/2026 02:35:24 - INFO - __main__ - [XLM-R + Bi-LSTM] epoch 4 step 4050/6750 loss=0.0709
08/12/2026 02:35:30 - INFO - __main__ - [XLM-R + Bi-LSTM] epoch 4 step 4100/6750 loss=0.0602
08/12/2026 02:35:37 - INFO - __main__ - [XLM-R + Bi-LSTM] epoch 4 step 4150/6750 loss=0.0486
08/12/2026 02:35:43 - INFO - __main__ - [XLM-R + Bi-LSTM] epoch 4 step 4200/6750 loss=0.0753
08/12/2026 02:35:49 - INFO - __main__ - [XLM-R + Bi-LSTM] epoch 4 step 4250/6750 loss=0.0748
08/12/2026 02:35:56 - INFO - __main__ - [XLM-R + Bi-LSTM] epoch 4 step 4300/6750 loss=0.0607
08/12/2026 02:36:02 - INFO - __main__ - [XLM-R + Bi-LSTM] epoch 4 step 4350/6750 loss=0.0599
08/12/2026 02:36:08 - INFO - __main__ - [XLM-R + Bi-LSTM] epoch 4 step 4400/6750 loss=0.0714
08/12/2026 02:36:15 - INFO - __main__ - [XLM-R + Bi-LSTM] epoch 4 step 4450/6750 loss=0.0717
08/12/2026 02:36:21 - INFO - __main__ - [XLM-R + Bi-LSTM] epoch 4 step 4500/6750 loss=0.0513
08/12/2026 02:36:27 - INFO - __main__ - [XLM-R + Bi-LSTM] epoch 4 step 4550/6750 loss=0.0560
08/12/2026 02:36:34 - INFO - __main__ - [XLM-R + Bi-LSTM] epoch 4 step 4600/6750 loss=0.0603
08/12/2026 02:36:40 - INFO - __main__ - [XLM-R + Bi-LSTM] epoch 4 step 4650/6750 loss=0.0453
08/12/2026 02:36:46 - INFO - __main__ - [XLM-R + Bi-LSTM] epoch 4 step 4700/6750 loss=0.0731
08/12/2026 02:36:53 - INFO - __main__ - [XLM-R + Bi-LSTM] epoch 4 step 4750/6750 loss=0.0566
08/12/2026 02:36:59 - INFO - __main__ - [XLM-R + Bi-LSTM] epoch 4 step 4800/6750 loss=0.0613
08/12/2026 02:37:05 - INFO - __main__ - [XLM-R + Bi-LSTM] epoch 4 step 4850/6750 loss=0.0597
08/12/2026 02:37:12 - INFO - __main__ - [XLM-R + Bi-LSTM] epoch 4 step 4900/6750 loss=0.0780
08/12/2026 02:37:18 - INFO - __main__ - [XLM-R + Bi-LSTM] epoch 4 step 4950/6750 loss=0.0820
08/12/2026 02:37:24 - INFO - __main__ - [XLM-R + Bi-LSTM] epoch 4 step 5000/6750 loss=0.0680
08/12/2026 02:37:31 - INFO - __main__ - [XLM-R + Bi-LSTM] epoch 4 step 5050/6750 loss=0.0588
08/12/2026 02:37:37 - INFO - __main__ - [XLM-R + Bi-LSTM] epoch 4 step 5100/6750 loss=0.0531
08/12/2026 02:37:43 - INFO - __main__ - [XLM-R + Bi-LSTM] epoch 4 step 5150/6750 loss=0.0581
08/12/2026 02:37:50 - INFO - __main__ - [XLM-R + Bi-LSTM] epoch 4 step 5200/6750 loss=0.0629
08/12/2026 02:37:56 - INFO - __main__ - [XLM-R + Bi-LSTM] epoch 4 step 5250/6750 loss=0.0632
08/12/2026 02:38:02 - INFO - __main__ - [XLM-R + Bi-LSTM] epoch 4 step 5300/6750 loss=0.0517
08/12/2026 02:38:09 - INFO - __main__ - [XLM-R + Bi-LSTM] epoch 4 step 5350/6750 loss=0.0559
08/12/2026 02:38:15 - INFO - __main__ - [XLM-R + Bi-LSTM] epoch 4 step 5400/6750 loss=0.0458
08/12/2026 02:38:21 - INFO - __main__ - [XLM-R + Bi-LSTM] epoch 4 step 5450/6750 loss=0.0512
08/12/2026 02:38:28 - INFO - __main__ - [XLM-R + Bi-LSTM] epoch 4 step 5500/6750 loss=0.0474
08/12/2026 02:38:34 - INFO - __main__ - [XLM-R + Bi-LSTM] epoch 4 step 5550/6750 loss=0.0716
08/12/2026 02:38:40 - INFO - __main__ - [XLM-R + Bi-LSTM] epoch 4 step 5600/6750 loss=0.0490
08/12/2026 02:38:47 - INFO - __main__ - [XLM-R + Bi-LSTM] epoch 4 step 5650/6750 loss=0.0582
08/12/2026 02:38:53 - INFO - __main__ - [XLM-R + Bi-LSTM] epoch 4 step 5700/6750 loss=0.0701
08/12/2026 02:38:59 - INFO - __main__ - [XLM-R + Bi-LSTM] epoch 4 step 5750/6750 loss=0.0775
08/12/2026 02:39:06 - INFO - __main__ - [XLM-R + Bi-LSTM] epoch 4 step 5800/6750 loss=0.0535
08/12/2026 02:39:12 - INFO - __main__ - [XLM-R + Bi-LSTM] epoch 4 step 5850/6750 loss=0.0689
08/12/2026 02:39:18 - INFO - __main__ - [XLM-R + Bi-LSTM] epoch 4 step 5900/6750 loss=0.0390
08/12/2026 02:39:25 - INFO - __main__ - [XLM-R + Bi-LSTM] epoch 4 step 5950/6750 loss=0.0724
08/12/2026 02:39:31 - INFO - __main__ - [XLM-R + Bi-LSTM] epoch 4 step 6000/6750 loss=0.0670
08/12/2026 02:39:37 - INFO - __main__ - [XLM-R + Bi-LSTM] epoch 4 step 6050/6750 loss=0.0456
08/12/2026 02:39:44 - INFO - __main__ - [XLM-R + Bi-LSTM] epoch 4 step 6100/6750 loss=0.0689
08/12/2026 02:39:50 - INFO - __main__ - [XLM-R + Bi-LSTM] epoch 4 step 6150/6750 loss=0.0484
08/12/2026 02:39:56 - INFO - __main__ - [XLM-R + Bi-LSTM] epoch 4 step 6200/6750 loss=0.0746
08/12/2026 02:40:03 - INFO - __main__ - [XLM-R + Bi-LSTM] epoch 4 step 6250/6750 loss=0.0574
08/12/2026 02:40:09 - INFO - __main__ - [XLM-R + Bi-LSTM] epoch 4 step 6300/6750 loss=0.0928
08/12/2026 02:40:15 - INFO - __main__ - [XLM-R + Bi-LSTM] epoch 4 step 6350/6750 loss=0.0728
08/12/2026 02:40:22 - INFO - __main__ - [XLM-R + Bi-LSTM] epoch 4 step 6400/6750 loss=0.0847
08/12/2026 02:40:28 - INFO - __main__ - [XLM-R + Bi-LSTM] epoch 4 step 6450/6750 loss=0.0565
08/12/2026 02:40:34 - INFO - __main__ - [XLM-R + Bi-LSTM] epoch 4 step 6500/6750 loss=0.0729
08/12/2026 02:40:41 - INFO - __main__ - [XLM-R + Bi-LSTM] epoch 4 step 6550/6750 loss=0.0500
08/12/2026 02:40:47 - INFO - __main__ - [XLM-R + Bi-LSTM] epoch 4 step 6600/6750 loss=0.0526
08/12/2026 02:40:53 - INFO - __main__ - [XLM-R + Bi-LSTM] epoch 4 step 6650/6750 loss=0.0692
08/12/2026 02:41:00 - INFO - __main__ - [XLM-R + Bi-LSTM] epoch 4 step 6700/6750 loss=0.0672
08/12/2026 02:41:06 - INFO - __main__ - [XLM-R + Bi-LSTM] epoch 4 step 6750/6750 loss=0.0641
08/12/2026 02:41:06 - INFO - __main__ - [XLM-R + Bi-LSTM] Epoch 4 xong sau 856.3s, avg_loss=0.0634
08/12/2026 02:44:47 - INFO - __main__ - [XLM-R + Bi-LSTM] Epoch 4 - Valid macro F1 = 0.5530
              precision    recall  f1-score   support

      PERIOD     0.8584    0.8841    0.8711    140169
       COMMA     0.7522    0.7453    0.7487    162056
       COLON     0.6891    0.5258    0.5965     10825
       QMARK     0.7381    0.7363    0.7372      4884
      EXCLAM     0.6094    0.1166    0.1957      2556
   SEMICOLON     0.4479    0.1039    0.1687      1944

   micro avg     0.7977    0.7893    0.7935    322434
   macro avg     0.6825    0.5187    0.5530    322434
weighted avg     0.7930    0.7893    0.7887    322434

08/12/2026 02:44:53 - INFO - __main__ - -> [XLM-R + Bi-LSTM] best checkpoint mới, macro F1 = 0.5530
/root/phopunct/baseline_plain.py:261: FutureWarning: `torch.cuda.amp.autocast(args...)` is deprecated. Please use `torch.amp.autocast('cuda', args...)` instead.
  with torch.cuda.amp.autocast(enabled=use_amp):
08/12/2026 02:44:59 - INFO - __main__ - [XLM-R + Bi-LSTM] epoch 5 step 50/6750 loss=0.0631
08/12/2026 02:45:05 - INFO - __main__ - [XLM-R + Bi-LSTM] epoch 5 step 100/6750 loss=0.0383
08/12/2026 02:45:11 - INFO - __main__ - [XLM-R + Bi-LSTM] epoch 5 step 150/6750 loss=0.0752
08/12/2026 02:45:18 - INFO - __main__ - [XLM-R + Bi-LSTM] epoch 5 step 200/6750 loss=0.0575
08/12/2026 02:45:24 - INFO - __main__ - [XLM-R + Bi-LSTM] epoch 5 step 250/6750 loss=0.0506
08/12/2026 02:45:30 - INFO - __main__ - [XLM-R + Bi-LSTM] epoch 5 step 300/6750 loss=0.0656
08/12/2026 02:45:36 - INFO - __main__ - [XLM-R + Bi-LSTM] epoch 5 step 350/6750 loss=0.0472
08/12/2026 02:45:43 - INFO - __main__ - [XLM-R + Bi-LSTM] epoch 5 step 400/6750 loss=0.0549
08/12/2026 02:45:49 - INFO - __main__ - [XLM-R + Bi-LSTM] epoch 5 step 450/6750 loss=0.0433
08/12/2026 02:45:55 - INFO - __main__ - [XLM-R + Bi-LSTM] epoch 5 step 500/6750 loss=0.0442
08/12/2026 02:46:02 - INFO - __main__ - [XLM-R + Bi-LSTM] epoch 5 step 550/6750 loss=0.0511
08/12/2026 02:46:08 - INFO - __main__ - [XLM-R + Bi-LSTM] epoch 5 step 600/6750 loss=0.0732
08/12/2026 02:46:15 - INFO - __main__ - [XLM-R + Bi-LSTM] epoch 5 step 650/6750 loss=0.0563
08/12/2026 02:46:21 - INFO - __main__ - [XLM-R + Bi-LSTM] epoch 5 step 700/6750 loss=0.0692
08/12/2026 02:46:27 - INFO - __main__ - [XLM-R + Bi-LSTM] epoch 5 step 750/6750 loss=0.0518
08/12/2026 02:46:33 - INFO - __main__ - [XLM-R + Bi-LSTM] epoch 5 step 800/6750 loss=0.0683
08/12/2026 02:46:40 - INFO - __main__ - [XLM-R + Bi-LSTM] epoch 5 step 850/6750 loss=0.0578
08/12/2026 02:46:46 - INFO - __main__ - [XLM-R + Bi-LSTM] epoch 5 step 900/6750 loss=0.0416
08/12/2026 02:46:52 - INFO - __main__ - [XLM-R + Bi-LSTM] epoch 5 step 950/6750 loss=0.0644
08/12/2026 02:46:59 - INFO - __main__ - [XLM-R + Bi-LSTM] epoch 5 step 1000/6750 loss=0.0696
08/12/2026 02:47:05 - INFO - __main__ - [XLM-R + Bi-LSTM] epoch 5 step 1050/6750 loss=0.0598
08/12/2026 02:47:11 - INFO - __main__ - [XLM-R + Bi-LSTM] epoch 5 step 1100/6750 loss=0.0358
08/12/2026 02:47:17 - INFO - __main__ - [XLM-R + Bi-LSTM] epoch 5 step 1150/6750 loss=0.0484
08/12/2026 02:47:24 - INFO - __main__ - [XLM-R + Bi-LSTM] epoch 5 step 1200/6750 loss=0.0480
08/12/2026 02:47:30 - INFO - __main__ - [XLM-R + Bi-LSTM] epoch 5 step 1250/6750 loss=0.0670
08/12/2026 02:47:36 - INFO - __main__ - [XLM-R + Bi-LSTM] epoch 5 step 1300/6750 loss=0.0470
08/12/2026 02:47:43 - INFO - __main__ - [XLM-R + Bi-LSTM] epoch 5 step 1350/6750 loss=0.0553
08/12/2026 02:47:49 - INFO - __main__ - [XLM-R + Bi-LSTM] epoch 5 step 1400/6750 loss=0.0397
08/12/2026 02:47:55 - INFO - __main__ - [XLM-R + Bi-LSTM] epoch 5 step 1450/6750 loss=0.0731
08/12/2026 02:48:02 - INFO - __main__ - [XLM-R + Bi-LSTM] epoch 5 step 1500/6750 loss=0.0431
08/12/2026 02:48:08 - INFO - __main__ - [XLM-R + Bi-LSTM] epoch 5 step 1550/6750 loss=0.0419
08/12/2026 02:48:14 - INFO - __main__ - [XLM-R + Bi-LSTM] epoch 5 step 1600/6750 loss=0.0495
08/12/2026 02:48:21 - INFO - __main__ - [XLM-R + Bi-LSTM] epoch 5 step 1650/6750 loss=0.0525
08/12/2026 02:48:27 - INFO - __main__ - [XLM-R + Bi-LSTM] epoch 5 step 1700/6750 loss=0.0677
08/12/2026 02:48:33 - INFO - __main__ - [XLM-R + Bi-LSTM] epoch 5 step 1750/6750 loss=0.0673
08/12/2026 02:48:40 - INFO - __main__ - [XLM-R + Bi-LSTM] epoch 5 step 1800/6750 loss=0.0466
08/12/2026 02:48:46 - INFO - __main__ - [XLM-R + Bi-LSTM] epoch 5 step 1850/6750 loss=0.0430
08/12/2026 02:48:52 - INFO - __main__ - [XLM-R + Bi-LSTM] epoch 5 step 1900/6750 loss=0.0612
08/12/2026 02:48:59 - INFO - __main__ - [XLM-R + Bi-LSTM] epoch 5 step 1950/6750 loss=0.0507
08/12/2026 02:49:05 - INFO - __main__ - [XLM-R + Bi-LSTM] epoch 5 step 2000/6750 loss=0.0620
08/12/2026 02:49:12 - INFO - __main__ - [XLM-R + Bi-LSTM] epoch 5 step 2050/6750 loss=0.0449
08/12/2026 02:49:18 - INFO - __main__ - [XLM-R + Bi-LSTM] epoch 5 step 2100/6750 loss=0.0421
08/12/2026 02:49:24 - INFO - __main__ - [XLM-R + Bi-LSTM] epoch 5 step 2150/6750 loss=0.0774
08/12/2026 02:49:31 - INFO - __main__ - [XLM-R + Bi-LSTM] epoch 5 step 2200/6750 loss=0.0485
08/12/2026 02:49:37 - INFO - __main__ - [XLM-R + Bi-LSTM] epoch 5 step 2250/6750 loss=0.0628
08/12/2026 02:49:43 - INFO - __main__ - [XLM-R + Bi-LSTM] epoch 5 step 2300/6750 loss=0.0340
08/12/2026 02:49:50 - INFO - __main__ - [XLM-R + Bi-LSTM] epoch 5 step 2350/6750 loss=0.0510
08/12/2026 02:49:56 - INFO - __main__ - [XLM-R + Bi-LSTM] epoch 5 step 2400/6750 loss=0.0500
08/12/2026 02:50:02 - INFO - __main__ - [XLM-R + Bi-LSTM] epoch 5 step 2450/6750 loss=0.0490
08/12/2026 02:50:09 - INFO - __main__ - [XLM-R + Bi-LSTM] epoch 5 step 2500/6750 loss=0.0587
08/12/2026 02:50:15 - INFO - __main__ - [XLM-R + Bi-LSTM] epoch 5 step 2550/6750 loss=0.0502
08/12/2026 02:50:21 - INFO - __main__ - [XLM-R + Bi-LSTM] epoch 5 step 2600/6750 loss=0.0418
08/12/2026 02:50:28 - INFO - __main__ - [XLM-R + Bi-LSTM] epoch 5 step 2650/6750 loss=0.0522
08/12/2026 02:50:34 - INFO - __main__ - [XLM-R + Bi-LSTM] epoch 5 step 2700/6750 loss=0.0371
08/12/2026 02:50:40 - INFO - __main__ - [XLM-R + Bi-LSTM] epoch 5 step 2750/6750 loss=0.0730
08/12/2026 02:50:47 - INFO - __main__ - [XLM-R + Bi-LSTM] epoch 5 step 2800/6750 loss=0.0450
08/12/2026 02:50:53 - INFO - __main__ - [XLM-R + Bi-LSTM] epoch 5 step 2850/6750 loss=0.0622
08/12/2026 02:50:59 - INFO - __main__ - [XLM-R + Bi-LSTM] epoch 5 step 2900/6750 loss=0.0570
08/12/2026 02:51:06 - INFO - __main__ - [XLM-R + Bi-LSTM] epoch 5 step 2950/6750 loss=0.0692
08/12/2026 02:51:12 - INFO - __main__ - [XLM-R + Bi-LSTM] epoch 5 step 3000/6750 loss=0.0652
08/12/2026 02:51:18 - INFO - __main__ - [XLM-R + Bi-LSTM] epoch 5 step 3050/6750 loss=0.0568
08/12/2026 02:51:25 - INFO - __main__ - [XLM-R + Bi-LSTM] epoch 5 step 3100/6750 loss=0.0682
08/12/2026 02:51:31 - INFO - __main__ - [XLM-R + Bi-LSTM] epoch 5 step 3150/6750 loss=0.0547
08/12/2026 02:51:38 - INFO - __main__ - [XLM-R + Bi-LSTM] epoch 5 step 3200/6750 loss=0.0699
08/12/2026 02:51:44 - INFO - __main__ - [XLM-R + Bi-LSTM] epoch 5 step 3250/6750 loss=0.0606
08/12/2026 02:51:50 - INFO - __main__ - [XLM-R + Bi-LSTM] epoch 5 step 3300/6750 loss=0.0402
08/12/2026 02:51:57 - INFO - __main__ - [XLM-R + Bi-LSTM] epoch 5 step 3350/6750 loss=0.0509
08/12/2026 02:52:03 - INFO - __main__ - [XLM-R + Bi-LSTM] epoch 5 step 3400/6750 loss=0.0522
08/12/2026 02:52:09 - INFO - __main__ - [XLM-R + Bi-LSTM] epoch 5 step 3450/6750 loss=0.0671
08/12/2026 02:52:15 - INFO - __main__ - [XLM-R + Bi-LSTM] epoch 5 step 3500/6750 loss=0.0582
08/12/2026 02:52:22 - INFO - __main__ - [XLM-R + Bi-LSTM] epoch 5 step 3550/6750 loss=0.0434
08/12/2026 02:52:28 - INFO - __main__ - [XLM-R + Bi-LSTM] epoch 5 step 3600/6750 loss=0.0578
08/12/2026 02:52:35 - INFO - __main__ - [XLM-R + Bi-LSTM] epoch 5 step 3650/6750 loss=0.0471
08/12/2026 02:52:41 - INFO - __main__ - [XLM-R + Bi-LSTM] epoch 5 step 3700/6750 loss=0.0603
08/12/2026 02:52:47 - INFO - __main__ - [XLM-R + Bi-LSTM] epoch 5 step 3750/6750 loss=0.0645
08/12/2026 02:52:53 - INFO - __main__ - [XLM-R + Bi-LSTM] epoch 5 step 3800/6750 loss=0.0469
08/12/2026 02:53:00 - INFO - __main__ - [XLM-R + Bi-LSTM] epoch 5 step 3850/6750 loss=0.0852
08/12/2026 02:53:06 - INFO - __main__ - [XLM-R + Bi-LSTM] epoch 5 step 3900/6750 loss=0.0494
08/12/2026 02:53:12 - INFO - __main__ - [XLM-R + Bi-LSTM] epoch 5 step 3950/6750 loss=0.0532
08/12/2026 02:53:19 - INFO - __main__ - [XLM-R + Bi-LSTM] epoch 5 step 4000/6750 loss=0.0705
08/12/2026 02:53:25 - INFO - __main__ - [XLM-R + Bi-LSTM] epoch 5 step 4050/6750 loss=0.0498
08/12/2026 02:53:31 - INFO - __main__ - [XLM-R + Bi-LSTM] epoch 5 step 4100/6750 loss=0.0582
08/12/2026 02:53:38 - INFO - __main__ - [XLM-R + Bi-LSTM] epoch 5 step 4150/6750 loss=0.0629
08/12/2026 02:53:44 - INFO - __main__ - [XLM-R + Bi-LSTM] epoch 5 step 4200/6750 loss=0.0637
08/12/2026 02:53:50 - INFO - __main__ - [XLM-R + Bi-LSTM] epoch 5 step 4250/6750 loss=0.0535
08/12/2026 02:53:57 - INFO - __main__ - [XLM-R + Bi-LSTM] epoch 5 step 4300/6750 loss=0.0495
08/12/2026 02:54:03 - INFO - __main__ - [XLM-R + Bi-LSTM] epoch 5 step 4350/6750 loss=0.0529
08/12/2026 02:54:09 - INFO - __main__ - [XLM-R + Bi-LSTM] epoch 5 step 4400/6750 loss=0.0545
08/12/2026 02:54:16 - INFO - __main__ - [XLM-R + Bi-LSTM] epoch 5 step 4450/6750 loss=0.0551
08/12/2026 02:54:22 - INFO - __main__ - [XLM-R + Bi-LSTM] epoch 5 step 4500/6750 loss=0.0907
08/12/2026 02:54:28 - INFO - __main__ - [XLM-R + Bi-LSTM] epoch 5 step 4550/6750 loss=0.0474
08/12/2026 02:54:35 - INFO - __main__ - [XLM-R + Bi-LSTM] epoch 5 step 4600/6750 loss=0.0394
08/12/2026 02:54:41 - INFO - __main__ - [XLM-R + Bi-LSTM] epoch 5 step 4650/6750 loss=0.0638
08/12/2026 02:54:47 - INFO - __main__ - [XLM-R + Bi-LSTM] epoch 5 step 4700/6750 loss=0.0598
08/12/2026 02:54:53 - INFO - __main__ - [XLM-R + Bi-LSTM] epoch 5 step 4750/6750 loss=0.0562
08/12/2026 02:55:00 - INFO - __main__ - [XLM-R + Bi-LSTM] epoch 5 step 4800/6750 loss=0.0568
08/12/2026 02:55:06 - INFO - __main__ - [XLM-R + Bi-LSTM] epoch 5 step 4850/6750 loss=0.0431
08/12/2026 02:55:12 - INFO - __main__ - [XLM-R + Bi-LSTM] epoch 5 step 4900/6750 loss=0.0575
08/12/2026 02:55:18 - INFO - __main__ - [XLM-R + Bi-LSTM] epoch 5 step 4950/6750 loss=0.0561
08/12/2026 02:55:25 - INFO - __main__ - [XLM-R + Bi-LSTM] epoch 5 step 5000/6750 loss=0.0527
08/12/2026 02:55:31 - INFO - __main__ - [XLM-R + Bi-LSTM] epoch 5 step 5050/6750 loss=0.0555
08/12/2026 02:55:38 - INFO - __main__ - [XLM-R + Bi-LSTM] epoch 5 step 5100/6750 loss=0.0515
08/12/2026 02:55:44 - INFO - __main__ - [XLM-R + Bi-LSTM] epoch 5 step 5150/6750 loss=0.0668
08/12/2026 02:55:50 - INFO - __main__ - [XLM-R + Bi-LSTM] epoch 5 step 5200/6750 loss=0.0661
08/12/2026 02:55:57 - INFO - __main__ - [XLM-R + Bi-LSTM] epoch 5 step 5250/6750 loss=0.0446
08/12/2026 02:56:03 - INFO - __main__ - [XLM-R + Bi-LSTM] epoch 5 step 5300/6750 loss=0.0647
08/12/2026 02:56:09 - INFO - __main__ - [XLM-R + Bi-LSTM] epoch 5 step 5350/6750 loss=0.0570
08/12/2026 02:56:16 - INFO - __main__ - [XLM-R + Bi-LSTM] epoch 5 step 5400/6750 loss=0.0447
08/12/2026 02:56:22 - INFO - __main__ - [XLM-R + Bi-LSTM] epoch 5 step 5450/6750 loss=0.0652
08/12/2026 02:56:28 - INFO - __main__ - [XLM-R + Bi-LSTM] epoch 5 step 5500/6750 loss=0.0984
08/12/2026 02:56:35 - INFO - __main__ - [XLM-R + Bi-LSTM] epoch 5 step 5550/6750 loss=0.0630
08/12/2026 02:56:41 - INFO - __main__ - [XLM-R + Bi-LSTM] epoch 5 step 5600/6750 loss=0.0414
08/12/2026 02:56:48 - INFO - __main__ - [XLM-R + Bi-LSTM] epoch 5 step 5650/6750 loss=0.0639
08/12/2026 02:56:54 - INFO - __main__ - [XLM-R + Bi-LSTM] epoch 5 step 5700/6750 loss=0.0595
08/12/2026 02:57:00 - INFO - __main__ - [XLM-R + Bi-LSTM] epoch 5 step 5750/6750 loss=0.0465
08/12/2026 02:57:07 - INFO - __main__ - [XLM-R + Bi-LSTM] epoch 5 step 5800/6750 loss=0.0404
08/12/2026 02:57:13 - INFO - __main__ - [XLM-R + Bi-LSTM] epoch 5 step 5850/6750 loss=0.0632
08/12/2026 02:57:19 - INFO - __main__ - [XLM-R + Bi-LSTM] epoch 5 step 5900/6750 loss=0.0501
08/12/2026 02:57:26 - INFO - __main__ - [XLM-R + Bi-LSTM] epoch 5 step 5950/6750 loss=0.0552
08/12/2026 02:57:32 - INFO - __main__ - [XLM-R + Bi-LSTM] epoch 5 step 6000/6750 loss=0.0459
08/12/2026 02:57:38 - INFO - __main__ - [XLM-R + Bi-LSTM] epoch 5 step 6050/6750 loss=0.0783
08/12/2026 02:57:45 - INFO - __main__ - [XLM-R + Bi-LSTM] epoch 5 step 6100/6750 loss=0.0441
08/12/2026 02:57:51 - INFO - __main__ - [XLM-R + Bi-LSTM] epoch 5 step 6150/6750 loss=0.0721
08/12/2026 02:57:57 - INFO - __main__ - [XLM-R + Bi-LSTM] epoch 5 step 6200/6750 loss=0.0538
08/12/2026 02:58:03 - INFO - __main__ - [XLM-R + Bi-LSTM] epoch 5 step 6250/6750 loss=0.0610
08/12/2026 02:58:10 - INFO - __main__ - [XLM-R + Bi-LSTM] epoch 5 step 6300/6750 loss=0.0643
08/12/2026 02:58:16 - INFO - __main__ - [XLM-R + Bi-LSTM] epoch 5 step 6350/6750 loss=0.0507
08/12/2026 02:58:22 - INFO - __main__ - [XLM-R + Bi-LSTM] epoch 5 step 6400/6750 loss=0.0635
08/12/2026 02:58:29 - INFO - __main__ - [XLM-R + Bi-LSTM] epoch 5 step 6450/6750 loss=0.0573
08/12/2026 02:58:35 - INFO - __main__ - [XLM-R + Bi-LSTM] epoch 5 step 6500/6750 loss=0.0550
08/12/2026 02:58:41 - INFO - __main__ - [XLM-R + Bi-LSTM] epoch 5 step 6550/6750 loss=0.0551
08/12/2026 02:58:47 - INFO - __main__ - [XLM-R + Bi-LSTM] epoch 5 step 6600/6750 loss=0.0571
08/12/2026 02:58:54 - INFO - __main__ - [XLM-R + Bi-LSTM] epoch 5 step 6650/6750 loss=0.0491
08/12/2026 02:59:00 - INFO - __main__ - [XLM-R + Bi-LSTM] epoch 5 step 6700/6750 loss=0.0556
08/12/2026 02:59:06 - INFO - __main__ - [XLM-R + Bi-LSTM] epoch 5 step 6750/6750 loss=0.0442
08/12/2026 02:59:06 - INFO - __main__ - [XLM-R + Bi-LSTM] Epoch 5 xong sau 853.6s, avg_loss=0.0577
08/12/2026 03:02:46 - INFO - __main__ - [XLM-R + Bi-LSTM] Epoch 5 - Valid macro F1 = 0.5683
              precision    recall  f1-score   support

      PERIOD     0.8545    0.8889    0.8713    140169
       COMMA     0.7687    0.7265    0.7470    162056
       COLON     0.6885    0.5349    0.6020     10825
       QMARK     0.7754    0.7138    0.7433      4884
      EXCLAM     0.5268    0.1424    0.2242      2556
   SEMICOLON     0.4016    0.1533    0.2219      1944

   micro avg     0.8052    0.7824    0.7936    322434
   macro avg     0.6692    0.5266    0.5683    322434
weighted avg     0.7993    0.7824    0.7888    322434

08/12/2026 03:02:52 - INFO - __main__ - -> [XLM-R + Bi-LSTM] best checkpoint mới, macro F1 = 0.5683
/root/phopunct/baseline_plain.py:261: FutureWarning: `torch.cuda.amp.autocast(args...)` is deprecated. Please use `torch.amp.autocast('cuda', args...)` instead.
  with torch.cuda.amp.autocast(enabled=use_amp):
08/12/2026 03:02:58 - INFO - __main__ - [XLM-R + Bi-LSTM] epoch 6 step 50/6750 loss=0.0470
08/12/2026 03:03:05 - INFO - __main__ - [XLM-R + Bi-LSTM] epoch 6 step 100/6750 loss=0.0554
08/12/2026 03:03:11 - INFO - __main__ - [XLM-R + Bi-LSTM] epoch 6 step 150/6750 loss=0.0625
08/12/2026 03:03:17 - INFO - __main__ - [XLM-R + Bi-LSTM] epoch 6 step 200/6750 loss=0.0459
08/12/2026 03:03:24 - INFO - __main__ - [XLM-R + Bi-LSTM] epoch 6 step 250/6750 loss=0.0534
08/12/2026 03:03:30 - INFO - __main__ - [XLM-R + Bi-LSTM] epoch 6 step 300/6750 loss=0.0469
08/12/2026 03:03:36 - INFO - __main__ - [XLM-R + Bi-LSTM] epoch 6 step 350/6750 loss=0.0371
08/12/2026 03:03:43 - INFO - __main__ - [XLM-R + Bi-LSTM] epoch 6 step 400/6750 loss=0.0776
08/12/2026 03:03:49 - INFO - __main__ - [XLM-R + Bi-LSTM] epoch 6 step 450/6750 loss=0.0355
08/12/2026 03:03:55 - INFO - __main__ - [XLM-R + Bi-LSTM] epoch 6 step 500/6750 loss=0.0418
08/12/2026 03:04:02 - INFO - __main__ - [XLM-R + Bi-LSTM] epoch 6 step 550/6750 loss=0.0484
08/12/2026 03:04:08 - INFO - __main__ - [XLM-R + Bi-LSTM] epoch 6 step 600/6750 loss=0.0679
08/12/2026 03:04:14 - INFO - __main__ - [XLM-R + Bi-LSTM] epoch 6 step 650/6750 loss=0.0407
08/12/2026 03:04:21 - INFO - __main__ - [XLM-R + Bi-LSTM] epoch 6 step 700/6750 loss=0.0522
08/12/2026 03:04:27 - INFO - __main__ - [XLM-R + Bi-LSTM] epoch 6 step 750/6750 loss=0.0583
08/12/2026 03:04:33 - INFO - __main__ - [XLM-R + Bi-LSTM] epoch 6 step 800/6750 loss=0.0466
08/12/2026 03:04:39 - INFO - __main__ - [XLM-R + Bi-LSTM] epoch 6 step 850/6750 loss=0.0605
08/12/2026 03:04:46 - INFO - __main__ - [XLM-R + Bi-LSTM] epoch 6 step 900/6750 loss=0.0646
08/12/2026 03:04:52 - INFO - __main__ - [XLM-R + Bi-LSTM] epoch 6 step 950/6750 loss=0.0625
08/12/2026 03:04:58 - INFO - __main__ - [XLM-R + Bi-LSTM] epoch 6 step 1000/6750 loss=0.0511
08/12/2026 03:05:05 - INFO - __main__ - [XLM-R + Bi-LSTM] epoch 6 step 1050/6750 loss=0.0560
08/12/2026 03:05:11 - INFO - __main__ - [XLM-R + Bi-LSTM] epoch 6 step 1100/6750 loss=0.0591
08/12/2026 03:05:17 - INFO - __main__ - [XLM-R + Bi-LSTM] epoch 6 step 1150/6750 loss=0.0444
08/12/2026 03:05:23 - INFO - __main__ - [XLM-R + Bi-LSTM] epoch 6 step 1200/6750 loss=0.0407
08/12/2026 03:05:30 - INFO - __main__ - [XLM-R + Bi-LSTM] epoch 6 step 1250/6750 loss=0.0472
08/12/2026 03:05:36 - INFO - __main__ - [XLM-R + Bi-LSTM] epoch 6 step 1300/6750 loss=0.0501
08/12/2026 03:05:42 - INFO - __main__ - [XLM-R + Bi-LSTM] epoch 6 step 1350/6750 loss=0.0680
08/12/2026 03:05:49 - INFO - __main__ - [XLM-R + Bi-LSTM] epoch 6 step 1400/6750 loss=0.0549
08/12/2026 03:05:55 - INFO - __main__ - [XLM-R + Bi-LSTM] epoch 6 step 1450/6750 loss=0.0624
08/12/2026 03:06:01 - INFO - __main__ - [XLM-R + Bi-LSTM] epoch 6 step 1500/6750 loss=0.0659
08/12/2026 03:06:07 - INFO - __main__ - [XLM-R + Bi-LSTM] epoch 6 step 1550/6750 loss=0.0412
08/12/2026 03:06:14 - INFO - __main__ - [XLM-R + Bi-LSTM] epoch 6 step 1600/6750 loss=0.0397
08/12/2026 03:06:20 - INFO - __main__ - [XLM-R + Bi-LSTM] epoch 6 step 1650/6750 loss=0.0503
08/12/2026 03:06:26 - INFO - __main__ - [XLM-R + Bi-LSTM] epoch 6 step 1700/6750 loss=0.0453
08/12/2026 03:06:33 - INFO - __main__ - [XLM-R + Bi-LSTM] epoch 6 step 1750/6750 loss=0.0696
08/12/2026 03:06:39 - INFO - __main__ - [XLM-R + Bi-LSTM] epoch 6 step 1800/6750 loss=0.0400
08/12/2026 03:06:45 - INFO - __main__ - [XLM-R + Bi-LSTM] epoch 6 step 1850/6750 loss=0.0722
08/12/2026 03:06:52 - INFO - __main__ - [XLM-R + Bi-LSTM] epoch 6 step 1900/6750 loss=0.0542
08/12/2026 03:06:58 - INFO - __main__ - [XLM-R + Bi-LSTM] epoch 6 step 1950/6750 loss=0.0502
08/12/2026 03:07:04 - INFO - __main__ - [XLM-R + Bi-LSTM] epoch 6 step 2000/6750 loss=0.0533
08/12/2026 03:07:11 - INFO - __main__ - [XLM-R + Bi-LSTM] epoch 6 step 2050/6750 loss=0.0638
08/12/2026 03:07:17 - INFO - __main__ - [XLM-R + Bi-LSTM] epoch 6 step 2100/6750 loss=0.0531
08/12/2026 03:07:23 - INFO - __main__ - [XLM-R + Bi-LSTM] epoch 6 step 2150/6750 loss=0.0684
08/12/2026 03:07:30 - INFO - __main__ - [XLM-R + Bi-LSTM] epoch 6 step 2200/6750 loss=0.0385
08/12/2026 03:07:36 - INFO - __main__ - [XLM-R + Bi-LSTM] epoch 6 step 2250/6750 loss=0.0548
08/12/2026 03:07:42 - INFO - __main__ - [XLM-R + Bi-LSTM] epoch 6 step 2300/6750 loss=0.0591
08/12/2026 03:07:49 - INFO - __main__ - [XLM-R + Bi-LSTM] epoch 6 step 2350/6750 loss=0.0579
08/12/2026 03:07:55 - INFO - __main__ - [XLM-R + Bi-LSTM] epoch 6 step 2400/6750 loss=0.0529
08/12/2026 03:08:01 - INFO - __main__ - [XLM-R + Bi-LSTM] epoch 6 step 2450/6750 loss=0.0426
08/12/2026 03:08:08 - INFO - __main__ - [XLM-R + Bi-LSTM] epoch 6 step 2500/6750 loss=0.0443
08/12/2026 03:08:14 - INFO - __main__ - [XLM-R + Bi-LSTM] epoch 6 step 2550/6750 loss=0.0571
08/12/2026 03:08:20 - INFO - __main__ - [XLM-R + Bi-LSTM] epoch 6 step 2600/6750 loss=0.0428
08/12/2026 03:08:27 - INFO - __main__ - [XLM-R + Bi-LSTM] epoch 6 step 2650/6750 loss=0.0324
08/12/2026 03:08:33 - INFO - __main__ - [XLM-R + Bi-LSTM] epoch 6 step 2700/6750 loss=0.0512
08/12/2026 03:08:39 - INFO - __main__ - [XLM-R + Bi-LSTM] epoch 6 step 2750/6750 loss=0.0537
08/12/2026 03:08:46 - INFO - __main__ - [XLM-R + Bi-LSTM] epoch 6 step 2800/6750 loss=0.0496
08/12/2026 03:08:52 - INFO - __main__ - [XLM-R + Bi-LSTM] epoch 6 step 2850/6750 loss=0.0431
08/12/2026 03:08:58 - INFO - __main__ - [XLM-R + Bi-LSTM] epoch 6 step 2900/6750 loss=0.0365
08/12/2026 03:09:05 - INFO - __main__ - [XLM-R + Bi-LSTM] epoch 6 step 2950/6750 loss=0.0590
08/12/2026 03:09:11 - INFO - __main__ - [XLM-R + Bi-LSTM] epoch 6 step 3000/6750 loss=0.0628
08/12/2026 03:09:17 - INFO - __main__ - [XLM-R + Bi-LSTM] epoch 6 step 3050/6750 loss=0.0443
08/12/2026 03:09:23 - INFO - __main__ - [XLM-R + Bi-LSTM] epoch 6 step 3100/6750 loss=0.0515
08/12/2026 03:09:30 - INFO - __main__ - [XLM-R + Bi-LSTM] epoch 6 step 3150/6750 loss=0.0467
08/12/2026 03:09:36 - INFO - __main__ - [XLM-R + Bi-LSTM] epoch 6 step 3200/6750 loss=0.0657
08/12/2026 03:09:42 - INFO - __main__ - [XLM-R + Bi-LSTM] epoch 6 step 3250/6750 loss=0.0380
08/12/2026 03:09:49 - INFO - __main__ - [XLM-R + Bi-LSTM] epoch 6 step 3300/6750 loss=0.0653
08/12/2026 03:09:55 - INFO - __main__ - [XLM-R + Bi-LSTM] epoch 6 step 3350/6750 loss=0.0445
08/12/2026 03:10:01 - INFO - __main__ - [XLM-R + Bi-LSTM] epoch 6 step 3400/6750 loss=0.0513
08/12/2026 03:10:07 - INFO - __main__ - [XLM-R + Bi-LSTM] epoch 6 step 3450/6750 loss=0.0539
08/12/2026 03:10:14 - INFO - __main__ - [XLM-R + Bi-LSTM] epoch 6 step 3500/6750 loss=0.0406
08/12/2026 03:10:20 - INFO - __main__ - [XLM-R + Bi-LSTM] epoch 6 step 3550/6750 loss=0.0478
08/12/2026 03:10:26 - INFO - __main__ - [XLM-R + Bi-LSTM] epoch 6 step 3600/6750 loss=0.0376
08/12/2026 03:10:33 - INFO - __main__ - [XLM-R + Bi-LSTM] epoch 6 step 3650/6750 loss=0.0369
08/12/2026 03:10:39 - INFO - __main__ - [XLM-R + Bi-LSTM] epoch 6 step 3700/6750 loss=0.0676
08/12/2026 03:10:45 - INFO - __main__ - [XLM-R + Bi-LSTM] epoch 6 step 3750/6750 loss=0.0576
08/12/2026 03:10:52 - INFO - __main__ - [XLM-R + Bi-LSTM] epoch 6 step 3800/6750 loss=0.0556
08/12/2026 03:10:58 - INFO - __main__ - [XLM-R + Bi-LSTM] epoch 6 step 3850/6750 loss=0.0663
08/12/2026 03:11:04 - INFO - __main__ - [XLM-R + Bi-LSTM] epoch 6 step 3900/6750 loss=0.0459
08/12/2026 03:11:11 - INFO - __main__ - [XLM-R + Bi-LSTM] epoch 6 step 3950/6750 loss=0.0644
08/12/2026 03:11:17 - INFO - __main__ - [XLM-R + Bi-LSTM] epoch 6 step 4000/6750 loss=0.0315
08/12/2026 03:11:23 - INFO - __main__ - [XLM-R + Bi-LSTM] epoch 6 step 4050/6750 loss=0.0702
08/12/2026 03:11:30 - INFO - __main__ - [XLM-R + Bi-LSTM] epoch 6 step 4100/6750 loss=0.0584
08/12/2026 03:11:36 - INFO - __main__ - [XLM-R + Bi-LSTM] epoch 6 step 4150/6750 loss=0.0861
08/12/2026 03:11:42 - INFO - __main__ - [XLM-R + Bi-LSTM] epoch 6 step 4200/6750 loss=0.0600
08/12/2026 03:11:49 - INFO - __main__ - [XLM-R + Bi-LSTM] epoch 6 step 4250/6750 loss=0.0472
08/12/2026 03:11:55 - INFO - __main__ - [XLM-R + Bi-LSTM] epoch 6 step 4300/6750 loss=0.0465
08/12/2026 03:12:01 - INFO - __main__ - [XLM-R + Bi-LSTM] epoch 6 step 4350/6750 loss=0.0401
08/12/2026 03:12:08 - INFO - __main__ - [XLM-R + Bi-LSTM] epoch 6 step 4400/6750 loss=0.0698
08/12/2026 03:12:14 - INFO - __main__ - [XLM-R + Bi-LSTM] epoch 6 step 4450/6750 loss=0.0563
08/12/2026 03:12:20 - INFO - __main__ - [XLM-R + Bi-LSTM] epoch 6 step 4500/6750 loss=0.0419
08/12/2026 03:12:27 - INFO - __main__ - [XLM-R + Bi-LSTM] epoch 6 step 4550/6750 loss=0.0445
08/12/2026 03:12:33 - INFO - __main__ - [XLM-R + Bi-LSTM] epoch 6 step 4600/6750 loss=0.0386
08/12/2026 03:12:39 - INFO - __main__ - [XLM-R + Bi-LSTM] epoch 6 step 4650/6750 loss=0.0514
08/12/2026 03:12:46 - INFO - __main__ - [XLM-R + Bi-LSTM] epoch 6 step 4700/6750 loss=0.0604
08/12/2026 03:12:52 - INFO - __main__ - [XLM-R + Bi-LSTM] epoch 6 step 4750/6750 loss=0.0566
08/12/2026 03:12:58 - INFO - __main__ - [XLM-R + Bi-LSTM] epoch 6 step 4800/6750 loss=0.0539
08/12/2026 03:13:05 - INFO - __main__ - [XLM-R + Bi-LSTM] epoch 6 step 4850/6750 loss=0.0630
08/12/2026 03:13:11 - INFO - __main__ - [XLM-R + Bi-LSTM] epoch 6 step 4900/6750 loss=0.0422
08/12/2026 03:13:17 - INFO - __main__ - [XLM-R + Bi-LSTM] epoch 6 step 4950/6750 loss=0.0500
08/12/2026 03:13:24 - INFO - __main__ - [XLM-R + Bi-LSTM] epoch 6 step 5000/6750 loss=0.0635
08/12/2026 03:13:30 - INFO - __main__ - [XLM-R + Bi-LSTM] epoch 6 step 5050/6750 loss=0.0434
08/12/2026 03:13:36 - INFO - __main__ - [XLM-R + Bi-LSTM] epoch 6 step 5100/6750 loss=0.0470
08/12/2026 03:13:43 - INFO - __main__ - [XLM-R + Bi-LSTM] epoch 6 step 5150/6750 loss=0.0456
08/12/2026 03:13:49 - INFO - __main__ - [XLM-R + Bi-LSTM] epoch 6 step 5200/6750 loss=0.0558
08/12/2026 03:13:55 - INFO - __main__ - [XLM-R + Bi-LSTM] epoch 6 step 5250/6750 loss=0.0532
08/12/2026 03:14:01 - INFO - __main__ - [XLM-R + Bi-LSTM] epoch 6 step 5300/6750 loss=0.0666
08/12/2026 03:14:08 - INFO - __main__ - [XLM-R + Bi-LSTM] epoch 6 step 5350/6750 loss=0.0754
08/12/2026 03:14:14 - INFO - __main__ - [XLM-R + Bi-LSTM] epoch 6 step 5400/6750 loss=0.0655
08/12/2026 03:14:20 - INFO - __main__ - [XLM-R + Bi-LSTM] epoch 6 step 5450/6750 loss=0.0447
08/12/2026 03:14:26 - INFO - __main__ - [XLM-R + Bi-LSTM] epoch 6 step 5500/6750 loss=0.0541
08/12/2026 03:14:33 - INFO - __main__ - [XLM-R + Bi-LSTM] epoch 6 step 5550/6750 loss=0.0422
08/12/2026 03:14:39 - INFO - __main__ - [XLM-R + Bi-LSTM] epoch 6 step 5600/6750 loss=0.0580
08/12/2026 03:14:45 - INFO - __main__ - [XLM-R + Bi-LSTM] epoch 6 step 5650/6750 loss=0.0435
08/12/2026 03:14:52 - INFO - __main__ - [XLM-R + Bi-LSTM] epoch 6 step 5700/6750 loss=0.0681
08/12/2026 03:14:58 - INFO - __main__ - [XLM-R + Bi-LSTM] epoch 6 step 5750/6750 loss=0.0379
08/12/2026 03:15:04 - INFO - __main__ - [XLM-R + Bi-LSTM] epoch 6 step 5800/6750 loss=0.0496
08/12/2026 03:15:11 - INFO - __main__ - [XLM-R + Bi-LSTM] epoch 6 step 5850/6750 loss=0.0522
08/12/2026 03:15:17 - INFO - __main__ - [XLM-R + Bi-LSTM] epoch 6 step 5900/6750 loss=0.0510
08/12/2026 03:15:23 - INFO - __main__ - [XLM-R + Bi-LSTM] epoch 6 step 5950/6750 loss=0.0414
08/12/2026 03:15:30 - INFO - __main__ - [XLM-R + Bi-LSTM] epoch 6 step 6000/6750 loss=0.0563
08/12/2026 03:15:36 - INFO - __main__ - [XLM-R + Bi-LSTM] epoch 6 step 6050/6750 loss=0.0488
08/12/2026 03:15:42 - INFO - __main__ - [XLM-R + Bi-LSTM] epoch 6 step 6100/6750 loss=0.0700
08/12/2026 03:15:48 - INFO - __main__ - [XLM-R + Bi-LSTM] epoch 6 step 6150/6750 loss=0.0897
08/12/2026 03:15:55 - INFO - __main__ - [XLM-R + Bi-LSTM] epoch 6 step 6200/6750 loss=0.0501
08/12/2026 03:16:01 - INFO - __main__ - [XLM-R + Bi-LSTM] epoch 6 step 6250/6750 loss=0.0513
08/12/2026 03:16:07 - INFO - __main__ - [XLM-R + Bi-LSTM] epoch 6 step 6300/6750 loss=0.0503
08/12/2026 03:16:14 - INFO - __main__ - [XLM-R + Bi-LSTM] epoch 6 step 6350/6750 loss=0.0460
08/12/2026 03:16:20 - INFO - __main__ - [XLM-R + Bi-LSTM] epoch 6 step 6400/6750 loss=0.0651
08/12/2026 03:16:27 - INFO - __main__ - [XLM-R + Bi-LSTM] epoch 6 step 6450/6750 loss=0.0407
08/12/2026 03:16:33 - INFO - __main__ - [XLM-R + Bi-LSTM] epoch 6 step 6500/6750 loss=0.0476
08/12/2026 03:16:39 - INFO - __main__ - [XLM-R + Bi-LSTM] epoch 6 step 6550/6750 loss=0.0562
08/12/2026 03:16:46 - INFO - __main__ - [XLM-R + Bi-LSTM] epoch 6 step 6600/6750 loss=0.0361
08/12/2026 03:16:52 - INFO - __main__ - [XLM-R + Bi-LSTM] epoch 6 step 6650/6750 loss=0.0594
08/12/2026 03:16:58 - INFO - __main__ - [XLM-R + Bi-LSTM] epoch 6 step 6700/6750 loss=0.0579
08/12/2026 03:17:05 - INFO - __main__ - [XLM-R + Bi-LSTM] epoch 6 step 6750/6750 loss=0.0559
08/12/2026 03:17:05 - INFO - __main__ - [XLM-R + Bi-LSTM] Epoch 6 xong sau 852.8s, avg_loss=0.0533
08/12/2026 03:20:45 - INFO - __main__ - [XLM-R + Bi-LSTM] Epoch 6 - Valid macro F1 = 0.5725
              precision    recall  f1-score   support

      PERIOD     0.8571    0.8892    0.8729    140169
       COMMA     0.7742    0.7246    0.7486    162056
       COLON     0.6985    0.5370    0.6072     10825
       QMARK     0.7532    0.7330    0.7430      4884
      EXCLAM     0.5532    0.1506    0.2368      2556
   SEMICOLON     0.3941    0.1590    0.2265      1944

   micro avg     0.8091    0.7820    0.7953    322434
   macro avg     0.6717    0.5322    0.5725    322434
weighted avg     0.8034    0.7820    0.7906    322434

08/12/2026 03:20:51 - INFO - __main__ - -> [XLM-R + Bi-LSTM] best checkpoint mới, macro F1 = 0.5725
/root/phopunct/baseline_plain.py:261: FutureWarning: `torch.cuda.amp.autocast(args...)` is deprecated. Please use `torch.amp.autocast('cuda', args...)` instead.
  with torch.cuda.amp.autocast(enabled=use_amp):
08/12/2026 03:20:57 - INFO - __main__ - [XLM-R + Bi-LSTM] epoch 7 step 50/6750 loss=0.0493
08/12/2026 03:21:03 - INFO - __main__ - [XLM-R + Bi-LSTM] epoch 7 step 100/6750 loss=0.0507
08/12/2026 03:21:09 - INFO - __main__ - [XLM-R + Bi-LSTM] epoch 7 step 150/6750 loss=0.0431
08/12/2026 03:21:16 - INFO - __main__ - [XLM-R + Bi-LSTM] epoch 7 step 200/6750 loss=0.0407
08/12/2026 03:21:22 - INFO - __main__ - [XLM-R + Bi-LSTM] epoch 7 step 250/6750 loss=0.0377
08/12/2026 03:21:28 - INFO - __main__ - [XLM-R + Bi-LSTM] epoch 7 step 300/6750 loss=0.0457
08/12/2026 03:21:34 - INFO - __main__ - [XLM-R + Bi-LSTM] epoch 7 step 350/6750 loss=0.0608
08/12/2026 03:21:41 - INFO - __main__ - [XLM-R + Bi-LSTM] epoch 7 step 400/6750 loss=0.0551
08/12/2026 03:21:47 - INFO - __main__ - [XLM-R + Bi-LSTM] epoch 7 step 450/6750 loss=0.0478
08/12/2026 03:21:53 - INFO - __main__ - [XLM-R + Bi-LSTM] epoch 7 step 500/6750 loss=0.0583
08/12/2026 03:22:00 - INFO - __main__ - [XLM-R + Bi-LSTM] epoch 7 step 550/6750 loss=0.0571
08/12/2026 03:22:06 - INFO - __main__ - [XLM-R + Bi-LSTM] epoch 7 step 600/6750 loss=0.0592
08/12/2026 03:22:12 - INFO - __main__ - [XLM-R + Bi-LSTM] epoch 7 step 650/6750 loss=0.0517
08/12/2026 03:22:19 - INFO - __main__ - [XLM-R + Bi-LSTM] epoch 7 step 700/6750 loss=0.0512
08/12/2026 03:22:25 - INFO - __main__ - [XLM-R + Bi-LSTM] epoch 7 step 750/6750 loss=0.0407
08/12/2026 03:22:31 - INFO - __main__ - [XLM-R + Bi-LSTM] epoch 7 step 800/6750 loss=0.0409
08/12/2026 03:22:37 - INFO - __main__ - [XLM-R + Bi-LSTM] epoch 7 step 850/6750 loss=0.0714
08/12/2026 03:22:44 - INFO - __main__ - [XLM-R + Bi-LSTM] epoch 7 step 900/6750 loss=0.0596
08/12/2026 03:22:50 - INFO - __main__ - [XLM-R + Bi-LSTM] epoch 7 step 950/6750 loss=0.0343
08/12/2026 03:22:56 - INFO - __main__ - [XLM-R + Bi-LSTM] epoch 7 step 1000/6750 loss=0.0426
08/12/2026 03:23:03 - INFO - __main__ - [XLM-R + Bi-LSTM] epoch 7 step 1050/6750 loss=0.0510
08/12/2026 03:23:09 - INFO - __main__ - [XLM-R + Bi-LSTM] epoch 7 step 1100/6750 loss=0.0460
08/12/2026 03:23:15 - INFO - __main__ - [XLM-R + Bi-LSTM] epoch 7 step 1150/6750 loss=0.0511
08/12/2026 03:23:21 - INFO - __main__ - [XLM-R + Bi-LSTM] epoch 7 step 1200/6750 loss=0.0686
08/12/2026 03:23:28 - INFO - __main__ - [XLM-R + Bi-LSTM] epoch 7 step 1250/6750 loss=0.0516
08/12/2026 03:23:34 - INFO - __main__ - [XLM-R + Bi-LSTM] epoch 7 step 1300/6750 loss=0.0370
08/12/2026 03:23:40 - INFO - __main__ - [XLM-R + Bi-LSTM] epoch 7 step 1350/6750 loss=0.0443
08/12/2026 03:23:47 - INFO - __main__ - [XLM-R + Bi-LSTM] epoch 7 step 1400/6750 loss=0.0393
08/12/2026 03:23:53 - INFO - __main__ - [XLM-R + Bi-LSTM] epoch 7 step 1450/6750 loss=0.0616
08/12/2026 03:23:59 - INFO - __main__ - [XLM-R + Bi-LSTM] epoch 7 step 1500/6750 loss=0.0425
08/12/2026 03:24:06 - INFO - __main__ - [XLM-R + Bi-LSTM] epoch 7 step 1550/6750 loss=0.0427
08/12/2026 03:24:12 - INFO - __main__ - [XLM-R + Bi-LSTM] epoch 7 step 1600/6750 loss=0.0369
08/12/2026 03:24:18 - INFO - __main__ - [XLM-R + Bi-LSTM] epoch 7 step 1650/6750 loss=0.0592
08/12/2026 03:24:25 - INFO - __main__ - [XLM-R + Bi-LSTM] epoch 7 step 1700/6750 loss=0.0447
08/12/2026 03:24:31 - INFO - __main__ - [XLM-R + Bi-LSTM] epoch 7 step 1750/6750 loss=0.0519
08/12/2026 03:24:38 - INFO - __main__ - [XLM-R + Bi-LSTM] epoch 7 step 1800/6750 loss=0.0456
08/12/2026 03:24:44 - INFO - __main__ - [XLM-R + Bi-LSTM] epoch 7 step 1850/6750 loss=0.0549
08/12/2026 03:24:51 - INFO - __main__ - [XLM-R + Bi-LSTM] epoch 7 step 1900/6750 loss=0.0628
08/12/2026 03:24:57 - INFO - __main__ - [XLM-R + Bi-LSTM] epoch 7 step 1950/6750 loss=0.0650
08/12/2026 03:25:03 - INFO - __main__ - [XLM-R + Bi-LSTM] epoch 7 step 2000/6750 loss=0.0525
08/12/2026 03:25:10 - INFO - __main__ - [XLM-R + Bi-LSTM] epoch 7 step 2050/6750 loss=0.0624
08/12/2026 03:25:16 - INFO - __main__ - [XLM-R + Bi-LSTM] epoch 7 step 2100/6750 loss=0.0630
08/12/2026 03:25:22 - INFO - __main__ - [XLM-R + Bi-LSTM] epoch 7 step 2150/6750 loss=0.0330
08/12/2026 03:25:29 - INFO - __main__ - [XLM-R + Bi-LSTM] epoch 7 step 2200/6750 loss=0.0437
08/12/2026 03:25:35 - INFO - __main__ - [XLM-R + Bi-LSTM] epoch 7 step 2250/6750 loss=0.0459
08/12/2026 03:25:41 - INFO - __main__ - [XLM-R + Bi-LSTM] epoch 7 step 2300/6750 loss=0.0475
08/12/2026 03:25:48 - INFO - __main__ - [XLM-R + Bi-LSTM] epoch 7 step 2350/6750 loss=0.0399
08/12/2026 03:25:54 - INFO - __main__ - [XLM-R + Bi-LSTM] epoch 7 step 2400/6750 loss=0.0481
08/12/2026 03:26:00 - INFO - __main__ - [XLM-R + Bi-LSTM] epoch 7 step 2450/6750 loss=0.0427
08/12/2026 03:26:07 - INFO - __main__ - [XLM-R + Bi-LSTM] epoch 7 step 2500/6750 loss=0.0475
08/12/2026 03:26:13 - INFO - __main__ - [XLM-R + Bi-LSTM] epoch 7 step 2550/6750 loss=0.0565
08/12/2026 03:26:19 - INFO - __main__ - [XLM-R + Bi-LSTM] epoch 7 step 2600/6750 loss=0.0455
08/12/2026 03:26:26 - INFO - __main__ - [XLM-R + Bi-LSTM] epoch 7 step 2650/6750 loss=0.0511
08/12/2026 03:26:32 - INFO - __main__ - [XLM-R + Bi-LSTM] epoch 7 step 2700/6750 loss=0.0445
08/12/2026 03:26:38 - INFO - __main__ - [XLM-R + Bi-LSTM] epoch 7 step 2750/6750 loss=0.0755
08/12/2026 03:26:44 - INFO - __main__ - [XLM-R + Bi-LSTM] epoch 7 step 2800/6750 loss=0.0409
08/12/2026 03:26:51 - INFO - __main__ - [XLM-R + Bi-LSTM] epoch 7 step 2850/6750 loss=0.0476
08/12/2026 03:26:57 - INFO - __main__ - [XLM-R + Bi-LSTM] epoch 7 step 2900/6750 loss=0.0426
08/12/2026 03:27:03 - INFO - __main__ - [XLM-R + Bi-LSTM] epoch 7 step 2950/6750 loss=0.0565
08/12/2026 03:27:10 - INFO - __main__ - [XLM-R + Bi-LSTM] epoch 7 step 3000/6750 loss=0.0498
08/12/2026 03:27:16 - INFO - __main__ - [XLM-R + Bi-LSTM] epoch 7 step 3050/6750 loss=0.0693
08/12/2026 03:27:22 - INFO - __main__ - [XLM-R + Bi-LSTM] epoch 7 step 3100/6750 loss=0.0573
08/12/2026 03:27:29 - INFO - __main__ - [XLM-R + Bi-LSTM] epoch 7 step 3150/6750 loss=0.0438
08/12/2026 03:27:35 - INFO - __main__ - [XLM-R + Bi-LSTM] epoch 7 step 3200/6750 loss=0.0600
08/12/2026 03:27:41 - INFO - __main__ - [XLM-R + Bi-LSTM] epoch 7 step 3250/6750 loss=0.0636
08/12/2026 03:27:48 - INFO - __main__ - [XLM-R + Bi-LSTM] epoch 7 step 3300/6750 loss=0.0375
08/12/2026 03:27:54 - INFO - __main__ - [XLM-R + Bi-LSTM] epoch 7 step 3350/6750 loss=0.0451
08/12/2026 03:28:00 - INFO - __main__ - [XLM-R + Bi-LSTM] epoch 7 step 3400/6750 loss=0.0568
08/12/2026 03:28:07 - INFO - __main__ - [XLM-R + Bi-LSTM] epoch 7 step 3450/6750 loss=0.0373
08/12/2026 03:28:13 - INFO - __main__ - [XLM-R + Bi-LSTM] epoch 7 step 3500/6750 loss=0.0277
08/12/2026 03:28:19 - INFO - __main__ - [XLM-R + Bi-LSTM] epoch 7 step 3550/6750 loss=0.0534
08/12/2026 03:28:26 - INFO - __main__ - [XLM-R + Bi-LSTM] epoch 7 step 3600/6750 loss=0.0595
08/12/2026 03:28:32 - INFO - __main__ - [XLM-R + Bi-LSTM] epoch 7 step 3650/6750 loss=0.0467
08/12/2026 03:28:38 - INFO - __main__ - [XLM-R + Bi-LSTM] epoch 7 step 3700/6750 loss=0.0398
08/12/2026 03:28:45 - INFO - __main__ - [XLM-R + Bi-LSTM] epoch 7 step 3750/6750 loss=0.0545
08/12/2026 03:28:51 - INFO - __main__ - [XLM-R + Bi-LSTM] epoch 7 step 3800/6750 loss=0.0395
08/12/2026 03:28:57 - INFO - __main__ - [XLM-R + Bi-LSTM] epoch 7 step 3850/6750 loss=0.0535
08/12/2026 03:29:04 - INFO - __main__ - [XLM-R + Bi-LSTM] epoch 7 step 3900/6750 loss=0.0431
08/12/2026 03:29:10 - INFO - __main__ - [XLM-R + Bi-LSTM] epoch 7 step 3950/6750 loss=0.0569
08/12/2026 03:29:16 - INFO - __main__ - [XLM-R + Bi-LSTM] epoch 7 step 4000/6750 loss=0.0441
08/12/2026 03:29:22 - INFO - __main__ - [XLM-R + Bi-LSTM] epoch 7 step 4050/6750 loss=0.0526
08/12/2026 03:29:29 - INFO - __main__ - [XLM-R + Bi-LSTM] epoch 7 step 4100/6750 loss=0.0716
08/12/2026 03:29:35 - INFO - __main__ - [XLM-R + Bi-LSTM] epoch 7 step 4150/6750 loss=0.0560
08/12/2026 03:29:41 - INFO - __main__ - [XLM-R + Bi-LSTM] epoch 7 step 4200/6750 loss=0.0505
08/12/2026 03:29:48 - INFO - __main__ - [XLM-R + Bi-LSTM] epoch 7 step 4250/6750 loss=0.0507
08/12/2026 03:29:54 - INFO - __main__ - [XLM-R + Bi-LSTM] epoch 7 step 4300/6750 loss=0.0418
08/12/2026 03:30:00 - INFO - __main__ - [XLM-R + Bi-LSTM] epoch 7 step 4350/6750 loss=0.0356
08/12/2026 03:30:07 - INFO - __main__ - [XLM-R + Bi-LSTM] epoch 7 step 4400/6750 loss=0.0565
08/12/2026 03:30:13 - INFO - __main__ - [XLM-R + Bi-LSTM] epoch 7 step 4450/6750 loss=0.0553
08/12/2026 03:30:20 - INFO - __main__ - [XLM-R + Bi-LSTM] epoch 7 step 4500/6750 loss=0.0385
08/12/2026 03:30:26 - INFO - __main__ - [XLM-R + Bi-LSTM] epoch 7 step 4550/6750 loss=0.0425
08/12/2026 03:30:32 - INFO - __main__ - [XLM-R + Bi-LSTM] epoch 7 step 4600/6750 loss=0.0493
08/12/2026 03:30:39 - INFO - __main__ - [XLM-R + Bi-LSTM] epoch 7 step 4650/6750 loss=0.0449
08/12/2026 03:30:45 - INFO - __main__ - [XLM-R + Bi-LSTM] epoch 7 step 4700/6750 loss=0.0562
08/12/2026 03:30:51 - INFO - __main__ - [XLM-R + Bi-LSTM] epoch 7 step 4750/6750 loss=0.0608
08/12/2026 03:30:58 - INFO - __main__ - [XLM-R + Bi-LSTM] epoch 7 step 4800/6750 loss=0.0610
08/12/2026 03:31:04 - INFO - __main__ - [XLM-R + Bi-LSTM] epoch 7 step 4850/6750 loss=0.0416
08/12/2026 03:31:11 - INFO - __main__ - [XLM-R + Bi-LSTM] epoch 7 step 4900/6750 loss=0.0449
08/12/2026 03:31:17 - INFO - __main__ - [XLM-R + Bi-LSTM] epoch 7 step 4950/6750 loss=0.0320
08/12/2026 03:31:23 - INFO - __main__ - [XLM-R + Bi-LSTM] epoch 7 step 5000/6750 loss=0.0341
08/12/2026 03:31:30 - INFO - __main__ - [XLM-R + Bi-LSTM] epoch 7 step 5050/6750 loss=0.0536
08/12/2026 03:31:36 - INFO - __main__ - [XLM-R + Bi-LSTM] epoch 7 step 5100/6750 loss=0.0448
08/12/2026 03:31:42 - INFO - __main__ - [XLM-R + Bi-LSTM] epoch 7 step 5150/6750 loss=0.0452
08/12/2026 03:31:49 - INFO - __main__ - [XLM-R + Bi-LSTM] epoch 7 step 5200/6750 loss=0.0507
08/12/2026 03:31:55 - INFO - __main__ - [XLM-R + Bi-LSTM] epoch 7 step 5250/6750 loss=0.0504
08/12/2026 03:32:02 - INFO - __main__ - [XLM-R + Bi-LSTM] epoch 7 step 5300/6750 loss=0.0370
08/12/2026 03:32:08 - INFO - __main__ - [XLM-R + Bi-LSTM] epoch 7 step 5350/6750 loss=0.0553
08/12/2026 03:32:14 - INFO - __main__ - [XLM-R + Bi-LSTM] epoch 7 step 5400/6750 loss=0.0402
08/12/2026 03:32:21 - INFO - __main__ - [XLM-R + Bi-LSTM] epoch 7 step 5450/6750 loss=0.0576
08/12/2026 03:32:27 - INFO - __main__ - [XLM-R + Bi-LSTM] epoch 7 step 5500/6750 loss=0.0329
08/12/2026 03:32:33 - INFO - __main__ - [XLM-R + Bi-LSTM] epoch 7 step 5550/6750 loss=0.0695
08/12/2026 03:32:40 - INFO - __main__ - [XLM-R + Bi-LSTM] epoch 7 step 5600/6750 loss=0.0436
08/12/2026 03:32:46 - INFO - __main__ - [XLM-R + Bi-LSTM] epoch 7 step 5650/6750 loss=0.0501
08/12/2026 03:32:52 - INFO - __main__ - [XLM-R + Bi-LSTM] epoch 7 step 5700/6750 loss=0.0342
08/12/2026 03:32:59 - INFO - __main__ - [XLM-R + Bi-LSTM] epoch 7 step 5750/6750 loss=0.0634
08/12/2026 03:33:05 - INFO - __main__ - [XLM-R + Bi-LSTM] epoch 7 step 5800/6750 loss=0.0530
08/12/2026 03:33:12 - INFO - __main__ - [XLM-R + Bi-LSTM] epoch 7 step 5850/6750 loss=0.0565
08/12/2026 03:33:18 - INFO - __main__ - [XLM-R + Bi-LSTM] epoch 7 step 5900/6750 loss=0.0548
08/12/2026 03:33:24 - INFO - __main__ - [XLM-R + Bi-LSTM] epoch 7 step 5950/6750 loss=0.0515
08/12/2026 03:33:30 - INFO - __main__ - [XLM-R + Bi-LSTM] epoch 7 step 6000/6750 loss=0.0458
08/12/2026 03:33:37 - INFO - __main__ - [XLM-R + Bi-LSTM] epoch 7 step 6050/6750 loss=0.0562
08/12/2026 03:33:43 - INFO - __main__ - [XLM-R + Bi-LSTM] epoch 7 step 6100/6750 loss=0.0657
08/12/2026 03:33:49 - INFO - __main__ - [XLM-R + Bi-LSTM] epoch 7 step 6150/6750 loss=0.0522
08/12/2026 03:33:55 - INFO - __main__ - [XLM-R + Bi-LSTM] epoch 7 step 6200/6750 loss=0.0646
08/12/2026 03:34:02 - INFO - __main__ - [XLM-R + Bi-LSTM] epoch 7 step 6250/6750 loss=0.0609
08/12/2026 03:34:08 - INFO - __main__ - [XLM-R + Bi-LSTM] epoch 7 step 6300/6750 loss=0.0610
08/12/2026 03:34:14 - INFO - __main__ - [XLM-R + Bi-LSTM] epoch 7 step 6350/6750 loss=0.0438
08/12/2026 03:34:21 - INFO - __main__ - [XLM-R + Bi-LSTM] epoch 7 step 6400/6750 loss=0.0534
08/12/2026 03:34:27 - INFO - __main__ - [XLM-R + Bi-LSTM] epoch 7 step 6450/6750 loss=0.0404
08/12/2026 03:34:33 - INFO - __main__ - [XLM-R + Bi-LSTM] epoch 7 step 6500/6750 loss=0.0467
08/12/2026 03:34:39 - INFO - __main__ - [XLM-R + Bi-LSTM] epoch 7 step 6550/6750 loss=0.0468
08/12/2026 03:34:46 - INFO - __main__ - [XLM-R + Bi-LSTM] epoch 7 step 6600/6750 loss=0.0476
08/12/2026 03:34:52 - INFO - __main__ - [XLM-R + Bi-LSTM] epoch 7 step 6650/6750 loss=0.0550
08/12/2026 03:34:58 - INFO - __main__ - [XLM-R + Bi-LSTM] epoch 7 step 6700/6750 loss=0.0480
08/12/2026 03:35:05 - INFO - __main__ - [XLM-R + Bi-LSTM] epoch 7 step 6750/6750 loss=0.0651
08/12/2026 03:35:05 - INFO - __main__ - [XLM-R + Bi-LSTM] Epoch 7 xong sau 853.9s, avg_loss=0.0498
08/12/2026 03:38:44 - INFO - __main__ - [XLM-R + Bi-LSTM] Epoch 7 - Valid macro F1 = 0.5767
              precision    recall  f1-score   support

      PERIOD     0.8670    0.8805    0.8737    140169
       COMMA     0.7674    0.7346    0.7506    162056
       COLON     0.6720    0.5665    0.6147     10825
       QMARK     0.7716    0.7277    0.7490      4884
      EXCLAM     0.5429    0.1534    0.2392      2556
   SEMICOLON     0.4069    0.1631    0.2328      1944

   micro avg     0.8086    0.7842    0.7962    322434
   macro avg     0.6713    0.5376    0.5767    322434
weighted avg     0.8036    0.7842    0.7924    322434

08/12/2026 03:38:50 - INFO - __main__ - -> [XLM-R + Bi-LSTM] best checkpoint mới, macro F1 = 0.5767
/root/phopunct/baseline_plain.py:261: FutureWarning: `torch.cuda.amp.autocast(args...)` is deprecated. Please use `torch.amp.autocast('cuda', args...)` instead.
  with torch.cuda.amp.autocast(enabled=use_amp):
08/12/2026 03:38:56 - INFO - __main__ - [XLM-R + Bi-LSTM] epoch 8 step 50/6750 loss=0.0503
08/12/2026 03:39:03 - INFO - __main__ - [XLM-R + Bi-LSTM] epoch 8 step 100/6750 loss=0.0421
08/12/2026 03:39:09 - INFO - __main__ - [XLM-R + Bi-LSTM] epoch 8 step 150/6750 loss=0.0546
08/12/2026 03:39:15 - INFO - __main__ - [XLM-R + Bi-LSTM] epoch 8 step 200/6750 loss=0.0402
08/12/2026 03:39:21 - INFO - __main__ - [XLM-R + Bi-LSTM] epoch 8 step 250/6750 loss=0.0428
08/12/2026 03:39:28 - INFO - __main__ - [XLM-R + Bi-LSTM] epoch 8 step 300/6750 loss=0.0580
08/12/2026 03:39:34 - INFO - __main__ - [XLM-R + Bi-LSTM] epoch 8 step 350/6750 loss=0.0481
08/12/2026 03:39:40 - INFO - __main__ - [XLM-R + Bi-LSTM] epoch 8 step 400/6750 loss=0.0422
08/12/2026 03:39:46 - INFO - __main__ - [XLM-R + Bi-LSTM] epoch 8 step 450/6750 loss=0.0474
08/12/2026 03:39:53 - INFO - __main__ - [XLM-R + Bi-LSTM] epoch 8 step 500/6750 loss=0.0581
08/12/2026 03:39:59 - INFO - __main__ - [XLM-R + Bi-LSTM] epoch 8 step 550/6750 loss=0.0478
08/12/2026 03:40:06 - INFO - __main__ - [XLM-R + Bi-LSTM] epoch 8 step 600/6750 loss=0.0457
08/12/2026 03:40:12 - INFO - __main__ - [XLM-R + Bi-LSTM] epoch 8 step 650/6750 loss=0.0341
08/12/2026 03:40:19 - INFO - __main__ - [XLM-R + Bi-LSTM] epoch 8 step 700/6750 loss=0.0421
08/12/2026 03:40:25 - INFO - __main__ - [XLM-R + Bi-LSTM] epoch 8 step 750/6750 loss=0.0481
08/12/2026 03:40:31 - INFO - __main__ - [XLM-R + Bi-LSTM] epoch 8 step 800/6750 loss=0.0454
08/12/2026 03:40:38 - INFO - __main__ - [XLM-R + Bi-LSTM] epoch 8 step 850/6750 loss=0.0546
08/12/2026 03:40:44 - INFO - __main__ - [XLM-R + Bi-LSTM] epoch 8 step 900/6750 loss=0.0399
08/12/2026 03:40:50 - INFO - __main__ - [XLM-R + Bi-LSTM] epoch 8 step 950/6750 loss=0.0554
08/12/2026 03:40:56 - INFO - __main__ - [XLM-R + Bi-LSTM] epoch 8 step 1000/6750 loss=0.0658
08/12/2026 03:41:03 - INFO - __main__ - [XLM-R + Bi-LSTM] epoch 8 step 1050/6750 loss=0.0474
08/12/2026 03:41:09 - INFO - __main__ - [XLM-R + Bi-LSTM] epoch 8 step 1100/6750 loss=0.0449
08/12/2026 03:41:15 - INFO - __main__ - [XLM-R + Bi-LSTM] epoch 8 step 1150/6750 loss=0.0503
08/12/2026 03:41:21 - INFO - __main__ - [XLM-R + Bi-LSTM] epoch 8 step 1200/6750 loss=0.0513
08/12/2026 03:41:28 - INFO - __main__ - [XLM-R + Bi-LSTM] epoch 8 step 1250/6750 loss=0.0483
08/12/2026 03:41:34 - INFO - __main__ - [XLM-R + Bi-LSTM] epoch 8 step 1300/6750 loss=0.0426
08/12/2026 03:41:40 - INFO - __main__ - [XLM-R + Bi-LSTM] epoch 8 step 1350/6750 loss=0.0364
08/12/2026 03:41:47 - INFO - __main__ - [XLM-R + Bi-LSTM] epoch 8 step 1400/6750 loss=0.0448
08/12/2026 03:41:53 - INFO - __main__ - [XLM-R + Bi-LSTM] epoch 8 step 1450/6750 loss=0.0388
08/12/2026 03:41:59 - INFO - __main__ - [XLM-R + Bi-LSTM] epoch 8 step 1500/6750 loss=0.0461
08/12/2026 03:42:06 - INFO - __main__ - [XLM-R + Bi-LSTM] epoch 8 step 1550/6750 loss=0.0479
08/12/2026 03:42:12 - INFO - __main__ - [XLM-R + Bi-LSTM] epoch 8 step 1600/6750 loss=0.0355
08/12/2026 03:42:18 - INFO - __main__ - [XLM-R + Bi-LSTM] epoch 8 step 1650/6750 loss=0.0507
08/12/2026 03:42:25 - INFO - __main__ - [XLM-R + Bi-LSTM] epoch 8 step 1700/6750 loss=0.0386
08/12/2026 03:42:31 - INFO - __main__ - [XLM-R + Bi-LSTM] epoch 8 step 1750/6750 loss=0.0360
08/12/2026 03:42:37 - INFO - __main__ - [XLM-R + Bi-LSTM] epoch 8 step 1800/6750 loss=0.0441
08/12/2026 03:42:44 - INFO - __main__ - [XLM-R + Bi-LSTM] epoch 8 step 1850/6750 loss=0.0575
08/12/2026 03:42:50 - INFO - __main__ - [XLM-R + Bi-LSTM] epoch 8 step 1900/6750 loss=0.0439
08/12/2026 03:42:56 - INFO - __main__ - [XLM-R + Bi-LSTM] epoch 8 step 1950/6750 loss=0.0481
08/12/2026 03:43:03 - INFO - __main__ - [XLM-R + Bi-LSTM] epoch 8 step 2000/6750 loss=0.0651
08/12/2026 03:43:09 - INFO - __main__ - [XLM-R + Bi-LSTM] epoch 8 step 2050/6750 loss=0.0398
08/12/2026 03:43:15 - INFO - __main__ - [XLM-R + Bi-LSTM] epoch 8 step 2100/6750 loss=0.0412
08/12/2026 03:43:22 - INFO - __main__ - [XLM-R + Bi-LSTM] epoch 8 step 2150/6750 loss=0.0291
08/12/2026 03:43:28 - INFO - __main__ - [XLM-R + Bi-LSTM] epoch 8 step 2200/6750 loss=0.0467
08/12/2026 03:43:34 - INFO - __main__ - [XLM-R + Bi-LSTM] epoch 8 step 2250/6750 loss=0.0442
08/12/2026 03:43:41 - INFO - __main__ - [XLM-R + Bi-LSTM] epoch 8 step 2300/6750 loss=0.0413
08/12/2026 03:43:47 - INFO - __main__ - [XLM-R + Bi-LSTM] epoch 8 step 2350/6750 loss=0.0412
08/12/2026 03:43:53 - INFO - __main__ - [XLM-R + Bi-LSTM] epoch 8 step 2400/6750 loss=0.0435
08/12/2026 03:44:00 - INFO - __main__ - [XLM-R + Bi-LSTM] epoch 8 step 2450/6750 loss=0.0506
08/12/2026 03:44:06 - INFO - __main__ - [XLM-R + Bi-LSTM] epoch 8 step 2500/6750 loss=0.0405
08/12/2026 03:44:12 - INFO - __main__ - [XLM-R + Bi-LSTM] epoch 8 step 2550/6750 loss=0.0569
08/12/2026 03:44:19 - INFO - __main__ - [XLM-R + Bi-LSTM] epoch 8 step 2600/6750 loss=0.0385
08/12/2026 03:44:25 - INFO - __main__ - [XLM-R + Bi-LSTM] epoch 8 step 2650/6750 loss=0.0416
08/12/2026 03:44:31 - INFO - __main__ - [XLM-R + Bi-LSTM] epoch 8 step 2700/6750 loss=0.0436
08/12/2026 03:44:38 - INFO - __main__ - [XLM-R + Bi-LSTM] epoch 8 step 2750/6750 loss=0.0724
08/12/2026 03:44:44 - INFO - __main__ - [XLM-R + Bi-LSTM] epoch 8 step 2800/6750 loss=0.0530
08/12/2026 03:44:51 - INFO - __main__ - [XLM-R + Bi-LSTM] epoch 8 step 2850/6750 loss=0.0428
08/12/2026 03:44:57 - INFO - __main__ - [XLM-R + Bi-LSTM] epoch 8 step 2900/6750 loss=0.0547
08/12/2026 03:45:03 - INFO - __main__ - [XLM-R + Bi-LSTM] epoch 8 step 2950/6750 loss=0.0530
08/12/2026 03:45:10 - INFO - __main__ - [XLM-R + Bi-LSTM] epoch 8 step 3000/6750 loss=0.0611
08/12/2026 03:45:16 - INFO - __main__ - [XLM-R + Bi-LSTM] epoch 8 step 3050/6750 loss=0.0476
08/12/2026 03:45:22 - INFO - __main__ - [XLM-R + Bi-LSTM] epoch 8 step 3100/6750 loss=0.0485
08/12/2026 03:45:29 - INFO - __main__ - [XLM-R + Bi-LSTM] epoch 8 step 3150/6750 loss=0.0315
08/12/2026 03:45:35 - INFO - __main__ - [XLM-R + Bi-LSTM] epoch 8 step 3200/6750 loss=0.0475
08/12/2026 03:45:41 - INFO - __main__ - [XLM-R + Bi-LSTM] epoch 8 step 3250/6750 loss=0.0403
08/12/2026 03:45:48 - INFO - __main__ - [XLM-R + Bi-LSTM] epoch 8 step 3300/6750 loss=0.0427
08/12/2026 03:45:54 - INFO - __main__ - [XLM-R + Bi-LSTM] epoch 8 step 3350/6750 loss=0.0411
08/12/2026 03:46:01 - INFO - __main__ - [XLM-R + Bi-LSTM] epoch 8 step 3400/6750 loss=0.0685
08/12/2026 03:46:07 - INFO - __main__ - [XLM-R + Bi-LSTM] epoch 8 step 3450/6750 loss=0.0478
08/12/2026 03:46:13 - INFO - __main__ - [XLM-R + Bi-LSTM] epoch 8 step 3500/6750 loss=0.0490
08/12/2026 03:46:20 - INFO - __main__ - [XLM-R + Bi-LSTM] epoch 8 step 3550/6750 loss=0.0673
08/12/2026 03:46:26 - INFO - __main__ - [XLM-R + Bi-LSTM] epoch 8 step 3600/6750 loss=0.0346
08/12/2026 03:46:32 - INFO - __main__ - [XLM-R + Bi-LSTM] epoch 8 step 3650/6750 loss=0.0472
08/12/2026 03:46:39 - INFO - __main__ - [XLM-R + Bi-LSTM] epoch 8 step 3700/6750 loss=0.0506
08/12/2026 03:46:45 - INFO - __main__ - [XLM-R + Bi-LSTM] epoch 8 step 3750/6750 loss=0.0731
08/12/2026 03:46:51 - INFO - __main__ - [XLM-R + Bi-LSTM] epoch 8 step 3800/6750 loss=0.0471
08/12/2026 03:46:57 - INFO - __main__ - [XLM-R + Bi-LSTM] epoch 8 step 3850/6750 loss=0.0402
08/12/2026 03:47:04 - INFO - __main__ - [XLM-R + Bi-LSTM] epoch 8 step 3900/6750 loss=0.0388
08/12/2026 03:47:10 - INFO - __main__ - [XLM-R + Bi-LSTM] epoch 8 step 3950/6750 loss=0.0663
08/12/2026 03:47:17 - INFO - __main__ - [XLM-R + Bi-LSTM] epoch 8 step 4000/6750 loss=0.0543
08/12/2026 03:47:23 - INFO - __main__ - [XLM-R + Bi-LSTM] epoch 8 step 4050/6750 loss=0.0669
08/12/2026 03:47:29 - INFO - __main__ - [XLM-R + Bi-LSTM] epoch 8 step 4100/6750 loss=0.0563
08/12/2026 03:47:36 - INFO - __main__ - [XLM-R + Bi-LSTM] epoch 8 step 4150/6750 loss=0.0385
08/12/2026 03:47:42 - INFO - __main__ - [XLM-R + Bi-LSTM] epoch 8 step 4200/6750 loss=0.0438
08/12/2026 03:47:48 - INFO - __main__ - [XLM-R + Bi-LSTM] epoch 8 step 4250/6750 loss=0.0377
08/12/2026 03:47:55 - INFO - __main__ - [XLM-R + Bi-LSTM] epoch 8 step 4300/6750 loss=0.0433
08/12/2026 03:48:01 - INFO - __main__ - [XLM-R + Bi-LSTM] epoch 8 step 4350/6750 loss=0.0513
08/12/2026 03:48:07 - INFO - __main__ - [XLM-R + Bi-LSTM] epoch 8 step 4400/6750 loss=0.0451
08/12/2026 03:48:14 - INFO - __main__ - [XLM-R + Bi-LSTM] epoch 8 step 4450/6750 loss=0.0450
08/12/2026 03:48:20 - INFO - __main__ - [XLM-R + Bi-LSTM] epoch 8 step 4500/6750 loss=0.0555
08/12/2026 03:48:26 - INFO - __main__ - [XLM-R + Bi-LSTM] epoch 8 step 4550/6750 loss=0.0351
08/12/2026 03:48:33 - INFO - __main__ - [XLM-R + Bi-LSTM] epoch 8 step 4600/6750 loss=0.0488
08/12/2026 03:48:39 - INFO - __main__ - [XLM-R + Bi-LSTM] epoch 8 step 4650/6750 loss=0.0491
08/12/2026 03:48:45 - INFO - __main__ - [XLM-R + Bi-LSTM] epoch 8 step 4700/6750 loss=0.0719
08/12/2026 03:48:52 - INFO - __main__ - [XLM-R + Bi-LSTM] epoch 8 step 4750/6750 loss=0.0538
08/12/2026 03:48:58 - INFO - __main__ - [XLM-R + Bi-LSTM] epoch 8 step 4800/6750 loss=0.0494
08/12/2026 03:49:04 - INFO - __main__ - [XLM-R + Bi-LSTM] epoch 8 step 4850/6750 loss=0.0502
08/12/2026 03:49:10 - INFO - __main__ - [XLM-R + Bi-LSTM] epoch 8 step 4900/6750 loss=0.0535
08/12/2026 03:49:17 - INFO - __main__ - [XLM-R + Bi-LSTM] epoch 8 step 4950/6750 loss=0.0425
08/12/2026 03:49:23 - INFO - __main__ - [XLM-R + Bi-LSTM] epoch 8 step 5000/6750 loss=0.0536
08/12/2026 03:49:29 - INFO - __main__ - [XLM-R + Bi-LSTM] epoch 8 step 5050/6750 loss=0.0393
08/12/2026 03:49:36 - INFO - __main__ - [XLM-R + Bi-LSTM] epoch 8 step 5100/6750 loss=0.0432
08/12/2026 03:49:42 - INFO - __main__ - [XLM-R + Bi-LSTM] epoch 8 step 5150/6750 loss=0.0488
08/12/2026 03:49:49 - INFO - __main__ - [XLM-R + Bi-LSTM] epoch 8 step 5200/6750 loss=0.0544
08/12/2026 03:49:55 - INFO - __main__ - [XLM-R + Bi-LSTM] epoch 8 step 5250/6750 loss=0.0601
08/12/2026 03:50:01 - INFO - __main__ - [XLM-R + Bi-LSTM] epoch 8 step 5300/6750 loss=0.0404
08/12/2026 03:50:08 - INFO - __main__ - [XLM-R + Bi-LSTM] epoch 8 step 5350/6750 loss=0.0469
08/12/2026 03:50:14 - INFO - __main__ - [XLM-R + Bi-LSTM] epoch 8 step 5400/6750 loss=0.0373
08/12/2026 03:50:20 - INFO - __main__ - [XLM-R + Bi-LSTM] epoch 8 step 5450/6750 loss=0.0476
08/12/2026 03:50:26 - INFO - __main__ - [XLM-R + Bi-LSTM] epoch 8 step 5500/6750 loss=0.0400
08/12/2026 03:50:33 - INFO - __main__ - [XLM-R + Bi-LSTM] epoch 8 step 5550/6750 loss=0.0480
08/12/2026 03:50:39 - INFO - __main__ - [XLM-R + Bi-LSTM] epoch 8 step 5600/6750 loss=0.0417
08/12/2026 03:50:46 - INFO - __main__ - [XLM-R + Bi-LSTM] epoch 8 step 5650/6750 loss=0.0470
08/12/2026 03:50:52 - INFO - __main__ - [XLM-R + Bi-LSTM] epoch 8 step 5700/6750 loss=0.0619
08/12/2026 03:50:58 - INFO - __main__ - [XLM-R + Bi-LSTM] epoch 8 step 5750/6750 loss=0.0427
08/12/2026 03:51:05 - INFO - __main__ - [XLM-R + Bi-LSTM] epoch 8 step 5800/6750 loss=0.0643
08/12/2026 03:51:11 - INFO - __main__ - [XLM-R + Bi-LSTM] epoch 8 step 5850/6750 loss=0.0492
08/12/2026 03:51:17 - INFO - __main__ - [XLM-R + Bi-LSTM] epoch 8 step 5900/6750 loss=0.0250
08/12/2026 03:51:24 - INFO - __main__ - [XLM-R + Bi-LSTM] epoch 8 step 5950/6750 loss=0.0424
08/12/2026 03:51:30 - INFO - __main__ - [XLM-R + Bi-LSTM] epoch 8 step 6000/6750 loss=0.0361
08/12/2026 03:51:36 - INFO - __main__ - [XLM-R + Bi-LSTM] epoch 8 step 6050/6750 loss=0.0454
08/12/2026 03:51:43 - INFO - __main__ - [XLM-R + Bi-LSTM] epoch 8 step 6100/6750 loss=0.0314
08/12/2026 03:51:49 - INFO - __main__ - [XLM-R + Bi-LSTM] epoch 8 step 6150/6750 loss=0.0422
08/12/2026 03:51:55 - INFO - __main__ - [XLM-R + Bi-LSTM] epoch 8 step 6200/6750 loss=0.0364
08/12/2026 03:52:01 - INFO - __main__ - [XLM-R + Bi-LSTM] epoch 8 step 6250/6750 loss=0.0475
08/12/2026 03:52:08 - INFO - __main__ - [XLM-R + Bi-LSTM] epoch 8 step 6300/6750 loss=0.0727
08/12/2026 03:52:14 - INFO - __main__ - [XLM-R + Bi-LSTM] epoch 8 step 6350/6750 loss=0.0435
08/12/2026 03:52:20 - INFO - __main__ - [XLM-R + Bi-LSTM] epoch 8 step 6400/6750 loss=0.0440
08/12/2026 03:52:27 - INFO - __main__ - [XLM-R + Bi-LSTM] epoch 8 step 6450/6750 loss=0.0553
08/12/2026 03:52:33 - INFO - __main__ - [XLM-R + Bi-LSTM] epoch 8 step 6500/6750 loss=0.0388
08/12/2026 03:52:39 - INFO - __main__ - [XLM-R + Bi-LSTM] epoch 8 step 6550/6750 loss=0.0434
08/12/2026 03:52:46 - INFO - __main__ - [XLM-R + Bi-LSTM] epoch 8 step 6600/6750 loss=0.0394
08/12/2026 03:52:52 - INFO - __main__ - [XLM-R + Bi-LSTM] epoch 8 step 6650/6750 loss=0.0456
08/12/2026 03:52:58 - INFO - __main__ - [XLM-R + Bi-LSTM] epoch 8 step 6700/6750 loss=0.0424
08/12/2026 03:53:05 - INFO - __main__ - [XLM-R + Bi-LSTM] epoch 8 step 6750/6750 loss=0.0526
08/12/2026 03:53:05 - INFO - __main__ - [XLM-R + Bi-LSTM] Epoch 8 xong sau 854.3s, avg_loss=0.0472
08/12/2026 03:56:45 - INFO - __main__ - [XLM-R + Bi-LSTM] Epoch 8 - Valid macro F1 = 0.5807
              precision    recall  f1-score   support

      PERIOD     0.8627    0.8853    0.8738    140169
       COMMA     0.7642    0.7387    0.7512    162056
       COLON     0.6745    0.5623    0.6133     10825
       QMARK     0.7543    0.7394    0.7468      4884
      EXCLAM     0.5062    0.1592    0.2423      2556
   SEMICOLON     0.3660    0.1980    0.2570      1944

   micro avg     0.8043    0.7887    0.7964    322434
   macro avg     0.6546    0.5472    0.5807    322434
weighted avg     0.7994    0.7887    0.7928    322434

08/12/2026 03:56:51 - INFO - __main__ - -> [XLM-R + Bi-LSTM] best checkpoint mới, macro F1 = 0.5807
08/12/2026 03:56:51 - INFO - __main__ - [XLM-R + Bi-LSTM] Train xong. Best macro F1 = 0.5807. Checkpoint tại outputs/xlmr_bilstm_plain_news
